customer_id,customer_name,gender,age,country_id,email,phone,registration_date
1,Jennifer Perry,Male,58,45,dickersonmike@example.net,3372649624,2025-06-26
2,Raymond Giles,Male,57,34,colonkristen@example.com,477.901.0949,2025-11-11
3,Fred Reynolds,Female,43,37,craig12@example.net,+1-650-394-1094x252,2026-07-11
4,Bailey Bell,Female,31,43,fvasquez@example.com,(481)466-2282,2025-06-15
5,Ms. Amy Ingram,Female,61,4,pmontoya@example.com,240-744-2492x5225,2025-06-22
6,Ashley Ortiz,Female,25,29,steveramos@example.org,9854123794,2026-09-11
7,Kelly Phillips,Female,56,46,torresjennifer@example.net,(528)497-9072x1242,2022-08-30
8,Jill Crawford,Male,49,4,fharvey@example.org,(463)342-3565,2026-08-12
9,Amy Lin,Female,20,1,thomasamy@example.org,(918)918-8466x82104,2025-01-12
10,Russell Brady,Male,25,13,thomas45@example.net,852-366-7467,2022-12-24
11,Nathan Smith,Female,23,53,webbcarolyn@example.com,661-503-9419x162,2024-08-22
12,Claudia Gonzalez,Female,41,30,ashleyjones@example.com,745.925.5660,2023-03-08
13,Norman Wilson,Female,55,48,tiffany10@example.com,+1-637-685-7657x8092,2022-09-21
14,Kristin Nguyen,Male,53,29,conwaykelly@example.org,(894)532-2369x41881,2025-08-20
15,Tammy Coleman,Female,65,44,osaunders@example.com,+1-354-525-3428x879,2024-01-04
16,Jeanette Gonzalez,Male,36,32,christopher62@example.net,+1-470-414-3005x856,2024-11-07
17,Isaac Fields,Male,46,2,ronald66@example.com,234.907.6910x625,2026-08-19
18,Sarah Jones,Female,25,7,crystal25@example.com,9415428202,2025-01-18
19,Jose Armstrong,Female,65,53,hramos@example.com,717.543.7355,2023-01-02
20,Adrienne Powell,Female,30,12,brittany52@example.com,638-717-4224x3319,2025-05-23
21,Timothy Burns,Female,46,17,usummers@example.net,861.788.9760x99593,2022-05-28
22,Denise Steele,Male,42,23,umcknight@example.net,706.650.1890x856,2026-04-26
23,Elizabeth Rojas,Female,31,37,james86@example.net,934-964-7955x74763,2022-03-31
24,Christy Lewis,Female,31,32,moranjulie@example.com,9977155301,2022-05-10
25,Gregory Vaughn,Male,54,44,cbrowning@example.net,507-737-7791,2023-08-14
26,Joseph Cooley,Male,43,27,bryan48@example.net,001-734-385-4052,2023-03-17
27,Angel Simmons,Male,44,19,trevinodestiny@example.com,717.734.1698x52463,2022-06-29
28,Nicole Horne,Male,25,27,sanchezjessica@example.org,001-939-845-0805x3949,2021-11-24
29,Christopher Bryant,Female,24,1,wandrews@example.com,+1-904-735-0463,2022-01-27
30,Steven Burns,Female,37,13,hernandezgeorge@example.net,+1-816-216-6708x5836,2022-07-09
31,Robert Mclaughlin,Male,49,15,kimmonica@example.org,(297)640-0488,2022-03-28
32,Nathan Avery,Male,21,52,hpalmer@example.org,425.625.2588x0672,2024-08-27
33,Zachary Juarez,Female,61,26,lisa32@example.org,(459)751-6005x87028,2026-03-08
34,Alan Carter,Male,54,13,richard63@example.com,001-931-990-1151x2503,2024-01-05
35,Douglas Porter,Female,46,37,stefanieford@example.net,240.704.7947x189,2021-10-08
36,Brian Brooks,Female,21,12,sharonadams@example.org,757-247-9462x90449,2024-05-25
37,Julie Harris,Male,41,26,michael28@example.com,466-996-4135,2022-05-09
38,Christine Campbell,Male,52,2,wilkinsoncharlotte@example.org,001-799-346-5014x315,2025-11-26
39,William Freeman,Male,42,40,rhiggins@example.com,762-894-0784x6126,2024-12-10
40,Ronald Guerra,Male,45,21,mtorres@example.net,6622358608,2022-08-27
41,Emily Garcia,Female,27,51,jvelez@example.org,4069982608,2025-08-26
42,Kimberly Cummings,Male,47,40,kristincameron@example.org,+1-930-243-6860x480,2026-05-31
43,Kayla Klein,Female,51,51,anthony99@example.org,(916)837-1429,2025-12-22
44,Rachel Webb,Female,46,24,perezjennifer@example.org,544-834-3008x092,2025-03-04
45,Brent Alexander,Female,38,29,cbarron@example.org,389-875-7377,2024-09-14
46,Kristopher Williams,Male,49,44,brittany11@example.com,728.503.5848x8532,2025-05-09
47,Caitlin Carey,Male,19,48,carla67@example.net,(738)722-3845,2023-04-14
48,Chris Hall,Female,26,12,xlivingston@example.com,001-308-417-0848x3667,2026-06-05
49,Joshua Coleman,Female,22,43,derek82@example.net,(447)213-6562,2026-01-17
50,Dylan Pearson,Female,62,19,wandaherring@example.com,(796)402-4983,2025-12-05
51,Justin Peters,Female,32,38,hansondanielle@example.org,708-303-2742x9726,2025-02-11
52,Brittany Abbott,Male,19,16,andersonjohn@example.org,+1-937-590-2702x402,2024-04-06
53,Jennifer Ramos,Male,20,5,igardner@example.net,001-231-290-0208,2022-10-06
54,Barbara Sullivan,Male,58,48,georgewest@example.org,001-208-699-4708x5583,2024-06-06
55,Melinda Roy,Female,47,44,shahmichael@example.com,820.542.5848x3966,2024-05-23
56,Donna Clark,Female,54,10,fwilliams@example.org,3786685430,2025-06-01
57,Nicholas Kim,Male,65,43,timothytaylor@example.org,001-249-536-8134x557,2022-08-07
58,Jeffrey French,Male,48,35,villegasmark@example.com,424-524-0075x804,2024-03-17
59,Benjamin Chang,Male,33,31,camachojeremy@example.com,(479)526-0995,2022-10-22
60,Heidi Smith,Male,50,35,joshuawilliams@example.net,379.988.3232x7421,2023-05-24
61,Shelly Irwin,Male,25,45,christopher21@example.com,+1-894-703-9913x0468,2024-12-16
62,Beverly Watkins,Female,28,49,victoria54@example.org,(484)289-3643x4311,2024-05-06
63,Anthony Hernandez,Female,27,39,misty88@example.com,(273)774-0806x61140,2024-07-05
64,Katherine Roach,Male,43,36,robinsoncalvin@example.org,980-684-7026x3294,2025-10-11
65,Gregory Martin,Male,51,5,fcurtis@example.org,(228)310-3753x1791,2025-05-04
66,Eric Brewer,Male,43,12,ybrown@example.net,001-666-731-4633x5970,2023-12-17
67,Jason Wright,Male,23,43,kristiguzman@example.net,001-669-244-6264x19650,2026-04-01
68,Michael Peterson,Male,49,23,julia26@example.net,+1-901-730-4559x272,2024-01-09
69,Jane Morris,Male,45,48,williammoore@example.org,001-559-239-8086,2022-07-16
70,Justin Gentry,Female,47,10,lwalker@example.com,001-261-232-4410x194,2024-08-28
71,James Ortega,Female,56,29,gdavis@example.com,(331)848-3052,2025-12-27
72,Lauren Reeves,Female,65,39,ymontoya@example.org,+1-384-226-9092x38461,2023-09-07
73,Brian Bryant,Female,53,3,dominic05@example.org,437-898-3105,2024-08-15
74,Mary Jennings,Female,22,17,lorraine25@example.net,001-473-544-6917,2021-11-16
75,Misty Davis PhD,Female,53,12,howellkyle@example.com,001-342-895-7952,2023-11-12
76,Nicole Coleman,Male,34,20,jennifer65@example.org,817-563-7481x5232,2023-02-18
77,Brittany Evans,Male,40,4,srodriguez@example.org,9842032642,2022-09-25
78,Paula English,Female,34,44,kathylamb@example.com,900.801.1824x16190,2026-04-07
79,Jessica Brooks,Female,52,37,brittany04@example.net,728.252.4778,2025-05-14
80,Ariel Guerra,Male,53,21,simmonsann@example.org,371-689-8963x9848,2022-12-21
81,Joseph Bailey,Female,18,28,lcontreras@example.net,506-526-0186,2023-04-09
82,John Hubbard,Female,62,19,tiffany30@example.net,557-874-4813x538,2026-05-18
83,Mary Burns,Male,19,25,curtissutton@example.org,(747)920-1147x08280,2023-11-21
84,John Mack,Male,55,47,victoria59@example.org,(582)296-7067x151,2023-02-18
85,Robert Stephens,Male,25,7,ryanjohnson@example.com,906.669.6917,2022-02-07
86,Charles Khan,Male,62,21,peterjones@example.com,628-759-8137x00772,2023-03-12
87,Michelle Parker,Male,30,31,atkinsonamber@example.com,001-904-581-4453,2026-07-06
88,Melissa Rodriguez,Male,54,9,mary27@example.net,001-692-350-8905x837,2022-02-27
89,David Sutton,Male,35,40,gsmith@example.org,(611)713-9562,2023-01-15
90,John Willis,Female,55,33,jillthompson@example.org,+1-452-682-8785x27740,2026-08-15
91,James Booker,Female,22,34,robertwaller@example.net,(482)383-9758x96756,2026-03-12
92,Sarah Allen,Female,37,23,ispencer@example.com,385-728-0447x5337,2024-02-18
93,Christopher Russell,Male,28,18,akaufman@example.com,424-336-6836x931,2026-08-09
94,Tasha Carson,Female,19,2,xdavidson@example.com,(956)831-6521,2023-11-22
95,Cheryl White,Female,52,7,lowealexander@example.com,+1-924-429-1255x1599,2024-08-20
96,Zachary Medina,Female,51,12,dennis15@example.com,348.318.9555,2022-12-14
97,Timothy Williams,Male,50,33,hillallen@example.com,+1-472-711-2745x1943,2022-03-24
98,Jodi King,Male,25,8,elizabeth57@example.org,+1-693-700-5625x0068,2025-08-16
99,Sarah Castro,Female,60,21,walkermichele@example.net,(931)784-6672x931,2023-12-07
100,Jill Navarro,Female,19,25,pwarner@example.net,(236)667-7239,2024-02-08
101,Shaun Ingram,Male,31,30,kevinnelson@example.org,401-929-3532x5479,2022-06-05
102,Daniel Valentine,Female,44,41,ljohnson@example.net,528.367.0554x13575,2021-09-25
103,Todd Hansen,Male,24,51,rhonda70@example.net,943-937-2811x56296,2026-02-04
104,Jennifer Wagner,Female,57,33,walkergregory@example.org,(278)537-3925,2024-08-19
105,Ricky Villegas,Male,39,53,jessicamathis@example.com,358.961.1588,2022-09-24
106,Donald Moran,Male,41,20,allenkrista@example.com,366.906.0816x053,2022-06-21
107,Lynn Guzman,Male,43,30,jmartin@example.net,6038563813,2025-08-31
108,Michael Jones,Female,27,42,williamscassandra@example.org,743-215-3558,2024-09-13
109,Richard Krause PhD,Male,25,23,juliesmith@example.net,9094517697,2022-06-21
110,Brian Norton,Male,49,22,alan62@example.org,+1-839-821-5794,2025-08-13
111,Joseph Olson,Male,24,45,walkeralexander@example.net,315.908.1929x5524,2021-10-03
112,Jason Jackson,Male,26,13,nkim@example.com,916-313-7423,2023-06-25
113,William Martinez,Male,47,17,jenniferstone@example.com,+1-444-212-4152x8497,2025-04-11
114,Courtney Barker,Female,64,33,dhenderson@example.com,414.904.1191,2023-04-12
115,Nancy Alvarez,Male,21,18,zball@example.com,836-585-7364x21179,2024-11-21
116,George Carter,Female,25,48,kevinjames@example.org,(980)402-5882x24853,2024-04-01
117,Michael Oneill,Female,20,15,samantha80@example.org,727.420.6621,2023-08-07
118,Terry Calderon,Female,56,6,pmarks@example.net,(740)340-5888x0963,2023-04-02
119,Bradley Evans,Female,35,38,cynthiaaustin@example.org,715-233-9194x65908,2026-08-30
120,Jacob Stone,Female,39,10,briandixon@example.com,001-851-901-3689x7370,2023-05-15
121,Marcus Brooks,Male,18,50,jessica19@example.org,730.651.8054x4036,2025-07-25
122,Jill Herrera,Female,27,2,donald99@example.org,+1-593-445-6670x748,2024-01-30
123,Marc Haynes,Male,48,39,cynthiapowell@example.com,948.214.1355x19244,2024-03-30
124,Michelle Martinez,Male,64,36,cheryl37@example.org,406.355.1132x96254,2025-05-20
125,Brian Olson,Male,21,33,eileenturner@example.org,215.589.2352x64227,2024-11-18
126,Kevin Long,Female,18,44,fitzgeraldjennifer@example.net,859.878.8847x75791,2025-04-17
127,Meredith Patel,Female,39,43,parkerjill@example.net,735.475.3648x21919,2024-07-23
128,Terry Barker,Female,23,54,nicholassmith@example.com,788-920-0056,2025-11-10
129,Terri Baker,Female,22,44,lucasdon@example.org,350-631-5916x8323,2022-08-17
130,Tiffany Travis,Male,49,27,jonesmatthew@example.net,(602)632-6035,2022-06-29
131,Abigail Chambers,Female,43,23,silvakeith@example.net,8875599782,2026-04-24
132,Gilbert Peters,Male,45,7,angela35@example.org,587-636-3795,2024-01-23
133,Julia Chapman,Female,43,11,eevans@example.net,(527)453-3979,2024-06-28
134,Justin Sheppard,Female,31,35,morganmitchell@example.net,758.317.6667,2026-02-18
135,Courtney Clark,Male,57,46,brownphilip@example.net,535-623-8186x9300,2026-04-02
136,Christina Simpson,Female,58,23,parkerrebecca@example.org,4084706014,2025-09-12
137,Russell French,Male,33,24,egarrett@example.net,001-963-758-1547x4886,2026-01-23
138,Cindy Scott,Male,47,23,nancy51@example.com,962-617-5390x18561,2022-04-14
139,Mandy Mcdaniel,Male,40,50,zsingh@example.net,+1-283-440-7925x8148,2024-06-03
140,Richard Salazar,Male,52,53,zadams@example.com,+1-649-222-8426,2024-03-25
141,Dana Watson,Female,38,54,mromero@example.net,9569956317,2025-04-27
142,Rachel Lamb,Female,59,22,goodmanmatthew@example.org,(282)927-9710,2025-07-06
143,Brooke Holmes,Female,61,33,qrusso@example.com,(906)217-5238,2025-03-28
144,Joseph Dalton,Male,26,5,dsmith@example.com,786.933.8148x87741,2022-01-28
145,Kyle Rodriguez,Male,41,24,ldecker@example.org,(583)214-7791x77058,2025-09-01
146,Kristen Gomez,Male,37,44,pallen@example.org,001-986-594-5458x04863,2023-06-19
147,Dr. Suzanne Ford,Female,32,42,rickey68@example.net,+1-740-682-4261x947,2026-04-08
148,Stephanie Chapman,Female,55,29,aking@example.net,430.800.9711,2024-01-15
149,Patrick Webster,Male,54,50,shermankristy@example.com,556.629.3823,2024-07-19
150,Kathy Graham,Male,25,30,amylee@example.com,(693)915-4229x69370,2026-04-28
151,Michael Madden,Female,44,2,jacquelineayala@example.org,(314)836-4195,2022-06-20
152,Daniel Williams,Female,29,34,rebeccaward@example.net,(285)992-8918,2021-11-06
153,Lisa Callahan,Female,50,10,howellerica@example.net,001-757-728-2804x86972,2026-03-19
154,Holly Anderson,Male,56,29,qspence@example.com,254-480-2728x13490,2025-07-12
155,Sally Campbell,Female,63,27,katherine89@example.com,(365)651-3151x8454,2024-07-09
156,Jessica Thomas,Female,25,3,ericksonjeffrey@example.org,872.312.9286x49763,2025-05-20
157,Deborah Robles DVM,Male,46,47,cindybryant@example.net,(374)241-8660x610,2022-06-12
158,Neil Jenkins,Female,21,32,michele51@example.net,692.332.6477,2025-03-28
159,Thomas Sanchez,Female,41,13,williamsjohn@example.com,+1-591-804-1074,2023-09-06
160,Philip Wright,Male,62,10,phill@example.com,(842)875-9495x4598,2024-05-11
161,Eric Rodriguez,Female,26,10,christopherjohnson@example.net,(699)466-2338x036,2024-10-09
162,Dylan Fuller,Female,23,34,cassandra03@example.com,+1-339-309-8298,2021-10-23
163,Richard Parker,Male,29,5,tracy15@example.com,987-517-2642x4949,2023-01-01
164,Jacob Velazquez,Male,25,49,pittsmary@example.net,+1-957-687-0383x2032,2024-07-07
165,Angel Wright,Male,22,7,stacyrussell@example.com,+1-681-390-2106x120,2022-11-03
166,Benjamin Robinson,Male,30,42,justinrodriguez@example.com,001-647-407-8718x53629,2024-09-11
167,Garrett White,Female,42,16,kylehall@example.com,+1-479-633-0675x8360,2025-04-12
168,Kimberly Flynn,Female,52,13,alex26@example.org,462.585.0787x8206,2023-10-06
169,Gina Taylor,Female,18,29,merickson@example.org,674.817.2943x27341,2026-01-22
170,Matthew Martinez,Male,44,36,zyoder@example.org,(646)596-6533x007,2022-02-27
171,Rodney Walters,Male,64,1,owilson@example.org,001-637-863-4652x88415,2022-12-01
172,Terry Schmitt,Male,45,15,rosepamela@example.org,621.731.0941,2024-09-20
173,Andrew Flowers,Female,57,3,thomaskevin@example.com,+1-486-264-3389x93116,2022-07-12
174,Jordan White,Male,52,12,sarah47@example.net,869.516.1888x947,2023-10-23
175,Zachary Castillo,Female,40,38,hugheschristopher@example.org,719-736-5745x86991,2025-08-30
176,Caitlin Sanchez,Male,49,13,dominguezjames@example.com,407-785-2177,2024-08-16
177,Crystal Perry,Male,54,43,kimberly31@example.org,(505)412-8494,2024-06-15
178,Margaret Cameron,Female,43,48,abigail91@example.net,(920)215-4542x7696,2023-03-19
179,Dale Briggs,Male,53,17,renee13@example.org,483-761-4818,2021-11-09
180,Shaun Rodriguez,Female,52,34,tylerjacobs@example.org,8762804495,2022-02-17
181,Michael Pollard,Male,37,22,owilliamson@example.net,+1-994-541-8252x57770,2023-08-20
182,Glenn Baldwin,Female,31,25,clarkrobert@example.net,+1-628-342-8486x5707,2025-02-02
183,Lauren Gregory,Male,25,45,abray@example.com,(352)687-5981x233,2026-03-23
184,Glenn Steele,Male,34,5,freemanmichael@example.org,394.612.6735,2023-10-06
185,Jose Johnson,Male,62,52,jennifer15@example.org,430-877-1767x266,2022-04-20
186,Amber Oconnell DDS,Female,62,12,juanberg@example.com,001-953-791-1584x213,2022-07-20
187,Katie Poole,Male,40,54,andersonnicole@example.net,776-582-1143,2024-10-16
188,John Wells,Male,35,44,fpatterson@example.com,8816771624,2026-05-11
189,Dr. Matthew Wilkerson,Male,18,11,michaeljohnson@example.org,001-963-745-5760x2549,2024-08-28
190,Christine Howell,Male,21,29,efriedman@example.org,+1-554-570-9883,2024-06-05
191,Evan Sanchez,Female,41,24,lholloway@example.org,(910)754-0931x284,2021-11-12
192,Jenna Johnson,Female,58,36,davidmiller@example.com,5763474341,2023-09-15
193,Albert Jones,Male,56,14,underwoodjohnny@example.org,466-693-8249x6393,2023-08-14
194,Michael Cantu,Female,39,35,charles37@example.org,(885)618-6121,2026-01-13
195,Michael Fuller,Female,58,53,gerald81@example.net,528-779-7734,2023-03-14
196,Robert Gibson,Female,47,51,gina69@example.net,001-259-648-1119,2023-08-03
197,Heidi Johnson,Female,34,52,robert60@example.com,001-224-518-0028,2025-11-12
198,Elizabeth Nicholson,Female,50,41,hollyscott@example.com,001-832-956-0311x68271,2023-06-24
199,Brenda Newman,Male,43,40,zschultz@example.net,441.250.1396,2024-08-19
200,John Hall,Male,41,23,aking@example.com,+1-635-695-9694,2025-09-14
201,Robyn Hill,Female,60,12,jmiller@example.net,5175321754,2024-09-27
202,David Henry,Female,61,15,dawsoncarolyn@example.net,632-832-8083x62265,2021-12-09
203,Catherine Cunningham,Female,49,21,jonestimothy@example.net,319-961-7282,2025-03-20
204,Lori Murphy,Male,44,49,jacobthomas@example.com,713-802-1672x3853,2026-06-25
205,Eric Cunningham,Female,61,47,meghan61@example.com,461-652-1009x987,2024-06-27
206,Manuel Torres,Female,43,7,simonlisa@example.net,671.327.2394x0169,2022-02-21
207,Michelle Hughes,Female,18,17,mercedes23@example.com,702-373-2759,2026-06-09
208,Michele Smith,Male,20,43,amy53@example.net,+1-725-287-4491x9949,2022-03-16
209,Leslie Campbell,Male,47,37,anthonyhunt@example.net,408.927.4688x618,2024-10-12
210,Tony Garcia,Male,48,46,jacksonmichael@example.com,8836635974,2024-04-04
211,William Oconnor,Male,38,19,yevans@example.com,+1-832-955-1539x764,2022-06-26
212,Mitchell Shaffer,Female,33,13,pgarcia@example.net,(290)233-6633,2024-07-06
213,Renee Hunt,Female,64,37,jason83@example.net,2229969914,2022-01-04
214,Terry Matthews,Female,58,5,danny32@example.com,500.723.2241,2025-10-29
215,Michelle Harper,Male,29,18,mcastro@example.org,+1-627-540-1009x51603,2023-09-21
216,Toni Watson,Male,43,21,christopher74@example.net,(801)617-4307,2021-12-18
217,Jonathan Vasquez,Female,59,45,joshua33@example.org,(823)700-6969x59197,2024-09-06
218,Brenda Freeman,Male,27,3,dudleyjennifer@example.net,474.958.2388x480,2025-01-18
219,Donald Webb,Female,43,35,ksmith@example.net,2717568024,2022-02-13
220,Anne Palmer,Male,54,36,rebeccapierce@example.net,+1-632-870-3518,2024-03-10
221,Ryan Hodges,Female,20,33,emmataylor@example.com,(622)834-7075,2023-07-15
222,Cody Davis,Female,54,26,johncarlson@example.org,+1-438-843-4035x49677,2026-04-13
223,Sandra Brown,Male,64,20,harriscorey@example.com,(275)456-2134x177,2023-03-07
224,James Berg,Female,30,13,zacharyhogan@example.net,+1-350-646-4741x04073,2022-01-30
225,Anna Villanueva,Female,40,54,palmerkurt@example.com,406.479.6707,2023-08-23
226,Bryan Cross,Male,29,32,megan21@example.com,643-633-4771x146,2025-02-02
227,Michael Macias,Female,61,50,jacksonlaura@example.org,216-663-2401x24921,2025-07-01
228,Kimberly Downs,Male,59,41,billy36@example.org,001-311-949-5256,2023-03-22
229,Christopher Holmes,Female,19,24,nicolelopez@example.net,386-210-9260x30489,2022-06-20
230,Danielle Austin,Male,58,21,samuel22@example.org,+1-742-945-1871x7986,2026-06-27
231,Patrick Dennis,Female,56,45,cuevasangela@example.net,+1-301-324-6623x482,2024-01-20
232,Michelle Murphy,Male,48,23,michael74@example.org,455.442.1264,2022-07-03
233,Justin Butler,Male,39,37,johnwright@example.net,(777)625-2161,2023-12-07
234,James Ward,Male,46,10,mallorybeck@example.net,(332)563-9607,2026-02-24
235,Brittany Powell,Male,64,22,coryramos@example.com,253.233.1216x7016,2026-01-16
236,Daniel Nunez,Female,53,25,jessicahowell@example.net,491-225-4670x7109,2023-01-24
237,Jordan Le,Female,38,5,moodyjeffrey@example.org,+1-571-262-8855,2026-03-20
238,Kristen Dixon,Male,41,50,gchan@example.com,001-438-960-7086,2026-08-04
239,Adam Callahan,Male,39,43,megananderson@example.net,806-779-8036x079,2024-01-13
240,Debra Jackson,Female,50,54,millerdana@example.net,212-793-1611x6300,2023-09-08
241,Ryan Pope,Male,37,3,ryanoneal@example.com,633-734-6677x5140,2023-04-27
242,Misty Harrison,Female,43,33,mark92@example.net,(347)362-2852x2683,2026-08-17
243,Kimberly Moore,Male,38,25,robert31@example.com,422.336.1353x4974,2022-06-03
244,Mr. Isaac Lamb,Male,54,22,porterwilliam@example.com,(225)805-0736,2023-03-08
245,Kelly Hodge,Male,65,40,lesliejohnson@example.com,(854)796-1608x096,2022-08-20
246,Darius Walker,Female,33,51,katie29@example.net,990.779.5237,2024-09-12
247,Mrs. Rebecca Rangel DVM,Female,22,46,turnerashley@example.com,893-465-8259x88013,2023-01-14
248,Jeremy Johnson,Male,20,40,alexbowen@example.org,951.516.0587,2022-10-04
249,Renee Tapia,Female,18,38,bautistamary@example.com,597-291-3344,2024-02-10
250,Nicole Bell,Female,45,40,ellisomar@example.net,245-976-7858x91961,2024-10-26
251,Laura Gonzalez,Male,45,30,meghan43@example.org,3919368806,2026-04-06
252,Joshua Morris,Male,28,17,tyler12@example.com,757.733.0637x01953,2025-04-28
253,Cindy Murphy,Female,29,3,qvargas@example.net,(242)396-6313x3874,2022-03-11
254,Daryl Gonzalez,Male,36,42,acostarichard@example.org,001-554-505-5454x8507,2024-03-24
255,Kenneth Lopez,Female,56,33,colin51@example.net,001-532-779-5359x754,2025-05-25
256,Christopher Jackson,Male,23,41,ajones@example.com,655.237.4973x483,2024-08-15
257,Kelly Barajas,Female,48,10,uharvey@example.net,(987)742-9495x8135,2026-07-16
258,Gary Dixon,Male,39,45,gabrielmendoza@example.org,+1-365-762-6792x26719,2025-10-17
259,Michael Richardson,Female,46,26,wongalexander@example.net,(429)209-3604x846,2023-08-15
260,Daniel Garza,Female,59,11,qlarsen@example.org,+1-432-824-5402x147,2023-02-14
261,Jessica Chase,Female,54,40,wking@example.net,367.903.0907x60485,2024-06-29
262,Alexis Lee,Female,28,14,nicholasschroeder@example.net,(275)831-0094x3999,2023-09-21
263,James Hodges,Male,37,40,john71@example.net,+1-236-237-8636x5209,2022-06-20
264,Lauren Thompson,Female,33,12,zmassey@example.org,+1-807-648-8846,2025-09-06
265,William Wilson,Female,27,7,sarahmacias@example.org,382.303.5564x3075,2024-08-23
266,Sue Burns,Female,65,45,shelley00@example.net,001-833-245-2844x642,2021-12-28
267,Mr. Carl Garcia,Male,64,35,wdavenport@example.org,914.784.4762x6996,2026-08-28
268,Jasmine Carroll,Male,40,11,sanfordwendy@example.com,(284)403-5418,2025-07-21
269,Amy Munoz,Female,33,27,fross@example.org,+1-707-458-8400x9789,2022-07-20
270,Austin Johnson,Male,42,25,xblack@example.org,(793)824-7953,2026-09-10
271,Andrew Knight,Male,62,3,michelelogan@example.com,+1-508-759-6900x27725,2023-01-01
272,James Howell,Male,23,47,zlawrence@example.org,+1-384-541-5769x2878,2023-08-12
273,Joseph Pierce,Female,25,38,crystaljohnson@example.org,884-203-4326x9408,2026-08-19
274,Robert Williams,Female,48,8,vjohnson@example.org,(439)588-3054x12582,2023-08-06
275,Timothy Bean,Female,29,32,joshuafuller@example.com,001-337-537-4871,2026-09-07
276,Katherine Jensen,Female,53,9,ramseymary@example.net,001-468-800-8487x00325,2021-12-24
277,Brandon Fernandez,Male,18,12,diane22@example.com,256.612.9260,2024-02-12
278,Brianna Coleman,Female,51,39,patricknelson@example.com,827.248.9116x7214,2021-10-11
279,Jenna Miller,Male,24,10,ryancrosby@example.net,(620)826-9593,2025-10-24
280,Lisa Lopez,Female,25,16,haleyrojas@example.net,4847637299,2023-01-21
281,Christine Knight,Female,27,44,framos@example.org,364.332.6940x216,2026-01-27
282,Sandra Dunn,Female,33,51,elizabethcarr@example.net,968.664.0518x6693,2026-02-16
283,Scott Harris,Male,47,38,eanderson@example.com,+1-313-254-7658,2022-09-05
284,Nicholas Ross,Male,46,32,joanne00@example.org,300-753-3051x070,2021-09-16
285,Kenneth Davis,Female,42,53,sean67@example.org,811-202-7066x1644,2026-03-24
286,Christopher Gamble,Female,50,16,freemanlisa@example.net,001-428-321-9777x138,2025-08-21
287,Anthony Gardner,Female,63,6,patriciamooney@example.com,924.326.9368x2088,2026-05-18
288,David Lloyd,Female,27,48,uhawkins@example.com,981-897-6559,2025-09-14
289,Lisa Stafford,Female,46,47,summer36@example.com,(746)339-1421x85761,2024-01-12
290,Natalie Jenkins,Female,53,22,houstonstacy@example.net,+1-362-685-4698x703,2025-11-12
291,Robert Blackburn,Female,38,47,nsullivan@example.org,(513)618-6780x454,2026-05-22
292,Hannah Morgan,Female,49,52,hernandezjoe@example.org,539-449-3047x89681,2022-06-08
293,Adam Matthews,Male,43,35,farrellbeth@example.com,6852048037,2024-04-04
294,Tony Adams,Female,58,33,andreasmith@example.org,556-825-8341x7171,2022-11-21
295,Sandra Long,Male,39,30,amanda72@example.com,+1-643-697-2498x6863,2023-02-28
296,Denise Whitehead,Female,35,43,lisa11@example.org,001-931-297-1349x696,2026-06-14
297,Alicia Lam,Female,23,38,rileylaura@example.net,319.970.1368x28431,2023-04-19
298,Keith Spencer,Female,63,26,scox@example.net,001-350-298-5055,2023-07-24
299,Andrea Flores,Male,65,47,arogers@example.org,(889)211-5709x02908,2022-08-07
300,James King,Male,52,15,colson@example.com,001-447-870-8725x2989,2023-02-28
301,Michael Valdez,Male,31,9,duane31@example.com,001-986-799-2040x358,2026-07-04
302,Patricia Burke,Female,51,51,ybarnes@example.com,(391)771-6626,2024-06-10
303,Melissa Murphy,Female,29,49,milleranthony@example.com,001-614-702-1136x65891,2024-06-13
304,Meghan Evans,Female,25,10,stephendalton@example.net,(942)572-1332,2026-04-14
305,Elizabeth Jones,Male,58,51,rmurphy@example.net,(724)800-1172,2024-12-01
306,Karen Wilson,Male,40,50,wbarnes@example.net,001-405-368-3558x296,2024-05-28
307,Steven Lee,Male,65,3,sarahclements@example.com,600.595.3631,2025-07-18
308,Mark Perez,Female,44,3,christina27@example.org,(765)549-2570x6531,2026-09-05
309,Richard Snow,Female,47,49,sarajohnson@example.org,001-508-609-2550x72507,2023-05-06
310,April Crawford,Male,50,41,rachelhernandez@example.net,001-264-745-2888x327,2025-05-21
311,Rachel Phillips,Male,19,21,christopher66@example.net,(427)787-3075,2024-08-26
312,Ryan Rowland,Female,34,26,joshua22@example.net,784.867.5625x937,2026-02-19
313,Jeffrey Hernandez,Female,26,9,kevin38@example.com,(916)814-9804x729,2023-06-30
314,Brandon Hudson,Male,50,52,joefoster@example.net,533.983.0680x45335,2024-11-05
315,Marcus Frazier DDS,Male,23,52,jenkinslaura@example.org,001-437-647-7184x13978,2024-11-20
316,Scott Hendricks,Male,30,33,sharon17@example.org,4437646602,2025-09-27
317,Luis Walker,Female,19,24,saragay@example.org,337.437.9945x67925,2024-03-11
318,Michael Le,Female,57,47,carly56@example.org,753-278-6431x9909,2022-09-19
319,Mallory Mitchell,Male,35,34,pamelayoung@example.org,741.339.0951,2023-11-20
320,Nancy Alvarez,Female,40,11,skane@example.org,001-579-494-4846x7944,2023-03-22
321,Maureen Duncan,Female,24,1,briana51@example.com,+1-634-989-4326x56559,2026-05-29
322,Marissa Horton,Male,59,46,kprice@example.net,+1-915-872-4162x686,2024-07-07
323,Jeffrey Green,Male,55,45,danielmullins@example.org,001-504-354-4446x0685,2025-06-09
324,Danny Park,Female,44,19,uwhite@example.org,625.861.8747x0597,2023-08-04
325,Mary Landry,Female,22,12,zreyes@example.org,001-225-867-7366x538,2024-03-15
326,Jonathan Kelley,Female,28,8,salinaschristine@example.net,605.778.5244x6261,2021-12-25
327,Adam Stuart,Female,43,18,jessicagarcia@example.net,2769469775,2022-09-26
328,Carla Jones,Female,25,44,jasonsmith@example.com,782-935-4397,2023-09-01
329,Mrs. Jamie Sanchez,Female,28,6,anixon@example.com,757-494-9715x450,2023-07-10
330,Christopher Winters,Male,56,51,gonzalezstuart@example.org,+1-285-834-5946x243,2021-12-04
331,Stephanie Stone,Female,36,35,drosario@example.com,(820)650-2305x14709,2026-04-04
332,Christopher Roberts,Male,52,54,nicolemendez@example.org,8738157309,2024-08-16
333,Jennifer Shields,Male,61,20,sbrooks@example.com,902-513-1616,2025-02-28
334,Tara Calderon,Male,62,29,sandra15@example.org,+1-290-870-8983,2024-03-30
335,Gregory Vasquez,Female,30,10,dwebb@example.org,980-420-8020x6570,2025-06-27
336,Mark Green,Male,58,21,jwilcox@example.com,612.377.2794,2024-08-21
337,Joseph Bush,Female,36,52,reginaldandrews@example.com,+1-302-623-1694x91541,2024-06-30
338,Isaiah Henderson,Female,24,15,georgefoster@example.com,+1-508-334-9828x85205,2025-05-31
339,Michael Barnes,Male,65,36,tellis@example.net,(960)696-6404x37775,2023-01-17
340,Paul Hill,Male,26,37,eromero@example.org,001-247-581-0199x039,2026-08-21
341,Greg Rogers,Male,62,51,chriskelly@example.net,568.567.6210x602,2022-12-13
342,Valerie Ramos,Female,27,49,carlblanchard@example.org,560-964-7832x53360,2023-11-23
343,Darren Rubio,Male,58,33,taylormichael@example.org,001-725-871-6303x83925,2026-01-11
344,Mrs. Nicole Wilson,Male,38,30,kmclean@example.org,379.758.3079x25206,2025-01-17
345,Maria Miller,Female,40,24,haledanielle@example.com,222-530-0762x21122,2022-03-02
346,Carrie Gibson,Male,44,21,crusso@example.com,001-642-693-7741x89795,2023-04-26
347,Caitlin Clayton,Female,23,34,andrew85@example.org,(402)371-3974,2023-12-10
348,Diane Crawford,Female,54,41,heather81@example.com,+1-610-996-6656,2026-09-08
349,Carl Oconnell,Male,48,43,lucasgriffin@example.org,464-894-2472,2025-01-29
350,Robin Wright,Female,26,42,nfoster@example.net,299-667-8259x6485,2026-01-22
351,Matthew Fuller,Female,45,20,wallerjeffrey@example.com,889-366-1385x894,2026-04-18
352,Zachary Brock,Male,60,18,wwilson@example.com,(661)979-4151x2190,2024-12-01
353,Nicholas Santos,Female,56,23,wellssandra@example.com,001-706-205-1001,2024-07-29
354,Christopher Palmer,Male,19,37,browndaniel@example.com,964-499-4097x6877,2023-10-21
355,Virginia Foster,Male,34,12,marcuslamb@example.com,001-462-801-9731x488,2023-05-17
356,Carolyn Mcbride,Male,28,40,cdavis@example.org,3309961212,2024-03-08
357,Willie Werner,Male,65,5,ginamclaughlin@example.com,001-536-369-0547x3760,2023-09-16
358,Lisa Bowman,Female,53,28,jack04@example.com,(810)655-7336x9579,2025-06-04
359,Timothy Pace,Male,58,30,ian68@example.net,(590)689-6167,2026-07-12
360,Katie Lawson,Male,50,40,thompsonjoseph@example.net,(731)880-2528x2961,2023-07-30
361,Tyler Jones,Female,21,21,carrleslie@example.org,+1-450-632-9477x00892,2022-09-25
362,Casey Potter,Female,36,16,kristenmendoza@example.net,811.887.9993x8180,2025-06-26
363,George Barnes,Male,49,15,tpowell@example.net,001-933-459-9448x4704,2024-03-22
364,Sherri Lewis,Male,53,18,tracie45@example.net,(226)945-3767x713,2022-06-06
365,Timothy Murray,Male,27,26,klyons@example.org,907-783-4082x531,2024-03-20
366,Kimberly Murphy,Male,36,7,lynchjulie@example.org,972.366.0273x1127,2022-05-10
367,Victoria Neal,Male,26,40,smarquez@example.net,475.511.2154x9356,2023-07-07
368,Thomas Jones,Female,60,26,mckaynancy@example.com,969-789-1678x8660,2025-07-21
369,Dennis Dunn,Female,51,1,james70@example.org,+1-202-898-2351x741,2024-05-19
370,Jade Scott,Male,41,54,ericafisher@example.com,(238)699-0988x6201,2024-04-27
371,William Terry,Male,60,13,nhawkins@example.com,+1-885-849-7719,2026-02-18
372,Rebecca Lowe,Male,38,21,stephaniewillis@example.net,(309)428-5518,2022-04-17
373,Tracy Mcdaniel,Male,33,27,melissafowler@example.net,(544)651-4445,2024-03-21
374,Ryan Payne,Female,57,53,fordmichael@example.org,001-513-392-7375,2023-03-14
375,Tyler Contreras,Female,25,1,nelsonkaitlin@example.com,(653)620-9246,2024-07-14
376,Javier Mckenzie,Female,42,51,christopher65@example.org,(652)370-3988x370,2026-01-26
377,Patricia Blackburn,Male,63,27,deborahburns@example.com,997-280-0231x83350,2023-11-11
378,Kristen Fowler,Male,41,34,jhayes@example.com,735.428.7079x170,2024-11-17
379,Erika Copeland,Male,59,13,bhenry@example.net,(440)546-3779x0216,2024-04-17
380,Julie Benjamin,Male,28,39,dwu@example.com,365-629-1462x97703,2025-07-27
381,Michael King,Female,61,21,josephpennington@example.net,413.585.1375,2021-12-29
382,Elizabeth Rodriguez,Male,51,32,emiller@example.net,997.619.2966,2023-01-24
383,Jessica Peterson,Male,63,43,bakercatherine@example.com,+1-240-421-8930x36975,2024-06-22
384,Nicholas Wallace,Male,62,50,stevensonjoyce@example.org,204-401-3818x020,2025-12-10
385,Kathleen Vaughn,Male,38,38,jasminezhang@example.net,+1-468-717-1975x684,2026-07-31
386,Candace Maldonado,Male,25,12,phuang@example.com,+1-452-912-2482x006,2023-04-08
387,Natasha Jacobs,Female,39,47,nbaldwin@example.net,+1-930-408-2352x8316,2024-03-09
388,Gregory Sims,Male,47,46,emily26@example.net,(309)463-3860,2023-10-08
389,Michael Adams,Female,24,27,paul20@example.org,897-750-6467x947,2022-07-16
390,Destiny Jimenez,Male,47,2,gwalker@example.net,2052016535,2023-05-26
391,Pamela Franklin,Male,36,36,arroyoalexandra@example.net,001-338-342-6045x32509,2021-12-25
392,Kenneth Ramirez,Male,33,30,nelsonsamuel@example.com,001-269-259-7858x667,2026-05-30
393,Wanda Mahoney,Female,30,3,eric56@example.com,(854)945-0337,2024-02-17
394,Robert Jacobs,Female,63,31,evansdiana@example.com,(637)547-8014,2023-11-03
395,Jessica Aguilar,Female,59,17,hallangela@example.org,686-856-6655,2023-03-27
396,Daniel Sanchez,Female,59,35,adamsjason@example.com,+1-513-883-5278x823,2024-08-01
397,Amber Hickman,Male,34,36,jeanetteschultz@example.com,267-871-7810,2022-02-22
398,Samuel Riley,Female,63,52,jamesjane@example.net,001-330-675-6480x23928,2026-08-05
399,David Webb,Female,22,22,alexisfoster@example.net,4524897561,2023-05-23
400,Noah Walton,Male,43,39,donna30@example.org,700.379.7880,2023-06-09
401,Jonathon Smith,Female,54,3,omar30@example.net,+1-645-375-8955x307,2023-05-09
402,Molly Alexander,Male,28,50,montgomeryabigail@example.net,+1-331-880-2486x271,2026-01-30
403,James Erickson,Female,65,31,hernandezanthony@example.org,001-270-683-2073x2113,2024-05-04
404,Hannah Byrd,Male,22,28,wesley20@example.net,(714)390-4819x75579,2024-05-07
405,Brittany Mueller,Male,39,18,fordmarie@example.com,(326)783-5027,2024-05-10
406,Misty Day,Male,61,12,bradleysteele@example.org,+1-424-466-7071x597,2022-02-18
407,Brian Pitts,Female,28,16,vanessahatfield@example.net,(542)945-2351,2023-12-19
408,Sierra Morgan,Female,53,37,brenda85@example.org,(693)423-5815,2025-05-25
409,Rachel Collins,Male,64,27,thoward@example.net,(519)865-3896x124,2026-07-30
410,Cheryl Tucker,Female,54,13,fostermichelle@example.org,335.784.1451,2024-09-10
411,Michael Warner,Female,20,33,joseph32@example.net,001-606-917-2589x51313,2024-12-17
412,Stanley Jensen,Male,64,51,hansenmegan@example.org,401.737.9273x5213,2024-10-20
413,Chelsea Oneal,Female,19,1,vegajoseph@example.net,001-652-637-3106x8798,2026-08-04
414,Bruce Flores,Female,54,38,lisajohnson@example.com,001-904-675-3725,2024-04-17
415,Haley Hansen,Male,30,14,catherine92@example.com,(777)227-7604x72465,2022-11-05
416,Daniel Hammond,Male,64,1,feliciahaynes@example.net,464.916.6658x64407,2022-07-15
417,Michelle Green,Male,40,22,robert56@example.com,337.559.6341,2024-08-16
418,Robert Harris,Female,42,13,terrance94@example.com,001-301-858-6010,2025-01-21
419,Susan Gray,Female,52,3,wmurray@example.com,922.597.3184x600,2026-04-18
420,John Diaz,Female,39,17,francesdavis@example.org,+1-438-556-9215x31700,2024-05-01
421,Stephen Herrera,Male,34,30,alanhopkins@example.org,585.430.4255x3476,2026-02-17
422,David Dean,Male,59,12,hartjoyce@example.com,(963)315-2669x96118,2024-10-27
423,Patricia Smith,Male,35,52,adamsjanet@example.org,+1-384-661-3558x7907,2023-10-14
424,Maria Butler,Male,59,37,jeremycox@example.org,001-953-883-6971,2025-10-31
425,Brian Williams DDS,Male,19,43,thomas46@example.net,805.710.5066,2022-01-04
426,Justin Adams,Female,48,54,jacqueline85@example.com,3356051160,2022-12-23
427,Andrea Phelps,Male,30,5,brittanysmith@example.org,(971)814-8859,2022-09-27
428,Maria Ballard,Female,60,39,jwilliams@example.net,479.988.3871x12051,2026-03-26
429,Keith Buchanan II,Male,65,36,jackie15@example.com,416.608.3405,2022-06-14
430,Linda Singh,Male,64,4,lopezteresa@example.com,460-920-8239,2026-05-18
431,Angela Taylor,Female,35,8,jasonabbott@example.com,(525)624-5281,2022-02-02
432,Maria Frank,Male,33,16,courtneynash@example.net,(710)540-2777x44065,2025-11-13
433,John Soto,Female,34,18,emejia@example.com,+1-788-465-2561x33540,2022-03-31
434,Jerry Alvarado,Female,19,31,perezheather@example.com,001-461-685-0423x808,2026-04-14
435,Amy Wiggins,Male,60,53,taylorjon@example.com,867.422.1620x725,2024-05-10
436,Jason Young,Male,20,14,powerschristina@example.com,(425)815-9211,2026-02-09
437,Kimberly Vaughn,Male,18,4,wucharlotte@example.org,001-813-904-3536,2023-06-11
438,Monica Best,Male,65,43,dgreen@example.com,(822)824-8364x3287,2025-02-10
439,Carolyn Miller,Male,44,46,jennifer38@example.net,660.530.3728x534,2022-06-27
440,Theresa Wilson,Male,53,15,rhurst@example.org,(877)607-5810,2022-06-02
441,Bridget Wheeler,Female,30,25,morenoandrew@example.org,719.520.5422x4752,2024-03-09
442,Paula Paul,Female,45,47,jonathan25@example.com,3708525813,2022-08-28
443,Natalie Leon,Male,24,42,smithcharles@example.net,(741)574-7909,2023-12-02
444,Christine Jones,Female,27,12,robert34@example.org,001-765-540-8812x845,2023-01-20
445,Joyce Butler,Female,41,18,larsonjeremy@example.net,736-843-2459,2025-08-08
446,Kristen Walker,Female,28,48,sarah18@example.org,001-571-458-1288,2026-04-30
447,Alexander Reed,Male,40,25,james17@example.net,6245512227,2022-10-15
448,Gina Brown,Female,40,45,salassandra@example.org,+1-943-305-7752x52497,2023-03-20
449,Glenda Thompson,Female,28,13,bclark@example.net,3113026382,2023-09-28
450,Tracey Knox,Female,26,40,ldeleon@example.org,713.443.6502x890,2025-08-03
451,Alan Burnett,Female,63,49,qhansen@example.com,(276)677-0936x81460,2024-07-22
452,Teresa Jackson,Male,53,35,adamsbrett@example.com,(678)544-9344x53446,2024-11-22
453,Timothy Mcfarland,Male,40,43,hudsonmelissa@example.net,(411)682-4928x695,2025-05-04
454,Eric Norris,Female,61,12,victorfleming@example.org,(555)251-5925,2026-02-27
455,Cassandra Garcia,Male,39,15,jeffreyjones@example.org,593-389-3785x237,2022-03-30
456,Shelly Clark,Female,61,28,leroy32@example.com,001-501-401-2311x8519,2022-04-13
457,Denise Hart,Female,52,44,hawkinswhitney@example.com,+1-228-722-3364x6329,2021-10-26
458,Daniel Rios,Male,38,6,hudsonrenee@example.org,+1-361-305-2380x54275,2025-01-04
459,Lisa Carlson,Male,62,32,zmassey@example.com,622-788-5641x95986,2023-08-02
460,Cheryl Barnes,Male,40,8,bnewton@example.net,+1-677-400-0166x282,2021-12-19
461,Sean Martin,Male,33,48,bradleywright@example.org,001-406-798-1406x4541,2024-12-25
462,Michael Baker,Female,44,29,rgilmore@example.com,+1-331-868-8048x7357,2024-10-29
463,Pamela Davila,Male,52,12,cindyhernandez@example.net,001-912-737-8668x37487,2021-09-29
464,Mr. Jonathan Hopkins,Male,56,47,ochandler@example.net,001-550-683-9284,2022-01-01
465,Shelly Kim,Male,57,14,sfowler@example.net,7265616837,2024-11-02
466,Tonya Thompson,Female,55,33,mckenziechristopher@example.net,546.640.3632,2025-01-09
467,Charles Spencer,Male,48,14,alexahartman@example.net,776-909-0915,2023-07-15
468,Erin Moore,Female,63,41,chadmatthews@example.org,(466)496-0217x1127,2025-08-07
469,Kristy Rodriguez,Female,41,11,bwalker@example.org,734.649.5548,2022-10-15
470,Bonnie Bass,Female,22,52,william76@example.org,484.931.6787,2024-01-27
471,Megan Avery,Female,52,4,kristinthomas@example.org,(744)263-3272x1298,2024-05-31
472,Gail Bradshaw,Male,63,27,sjohnson@example.net,798-417-0603x808,2025-01-02
473,Tammy Powers,Male,29,15,karinamunoz@example.com,001-685-958-6344x0614,2024-11-26
474,William Robinson,Female,63,10,keith02@example.com,(506)823-9072,2022-06-15
475,Lisa Daniels,Female,33,15,hjordan@example.org,(769)624-7544x3441,2023-03-08
476,Victoria Pearson,Male,18,12,michael96@example.org,926.348.2165,2024-08-27
477,Tammy Barry,Male,64,38,fmiller@example.com,(697)708-8073x667,2023-11-12
478,Breanna Bryant,Female,36,46,solson@example.net,+1-593-221-7175x684,2021-10-22
479,Brandy Harris,Female,64,15,danny08@example.com,365-654-9922,2025-09-27
480,Jose Cox,Female,65,4,amccarthy@example.net,698-939-4841,2026-06-04
481,Nicole Johnson,Female,36,3,dwilkinson@example.net,+1-202-622-6776x968,2024-05-22
482,Eddie Wallace,Male,23,36,hodgeslisa@example.com,(718)389-5229,2022-01-23
483,Alison Hill,Male,50,28,robertstevenson@example.net,480.583.7005x80199,2026-03-31
484,Jack Richardson,Female,44,3,davidroberts@example.net,3866680624,2022-01-29
485,Linda Oliver,Male,63,32,uwheeler@example.net,(913)280-2858x272,2024-02-27
486,Emily Meyer,Female,59,1,rodriguezalexandra@example.com,(907)827-5118x550,2024-09-02
487,Lauren Miles,Male,25,46,brenda50@example.org,+1-337-903-0325,2022-12-06
488,Charles Taylor,Female,34,25,wponce@example.com,001-699-326-2597x54193,2021-09-29
489,Paul Davis,Female,54,34,hgray@example.org,(377)310-9304x4114,2023-11-07
490,Matthew Weaver,Female,46,3,rogersdonald@example.net,(562)605-9992,2024-09-08
491,Kathleen Alvarez,Female,24,33,cherylduncan@example.org,667-923-0219,2023-09-13
492,Marcus Howard,Male,20,51,thomaswood@example.com,+1-209-307-1601,2025-01-15
493,Nicholas Perez,Female,35,29,fdelacruz@example.com,295-224-4808x330,2023-01-09
494,Anthony Davies,Female,36,5,stephen04@example.org,854-561-1449x966,2025-09-27
495,Tiffany Deleon,Male,63,8,zlong@example.org,001-536-249-7018x05109,2026-04-26
496,Rick Moreno,Female,43,15,falexander@example.net,536.424.7127x771,2025-05-15
497,Alexandra Harper,Female,61,15,gileseric@example.net,+1-966-229-3074x087,2023-03-06
498,Jacob Kaiser,Male,42,11,jaredstone@example.org,(834)945-2464,2025-04-08
499,Evan Goodman,Female,40,20,miranda49@example.org,875-675-8074,2023-02-02
500,Jessica Gomez,Male,19,19,kristiningram@example.net,001-630-468-6055,2024-03-04
501,Joanna Miller,Female,43,16,frazierbrianna@example.org,7776656994,2025-02-26
502,Kathleen Flores,Male,54,24,briggsjessica@example.org,577.537.2798,2023-07-30
503,Mary Oneal,Male,45,45,gina02@example.com,(609)618-7532x4382,2022-04-20
504,Jesus Gray,Male,62,46,gardnermark@example.com,932.872.6063x512,2025-08-27
505,Matthew Baker,Female,51,52,jessicakemp@example.com,001-696-349-0786x92548,2025-06-20
506,John Martin,Female,40,31,perrymonique@example.com,882-814-7125x79352,2022-05-27
507,Benjamin Estrada,Male,51,35,fcook@example.org,299-488-5682x1071,2021-12-18
508,Lindsey Thompson,Male,61,32,beasleyvalerie@example.org,686-719-6040,2024-09-03
509,Christopher Allen,Male,24,10,susan27@example.org,+1-524-499-1342,2022-05-28
510,Brian Parks,Female,50,13,solisdonald@example.org,941-426-2701,2021-10-19
511,Joseph Dalton,Female,65,53,xharris@example.net,749.230.0503,2021-09-23
512,Neil Barton,Female,40,44,craig32@example.org,(582)460-9061x14981,2023-07-31
513,Eric Richardson,Female,28,31,jacobfoster@example.net,+1-811-459-5143,2023-04-11
514,Cynthia Robinson,Male,61,48,uzimmerman@example.com,677.371.0037x82804,2025-03-22
515,Stacy Brown,Female,40,18,ryan35@example.net,4425288673,2024-05-10
516,Sonya Hunt,Male,21,48,andrew16@example.org,001-947-888-8766x40449,2025-05-13
517,Ashlee Sanchez,Male,59,33,alee@example.net,509.294.9567x214,2022-08-20
518,Willie Harmon,Male,38,36,hansentonya@example.com,(208)621-7559x78897,2024-12-06
519,Jacob Foley II,Male,28,41,kdiaz@example.net,+1-380-739-9004x9771,2024-01-14
520,Bradley Jones,Female,22,29,mary02@example.net,+1-396-920-6818x033,2023-02-10
521,Michael Washington,Female,49,32,zbrooks@example.com,+1-596-356-6777x30983,2024-03-16
522,Manuel Edwards,Male,52,31,reedwilliam@example.com,001-282-715-1751,2024-10-11
523,Chelsea Cohen,Female,40,32,gary18@example.net,+1-300-808-0570x4212,2022-02-03
524,Erika Wells,Female,50,53,tina45@example.net,001-469-562-8612x05977,2024-02-18
525,Shelby Burch,Male,18,50,jsmith@example.org,837.687.1820x513,2023-10-11
526,Derek Ball,Female,29,5,valenzuelavictor@example.com,630.245.2672x2174,2022-01-18
527,Robert Parker,Female,36,24,lmahoney@example.org,(498)975-4197x271,2024-08-04
528,Julia Cruz,Male,30,40,maldonadorobert@example.net,001-908-883-6817x921,2024-04-09
529,Leslie Moran,Female,55,14,ryan51@example.com,(899)974-7230x920,2022-11-06
530,Stephen Yoder,Female,58,36,agutierrez@example.org,602-595-8059x160,2021-11-23
531,Patricia Durham,Female,53,4,williamdavis@example.com,360.497.8255x123,2025-07-01
532,Monica Bates,Male,41,33,christinagreen@example.org,001-419-853-3258x502,2023-11-03
533,Brittney Johnson,Male,52,20,vbowers@example.com,780-396-5556x5357,2026-08-15
534,Lisa Lewis,Female,59,10,hblack@example.com,+1-704-268-6933x207,2024-01-07
535,Katherine Melton DVM,Female,31,51,meltonbrandon@example.net,940.352.0723,2024-07-04
536,Wendy Jimenez,Female,39,7,morriselizabeth@example.net,5943747052,2023-12-23
537,Terry Kline,Female,42,27,wilsonmary@example.org,+1-369-470-8475x1567,2026-05-10
538,Tara Williams,Female,48,41,ileblanc@example.org,708.976.6262,2022-05-21
539,Jesse Coleman,Male,21,32,nwalker@example.net,967-217-9491x17658,2023-07-21
540,Thomas Morris,Male,58,49,robertwood@example.org,+1-969-252-7040x5128,2025-11-22
541,Brandy Thompson,Male,28,5,jessica42@example.org,(338)200-9999x28673,2023-07-10
542,Miss Gina Huerta DVM,Female,61,41,johnsonjessica@example.org,+1-646-860-1103x840,2024-05-26
543,Mrs. Melissa Bray DDS,Male,57,33,kristinataylor@example.org,657.472.8562,2025-02-23
544,Grant Brown,Female,64,50,vmonroe@example.com,+1-845-386-3963x76369,2024-05-28
545,Leah Parker,Male,47,21,lisawilson@example.com,001-606-299-4819,2022-04-02
546,Susan King,Male,25,53,dortiz@example.com,4718536610,2024-04-15
547,Rachel Miller,Male,21,6,allenchristopher@example.org,(244)387-7494x1528,2026-06-20
548,Michael Reyes,Male,21,31,lisamorales@example.org,267-467-7411x4384,2021-12-02
549,Heather Taylor,Female,23,45,tracey48@example.com,498.980.1178,2025-12-02
550,Rachel Rose,Male,45,50,hernandezbrandon@example.org,(445)411-9003x169,2026-05-22
551,Evan White,Male,48,34,debrareed@example.com,821.867.5067,2026-02-15
552,Melissa Rhodes,Female,31,50,sharonnorris@example.com,001-795-277-6547,2022-01-07
553,Carlos Mills,Male,64,17,martinnancy@example.com,582-213-7542x161,2022-04-16
554,Lisa Stevens,Male,57,17,melvinlopez@example.com,349.233.3814x7810,2025-03-30
555,Miranda Caldwell,Male,32,25,christian17@example.org,517-432-4620,2025-01-20
556,Jonathan Kennedy,Male,32,44,nicoleschmidt@example.com,+1-642-323-9764,2023-07-25
557,James Marshall,Male,62,37,nguyenelizabeth@example.org,8953194155,2022-10-14
558,Christopher Carr,Female,44,12,tjohnson@example.org,949.724.6118x64586,2021-10-11
559,Charles Gonzalez,Female,42,47,matthewcobb@example.net,(737)203-0382x6681,2024-05-26
560,Robert Reeves,Female,24,4,wanda28@example.com,599-971-4277,2024-09-22
561,Louis Knight,Male,27,6,brownlaura@example.net,(520)317-6031,2024-10-21
562,Madison Hines,Male,62,20,jason29@example.net,+1-847-473-5286x3131,2024-07-17
563,Deanna Martin,Male,54,33,john62@example.net,(330)804-3454,2022-01-25
564,Anthony Smith,Male,31,15,fwood@example.com,708-241-5777x516,2023-01-07
565,Savannah Moore,Male,50,5,rvillarreal@example.net,747-840-2855x7515,2021-09-19
566,Robert Robertson,Female,18,8,erin16@example.com,(654)506-1928,2025-02-08
567,Joseph Delgado,Male,56,16,patriciamiller@example.net,001-607-210-4086,2023-11-26
568,Cynthia Mercado,Female,40,50,nicolas05@example.com,+1-973-398-5926x72660,2024-02-29
569,Jeremy Morton,Male,54,34,eharrison@example.net,001-907-872-2224x2124,2024-02-23
570,Mark Hoffman,Male,19,16,martinalicia@example.net,001-777-681-9656x8702,2022-02-16
571,Elizabeth Coleman,Male,19,17,dweaver@example.org,924-647-0480,2023-01-10
572,Kelly Holloway,Female,22,9,richardsonrhonda@example.net,400.675.2834x523,2025-02-16
573,Cody Torres,Male,32,27,dcrawford@example.org,515.552.5859,2022-06-19
574,Rebecca Obrien,Male,29,13,elizabethmartinez@example.net,6024759316,2023-04-02
575,Mary Burton,Female,60,10,thorntonkatherine@example.net,(457)323-9122x7895,2025-07-07
576,Tracey Peterson,Male,41,25,qcollins@example.org,747-401-8676,2026-09-09
577,Morgan Krause,Male,65,33,jacobgonzalez@example.com,001-945-912-2001x9646,2025-12-27
578,Kristina Lee,Female,54,18,millerjames@example.org,779.576.8544,2023-11-12
579,Christine Anderson,Male,32,19,ihill@example.net,246.911.0585x3416,2026-06-10
580,Kristie Jones,Male,58,5,melissa28@example.org,001-332-651-7547x85026,2023-09-26
581,Shelby Strickland,Male,20,16,katherinehernandez@example.com,7948590064,2024-01-06
582,Benjamin Macdonald,Male,40,31,forbesdavid@example.net,761-272-2802x36762,2023-12-25
583,David Ruiz,Female,31,43,umeyer@example.net,333.299.4022x33090,2025-01-17
584,Sandra Smith,Female,49,18,alex57@example.org,+1-607-472-0321x7702,2024-07-21
585,Alexa White,Male,31,28,krausemichael@example.net,001-250-352-7218x95460,2025-03-02
586,Julia Simpson,Female,57,8,beckydunn@example.com,(674)536-0482,2026-04-30
587,Curtis Mann,Female,26,18,jenniferjohnson@example.net,+1-229-813-2678,2023-05-08
588,Charles Moore,Male,24,3,andrewbrady@example.org,3714833488,2024-04-30
589,Dan Cooper,Male,53,24,kathrynroberts@example.net,(640)717-8797,2025-12-13
590,Edward Jordan,Female,24,27,donnabecker@example.com,(587)610-2483x387,2022-06-24
591,Dr. Anthony Galloway,Male,52,54,jenniferhall@example.com,001-436-559-2037,2024-06-06
592,David Oneill,Male,35,10,paulathompson@example.org,678-841-5536x8273,2023-01-15
593,Hailey Flores,Male,34,43,taylorangela@example.net,835-558-9675x2034,2024-08-06
594,Richard Taylor,Male,48,45,williamsmichelle@example.com,+1-713-971-9998x91069,2023-03-25
595,Wanda Coleman,Female,51,30,timothy12@example.org,709-618-2778,2025-04-06
596,Chad Lambert,Male,33,14,ohuffman@example.com,001-274-680-2250x49403,2024-05-27
597,Richard Scott,Male,53,50,alanvasquez@example.net,2218629078,2022-06-24
598,Christopher Rogers,Male,37,53,bryce49@example.net,479-666-5019,2025-06-23
599,Jennifer Campbell,Male,38,2,thomasbrian@example.org,001-238-212-7002x8336,2023-09-28
600,Natalie Roth,Female,30,7,justinmorgan@example.com,3589879544,2026-05-27
601,Christopher Miller,Male,23,15,huntvictoria@example.org,(643)372-1267x970,2024-08-20
602,Hector Watson,Female,37,45,jonathanbeck@example.org,+1-780-549-9723,2022-03-05
603,Daniel Ramirez,Male,48,31,sanderson@example.com,+1-550-700-7893x4161,2025-09-08
604,Lisa Moore,Female,50,50,jessica01@example.org,569.811.9991,2023-05-17
605,Dr. Joshua Harvey,Male,42,9,leblanctristan@example.net,641.290.2759x0793,2023-10-29
606,Patricia Russell,Male,63,13,egriffith@example.org,+1-627-910-8720,2025-07-02
607,Tara Garcia,Male,49,10,irodriguez@example.net,+1-201-922-7299x13694,2022-03-05
608,Kristen Bates,Female,55,7,iyoung@example.net,223-537-6398x10967,2022-01-17
609,Eric Scott,Female,62,16,mendezlinda@example.com,338.781.9934,2023-04-16
610,Christina Jones,Female,43,35,madison35@example.com,001-931-672-9309,2026-07-05
611,Timothy Holt,Male,56,41,zwilliams@example.org,226.433.1042x41876,2024-09-23
612,Kimberly Cochran,Male,53,20,umatthews@example.com,418.455.6747x097,2023-11-23
613,Katherine Wright,Female,32,49,joseph63@example.com,9004439985,2023-11-14
614,Timothy Lee,Male,25,28,iwilliams@example.com,5669038678,2025-11-14
615,Catherine Torres,Male,20,42,sandersryan@example.net,+1-981-726-3038,2023-03-20
616,Monica Barr,Male,20,48,joshuastevenson@example.com,218-485-1272x1229,2023-12-22
617,Paul Schwartz,Female,41,15,connie33@example.com,(305)309-1619x7745,2025-01-15
618,Clifford Collier,Female,59,14,ucarlson@example.com,822.666.7821x548,2022-12-28
619,Brianna Richards,Male,20,8,crystalrodriguez@example.org,(442)511-3929x2116,2026-04-11
620,Dr. Isaac Bautista,Male,27,25,batesmisty@example.com,636.492.5945x9030,2023-05-21
621,Jenna Hughes,Male,42,29,makayla16@example.com,938.888.5094x0375,2025-10-02
622,Jennifer Alvarez,Male,45,38,xkeller@example.com,(389)814-9442x881,2026-06-30
623,Andrea Perry,Female,42,10,suarezcody@example.com,001-878-293-2429x374,2026-07-16
624,Kimberly Gamble,Male,47,26,connerlori@example.com,642.729.8505,2025-09-28
625,Daisy Green,Male,19,18,kimkara@example.net,+1-984-974-9361,2022-09-18
626,Jill Garcia,Male,62,5,jacoblozano@example.com,+1-620-671-4579x780,2022-08-23
627,Joseph Ryan,Male,27,7,annaperry@example.net,616.477.2619,2024-01-01
628,Robert Collins,Male,42,9,anthonyfitzpatrick@example.org,662-891-2952x5999,2025-02-10
629,Heather Hurley,Male,63,18,hrivera@example.com,+1-383-975-1927x19264,2023-09-01
630,Bryan Adams,Male,29,28,vdominguez@example.org,906-940-7764x43501,2022-07-22
631,Phillip Garcia,Male,58,42,montoyaamy@example.org,001-919-550-5678x81681,2022-02-16
632,Brenda Ward PhD,Male,34,44,cthompson@example.com,001-417-467-2240,2022-09-23
633,Eric Carter,Male,41,16,charlesmorse@example.org,(431)442-6946x290,2023-01-15
634,Elijah Castillo,Female,44,29,jesse56@example.net,(871)929-6139x80713,2023-08-28
635,Christy Cole,Female,59,28,vpeck@example.org,(279)825-0931,2024-10-02
636,Valerie Yoder,Female,37,37,rmoore@example.com,316-334-4997,2025-01-04
637,Heather Jacobs,Female,38,6,jameshughes@example.org,669.979.1469,2021-10-03
638,Edward Hawkins,Male,53,26,brandy00@example.net,001-463-456-8371x850,2023-07-17
639,Kelly Adams,Male,36,9,samanthajimenez@example.net,796.580.7406x214,2024-11-26
640,Nathan Fleming,Female,33,28,craig83@example.com,001-719-831-8726,2024-05-08
641,David Henderson,Male,62,6,vedwards@example.net,001-484-422-8294,2021-12-14
642,Roy Frye,Male,38,29,cliffordyork@example.net,+1-298-856-8331,2022-12-19
643,Patricia Andrade,Male,24,28,perezkevin@example.org,001-793-478-2279,2025-12-02
644,Lori Pearson,Female,33,3,ralphmartinez@example.net,+1-831-716-9571,2022-08-07
645,Amy Hensley,Male,18,1,patriciablack@example.org,(780)311-3629x6286,2025-12-30
646,Barbara Smith,Male,42,47,trevor10@example.net,472.354.2405x7725,2024-10-04
647,Kelsey Arroyo,Female,25,7,brianpalmer@example.net,+1-860-886-9292,2022-04-18
648,Kathryn Yates,Female,21,28,georgesanders@example.org,415-543-8714x83007,2024-05-07
649,Jessica Mckinney,Male,38,35,yroberts@example.com,+1-400-715-3419x69661,2022-12-12
650,Kurt Harris,Female,55,38,donna33@example.org,473.434.4739x7202,2022-08-23
651,Kenneth Lynch,Male,49,1,courtney15@example.com,(230)401-6355x11232,2022-12-30
652,Charles Gordon,Male,55,25,keith65@example.org,6865663704,2022-02-03
653,Dustin Stevenson,Female,40,29,wdunlap@example.org,(899)939-8364x573,2026-07-15
654,Christopher Lee,Female,58,42,tonychaney@example.net,472-530-8458x5403,2026-09-12
655,Elizabeth Carpenter,Female,58,34,yangbrandi@example.net,912.981.0418x68815,2025-01-26
656,Cory Randall,Male,58,16,heatherlopez@example.net,+1-918-500-0778x13507,2026-08-09
657,Joshua Cross,Female,43,12,ambercook@example.com,(536)421-3972,2024-09-13
658,Bradley Morrow,Male,44,18,steelejames@example.net,7496323351,2025-04-04
659,Leslie Todd,Male,50,6,stephencarroll@example.com,(671)985-9327x94878,2023-08-29
660,Ashley Rivera,Female,30,53,williamsjennifer@example.net,752-294-3343,2025-12-17
661,Allison Jones,Female,33,7,xgates@example.net,(780)678-2204x37270,2023-10-19
662,Susan Archer,Male,60,9,jennifer87@example.net,3348250328,2023-08-30
663,Jessica Davis,Female,36,32,brian45@example.org,001-503-868-1205x95318,2022-12-09
664,Lauren Hanson,Female,19,11,idrake@example.org,+1-973-667-2296x5886,2024-02-24
665,Matthew Singh,Male,23,11,kimberly09@example.net,6079798336,2022-10-03
666,Hailey Dillon,Male,64,52,christinahunt@example.org,(440)265-5776x8093,2022-08-27
667,Marvin Chavez,Female,59,54,johnnyavery@example.net,662-819-0570x315,2025-12-17
668,Melissa Gentry,Female,50,16,jenniferschneider@example.com,(809)343-3122,2021-12-09
669,Frances Stephenson,Female,47,41,rachelmartinez@example.org,(359)806-3804x3865,2023-12-20
670,Cory Wilson,Male,23,5,cknox@example.com,284.372.0894x3635,2026-05-13
671,Kristin Johnson,Female,22,32,qmorris@example.com,(829)235-2425x80276,2022-07-09
672,Robert Whitaker,Male,37,17,taylorfrederick@example.org,389.275.1837x68943,2021-12-02
673,Stefanie King,Female,31,45,jessicawood@example.org,+1-272-226-3807,2022-12-22
674,Haley Baldwin,Male,31,42,wanderson@example.org,001-869-702-8638x754,2023-03-16
675,Caroline Wright,Female,38,21,hannahperez@example.com,910.426.2045x90034,2022-04-18
676,Emily Scott,Female,41,36,howellchristian@example.net,9236886902,2023-11-03
677,Derek Young,Female,63,52,christina02@example.org,(235)494-2255,2022-03-02
678,Jeff Mayo,Male,19,1,leslie18@example.net,709.311.0834x64111,2024-08-19
679,Ashley Edwards,Male,41,29,joseph82@example.org,+1-431-249-3593x35300,2022-08-26
680,David Smith,Female,57,13,avance@example.org,001-952-295-1761x01227,2025-11-03
681,Tara Vasquez,Female,65,11,fbailey@example.net,(425)883-0243x53740,2022-12-05
682,Jeffrey Briggs,Female,29,31,sarahbennett@example.net,4535046694,2023-01-06
683,Mrs. Julie Hogan,Male,28,18,joseph58@example.net,540-341-5411x82128,2025-02-15
684,Tanya Andrade,Male,48,16,kimberlywall@example.org,705-271-7985,2026-01-24
685,Rachel Spencer,Male,63,32,gibsonalan@example.net,564-568-1986x3083,2021-09-12
686,Jeffrey Moore,Male,42,48,sevans@example.org,962.708.2698,2025-08-18
687,Tiffany Graham,Female,26,33,maddenjuan@example.net,934.387.7682x35676,2022-09-03
688,Angela Franco,Male,38,27,markjefferson@example.com,720.301.2822x729,2025-07-29
689,Lee Davis,Male,23,33,carol75@example.net,899.334.0350x178,2022-05-13
690,Stephanie Crosby,Male,61,54,mcclureconnor@example.net,911-993-1653x9082,2025-12-03
691,Jennifer Brown,Female,35,26,tlong@example.com,648.438.8399x6199,2023-08-19
692,Lisa Brooks,Female,49,9,janetpatrick@example.net,386.824.0174x617,2026-04-29
693,Laurie Delgado,Female,39,28,patricia53@example.com,001-731-593-6671x09259,2023-10-30
694,Jacqueline Harrington,Female,58,33,rodneybender@example.net,(258)332-8084x40045,2023-11-26
695,Danielle Powell,Male,27,12,ashleycook@example.org,(539)399-0769,2022-05-15
696,Christina Gonzalez,Female,49,30,ashley21@example.com,(209)776-0490x9098,2021-10-11
697,Amy Hood,Female,61,5,davidallen@example.org,001-296-464-8296x3477,2023-03-26
698,Eric Marks,Female,48,38,haynespriscilla@example.net,933-647-2787,2024-07-27
699,Lindsey Wright DDS,Female,49,32,guzmanjoan@example.net,+1-473-730-3604x77791,2025-05-07
700,Teresa Wilson,Female,55,52,paynerichard@example.net,741.817.0448x04232,2025-08-07
701,Dana Henry,Female,42,2,samuel54@example.net,392.681.2138,2022-05-06
702,Dawn Robinson,Female,32,16,ugreer@example.com,795.917.4219,2026-09-01
703,Tiffany Marquez,Male,32,6,christina54@example.net,001-203-982-5885x350,2023-06-30
704,Jason Oliver,Female,59,10,donaldboyer@example.com,3073640119,2026-01-01
705,Kelly Brown,Female,27,4,thomas35@example.net,001-571-295-1392,2021-11-19
706,John Nichols,Male,62,43,margaret14@example.org,001-828-301-1155x65531,2025-08-20
707,Daniel Beck,Female,45,39,durhammiguel@example.org,468-643-2104x15522,2026-03-10
708,Kathy Wise,Male,30,43,davidanthony@example.org,631.958.5140x90130,2023-08-30
709,Elizabeth Jackson,Female,21,28,michael31@example.com,385.745.0598x23113,2023-11-07
710,Erin Harding,Male,64,28,vasquezryan@example.org,+1-324-567-0060x775,2026-03-01
711,Eric Campos,Male,26,41,josephprice@example.org,328-461-6810x6347,2025-06-03
712,Eric Wilson,Female,33,44,gonzalesmichael@example.org,+1-790-606-6740x98969,2026-06-21
713,Angela Martin,Female,42,45,michaeltorres@example.org,001-220-217-5134x781,2026-06-26
714,Jessica Velazquez,Female,46,32,joneskim@example.net,001-200-521-2800x68961,2022-01-30
715,Catherine Price,Female,24,42,garciajaclyn@example.org,(364)366-3589x95842,2022-01-30
716,Daniel Velez,Female,43,28,prattsteven@example.org,541.452.0875x59851,2022-07-19
717,Debbie Flores,Female,63,2,aliciahayden@example.com,(798)998-6933,2024-09-17
718,Theresa Rivera,Female,59,41,crawfordashley@example.net,470.490.9756x901,2023-10-12
719,Andrew Lang,Male,44,18,dunnpatrick@example.com,257-304-4360,2026-04-16
720,Patricia Johnson,Male,24,18,lawrence94@example.com,001-913-643-0857x72763,2024-01-10
721,Drew Wagner,Male,25,2,deckersarah@example.net,496.831.6562,2023-11-13
722,Crystal Mccullough,Male,44,33,millersteven@example.com,001-798-555-0113,2024-02-25
723,Deborah Jones,Female,19,32,jonathan52@example.com,287.324.9630x47091,2024-04-25
724,Nancy Wilson,Female,26,38,victoriarogers@example.org,364-486-7878,2022-02-19
725,Michael Shah,Male,33,5,brianfarmer@example.com,001-654-885-7052x8149,2026-07-06
726,Sarah Norris,Female,35,23,burnsmarcus@example.net,+1-565-844-7150x800,2024-09-13
727,Andrew Rhodes,Male,59,38,autumnthompson@example.com,(668)669-2605x455,2023-02-26
728,Courtney Johns,Female,48,39,dhampton@example.org,493.615.4087x70775,2023-07-11
729,Lisa Parker,Female,57,39,johnsonstephanie@example.com,001-207-633-1414x892,2026-03-31
730,Dakota Casey DDS,Male,56,45,mariaclark@example.net,782.285.2924,2023-02-27
731,Abigail Watson,Male,31,18,priceeric@example.org,448-855-3822,2023-06-03
732,Anna Thompson,Female,44,7,linda07@example.com,001-418-944-3856x6752,2023-10-17
733,Colin Frey,Male,35,7,finleyhayley@example.com,(793)570-2139x2739,2025-07-28
734,Cory Vargas,Male,38,45,oblack@example.org,001-668-514-3619x39377,2023-05-21
735,Lisa Villanueva,Male,35,21,ochang@example.com,(433)412-2260x347,2024-04-30
736,Ryan Robinson,Male,23,12,burkesandra@example.org,773.247.7325,2023-11-16
737,Diana Tapia,Female,64,17,monica29@example.net,868-507-8733,2023-11-27
738,Raymond Taylor,Male,34,45,lcuevas@example.net,200.663.6304,2021-09-12
739,Danielle Williams,Female,46,46,caldwellregina@example.com,001-204-772-5577x615,2023-01-20
740,Gary Davis,Female,37,33,escobarcrystal@example.com,001-896-223-1808x81505,2025-01-15
741,Ronald Tucker,Female,63,23,burgessjames@example.org,343.238.4161x3589,2023-06-03
742,Matthew Walton,Male,57,51,olivia64@example.com,+1-354-755-1619,2024-05-31
743,David Floyd,Female,38,33,brandonryan@example.net,6988880279,2023-07-16
744,Russell Miranda,Female,31,42,nbailey@example.org,854.551.2145x734,2025-02-19
745,Alan Cunningham,Female,54,34,haleycunningham@example.com,(844)868-0176x0578,2022-09-15
746,Kristen Hoover,Female,37,9,colemanmark@example.com,363.772.9574,2024-04-26
747,Erica Williams,Female,55,20,jessicalowery@example.org,531-966-1902x41472,2024-02-08
748,William Jimenez,Female,22,40,austin60@example.org,614.765.7396x06358,2023-03-27
749,Adam Mccarthy,Female,31,8,rebekahwillis@example.org,001-637-367-4240x396,2022-08-29
750,Brenda Calderon,Male,63,41,williamcain@example.com,(362)947-3184x3264,2025-10-06
751,Michelle Weeks,Female,55,47,sbaxter@example.net,+1-666-816-8823x658,2023-03-17
752,Heather Jenkins,Male,41,35,perrykristopher@example.com,286-676-6238,2024-08-23
753,Paul Jones,Male,44,30,valeriebrown@example.net,7298541724,2024-07-06
754,Dustin Lopez,Female,20,47,greendarrell@example.net,929-581-4978x57106,2024-11-01
755,Nicholas Hicks,Male,49,37,vroberts@example.net,+1-617-255-3154x96580,2022-01-13
756,Zachary Brown,Female,31,41,william81@example.org,276.732.5156x906,2022-11-30
757,Gregory Cantrell,Female,21,54,montoyaamy@example.com,833.514.3313x923,2026-08-12
758,Michael Moss,Female,25,48,samanthawilliamson@example.com,436-952-8517x739,2026-02-22
759,Roger Sweeney,Female,51,38,christiangarcia@example.com,+1-652-843-4787x3525,2023-05-29
760,Daniel Holland,Female,26,47,jessicalowe@example.org,(296)329-1153x84362,2021-10-09
761,Katelyn Bean,Male,46,49,suzanne60@example.com,3173756528,2022-01-31
762,Amy Dunn,Male,41,35,sarah18@example.net,(877)680-7070x25660,2026-05-29
763,Cassidy Petersen,Female,42,3,ashley75@example.org,876-832-9145x883,2023-06-21
764,Pamela Adams,Male,31,45,iphillips@example.com,001-528-901-9040x68936,2023-10-24
765,Lee Simpson,Male,26,53,millsrobin@example.net,723.506.4175x18345,2025-04-11
766,Jimmy Knight,Male,35,34,wilsonemily@example.net,9907530607,2025-01-06
767,Alison Reed,Male,29,15,dkennedy@example.com,001-751-669-0472x451,2025-11-25
768,Elizabeth Briggs,Female,18,17,kellyantonio@example.org,001-441-294-8087,2023-04-05
769,Julie Crawford,Female,25,48,nbooth@example.org,705.210.3877,2022-01-18
770,Travis Ashley,Female,21,10,iduncan@example.com,+1-566-471-4017,2022-11-08
771,Christine Carpenter,Male,49,12,nwright@example.com,+1-842-370-5773x31755,2025-10-04
772,Wayne Moyer,Female,27,19,jonesjames@example.org,414-955-0524x617,2025-02-17
773,Emily Rivera,Female,30,26,toddspence@example.net,864.571.2732x89218,2021-11-06
774,Johnathan Long,Female,51,41,williamjohnson@example.net,001-987-607-5543x2240,2022-08-02
775,Elizabeth Adams,Male,41,54,michaelroy@example.com,518.440.0582x6041,2024-05-30
776,Elizabeth Sims,Male,52,6,nlopez@example.com,+1-853-632-3578x5108,2026-03-30
777,James Carr,Female,58,21,jacksonrachael@example.net,307-276-8706x5806,2024-11-24
778,William Wolf,Female,35,13,williamsmegan@example.org,682.575.6970,2022-03-28
779,Andre Montgomery,Female,30,5,igonzalez@example.net,582.202.3424,2022-12-29
780,Mr. Timothy Jones Jr.,Male,30,54,maciasmadeline@example.org,803-697-4515x7964,2022-11-15
781,Jacqueline Davis,Male,58,38,browndavid@example.org,6157394293,2023-11-03
782,Matthew Wood,Male,50,36,elizabeth48@example.net,729-282-0026x8750,2025-02-11
783,Brian Carter,Female,64,52,scottmarshall@example.com,001-680-732-7031x167,2024-01-30
784,Dave Taylor,Male,52,51,qmitchell@example.net,(382)526-3487x281,2026-04-10
785,Steven Osborn,Male,48,30,vazquezbrandon@example.net,378-393-0914,2025-02-10
786,Zachary Peck,Male,18,35,wigginsheather@example.org,001-660-384-9388x07752,2024-07-19
787,Justin Roth,Male,51,23,deborahmorales@example.com,784-310-6944x006,2024-07-11
788,Daniel Carroll,Female,64,33,ywillis@example.com,3339351426,2024-09-01
789,Michael Baker,Female,24,34,isaac43@example.com,001-489-325-3842,2025-11-26
790,Joshua Little,Female,19,11,charlesdaniel@example.com,584.735.2553x373,2024-09-30
791,Jonathan Christian Jr.,Male,42,31,petersondavid@example.org,+1-741-894-4480x20403,2022-06-14
792,Carlos Reyes,Female,53,5,robinsonaaron@example.net,205-980-6626x92671,2022-04-07
793,Jessica Burton,Male,48,7,vcarrillo@example.com,001-579-941-3781x803,2024-11-04
794,Tonya Adams,Male,25,35,richard69@example.com,869.822.3811x05745,2022-03-06
795,Robert Reynolds,Female,42,53,xclark@example.com,459.508.0587,2023-04-08
796,Kelly Proctor,Female,48,14,rrichards@example.net,4359836919,2025-06-01
797,James Boyer,Male,23,5,eroberts@example.org,001-458-375-6465,2023-03-15
798,Melissa Jacobs,Male,21,27,srobinson@example.org,001-606-919-1297x581,2021-12-26
799,Victoria Taylor,Female,25,29,browncalvin@example.net,+1-821-493-5124,2025-07-25
800,Andre Pham,Female,28,3,stephanie90@example.net,001-925-495-2573,2025-12-26
801,Michael Camacho,Male,39,48,jennifercarney@example.com,450.484.8225x94107,2023-04-17
802,Ellen Evans,Male,37,45,anthony07@example.com,770-942-1586x57030,2024-10-22
803,Todd Watkins,Female,22,27,leahayala@example.org,(876)456-7815,2024-01-19
804,Connie Ferguson,Male,58,6,bakerharold@example.com,001-811-796-5044,2022-04-21
805,Jennifer Delgado,Male,45,30,gerald54@example.org,+1-729-298-5574x86318,2023-10-27
806,Daniel Brooks,Female,53,43,hugheslee@example.net,7604958428,2023-08-08
807,Alexander Smith,Male,46,49,nadams@example.net,913-644-3425x5108,2022-04-09
808,Kim Tanner,Male,57,19,christopher88@example.net,001-598-376-8437x2582,2022-04-25
809,Patricia Ingram,Female,31,28,mward@example.org,(516)385-7887,2022-09-05
810,Dennis Holden,Female,25,46,aaron77@example.org,944.718.1265,2024-07-22
811,Vickie Jackson,Male,37,32,brooksfernando@example.com,001-654-627-5834x94464,2023-11-02
812,Julian Robinson,Female,19,6,megan57@example.com,+1-208-814-0270x61003,2026-03-04
813,Heather Bennett,Female,19,42,yreed@example.com,+1-370-781-9891,2024-10-06
814,Sarah Ray,Female,53,44,jbrown@example.net,001-779-956-4294x93599,2025-09-16
815,Kenneth Rodriguez,Female,65,52,alejandrarichards@example.org,4459881859,2022-12-02
816,Holly Lin,Male,46,53,jessicacastillo@example.com,722.407.4837x472,2026-01-08
817,Samantha Garcia,Male,26,31,tvaldez@example.org,(909)525-5308,2024-08-12
818,Taylor Meyer,Male,26,5,lawrencebrandon@example.com,001-582-573-1412x72781,2022-09-12
819,Kristina Perkins,Female,61,34,jeffrey01@example.net,001-732-652-2046x488,2026-07-01
820,Andrew Mata,Male,28,7,tinaramos@example.org,+1-995-992-5427x077,2022-08-29
821,Peter Larson,Male,33,41,obrienbenjamin@example.net,(247)300-0394,2025-05-11
822,David Carter,Male,59,50,molly19@example.org,(598)910-9771x8183,2025-10-03
823,Cory Mcdaniel,Female,31,35,urodgers@example.net,(528)414-0680x9884,2022-03-02
824,Andrea Daniels,Male,54,31,lgraham@example.com,900.205.6646,2023-07-05
825,Jacob Hawkins,Male,54,52,melissacarson@example.net,4832167706,2026-07-15
826,David Johnson,Male,20,13,brockstacey@example.net,001-276-648-4240,2026-08-22
827,Pamela Smith,Female,41,4,mcbridecharles@example.org,(804)404-7726,2026-07-26
828,Christy Horn,Male,39,28,triciasnow@example.net,+1-667-959-5739x0753,2022-08-23
829,Hannah Yoder,Male,32,36,reillywanda@example.org,+1-587-586-4199x198,2022-08-30
830,Steven Thomas,Female,36,18,harringtonchristopher@example.net,(645)771-7201x50425,2024-02-21
831,Breanna Pace,Female,42,22,charles52@example.org,001-632-914-0686x84259,2025-01-25
832,Calvin Murray,Female,53,16,churchdanielle@example.com,607.407.1420,2022-01-23
833,Elizabeth Chandler,Female,53,13,melissa50@example.net,+1-526-782-6155x62912,2026-07-18
834,Juan Ford,Male,60,52,xneal@example.org,400-526-3803,2025-09-13
835,Sarah Guerrero,Male,38,39,barrettamy@example.net,001-824-693-8343,2024-02-19
836,Stephanie Bryant,Male,27,46,stevenhull@example.com,709-498-6098x165,2026-07-07
837,Bryan Graham,Male,65,31,anthonymason@example.net,394.667.2101,2023-03-28
838,Levi Alvarez,Female,63,54,toni59@example.org,001-714-986-8563x7764,2022-12-04
839,Kristopher Anderson,Male,52,3,johnsoncurtis@example.net,(688)582-7677x4240,2025-02-24
840,Michael Park,Female,51,19,james48@example.com,+1-355-591-1995x630,2023-06-05
841,Jennifer Schultz,Female,63,31,lopezjordan@example.com,948-886-6556,2022-08-05
842,Amanda Hull,Female,31,2,oboyd@example.org,001-274-672-7751,2024-04-04
843,Marcus Young,Male,42,45,lisarosales@example.com,(604)236-5540x1568,2025-03-07
844,Paul Wood,Female,30,19,jamesbailey@example.org,+1-586-974-0026x587,2024-03-25
845,Mary Hall,Female,20,23,inichols@example.net,001-969-689-7278x733,2025-07-25
846,Adam Conley,Female,33,19,courtney75@example.org,+1-902-247-7987x9009,2024-05-22
847,Michael Phillips,Female,59,5,kylevelazquez@example.org,608.767.4243x73886,2023-07-18
848,Cindy Ford,Female,52,12,jacksonrandy@example.com,+1-468-917-6401x413,2024-09-04
849,Michael Wolf,Female,54,44,scottrobin@example.org,(224)289-7518x5202,2022-02-07
850,Mary Campbell,Male,36,14,mcculloughgabriel@example.org,001-958-288-7293x78215,2022-04-05
851,Christopher Cox,Male,31,14,bjohnson@example.net,771-780-4195x8246,2025-06-11
852,Mary Keller,Male,49,48,baguilar@example.com,337.325.8360x485,2022-01-07
853,Jennifer Petersen,Female,52,50,hdavis@example.net,987.930.4343,2022-03-14
854,Elizabeth Davis,Female,26,38,carolynharris@example.org,(556)789-2874x5875,2026-07-08
855,Julia Perez,Male,36,43,jason66@example.net,809-575-6842,2025-07-15
856,Billy Johnson,Male,51,1,blackchristopher@example.org,(886)466-4197x7856,2024-06-03
857,Joshua Bird,Female,54,37,jamesburton@example.org,001-974-581-0335,2023-01-15
858,James Brown,Female,39,19,john21@example.net,+1-463-913-5245x971,2023-08-10
859,Dana Leon,Female,21,36,chapmanteresa@example.net,001-412-960-7234x758,2024-04-28
860,Felicia Wilson,Female,26,25,acruz@example.com,(492)909-7730x884,2025-08-18
861,James Smith PhD,Female,29,8,mason54@example.net,550-305-3479x548,2022-05-17
862,James Lopez,Female,63,10,kevin43@example.org,(320)518-0398x38022,2026-07-16
863,Jodi Fox,Female,55,38,martinezpatrick@example.org,692.294.4076x1021,2024-05-17
864,Barbara Bonilla,Male,32,19,clarkanna@example.com,449-355-9028,2024-03-20
865,Paul Conner,Male,21,23,robert39@example.net,001-351-260-2734x228,2023-05-19
866,Richard Bailey,Male,32,32,mross@example.net,+1-568-872-0323x0965,2022-04-17
867,Lori Kelly,Male,26,35,diana20@example.net,615-410-3853x7092,2023-01-12
868,Tyler Henderson,Female,22,46,ntaylor@example.net,409.447.8024,2023-04-24
869,Willie James,Male,43,13,oyoung@example.com,7285504064,2024-01-12
870,Mary Hobbs,Male,30,32,millerautumn@example.net,499-898-0386,2022-03-03
871,Bonnie Carroll,Male,63,49,stephanieramirez@example.com,291.441.2222,2026-06-19
872,Samuel Keller,Male,42,22,waltersmatthew@example.net,+1-855-367-4989x746,2022-08-05
873,Shawn Wolfe Jr.,Male,45,4,eric97@example.net,001-560-570-6345x732,2025-08-30
874,Christopher Bowen,Male,28,33,edward75@example.com,923-924-4886x59386,2024-02-18
875,Christina Campos,Female,61,37,juan11@example.org,(732)409-7635x75302,2024-10-15
876,Dale Wilson,Male,50,24,wilcoxjeffrey@example.com,220-726-6714,2024-01-24
877,Jason Campbell,Male,49,49,andrew53@example.com,+1-227-723-3775,2023-05-22
878,Daniel Johnson,Female,39,15,danielle60@example.net,+1-557-706-8313,2025-06-29
879,Kelly Parks,Male,41,22,davisbenjamin@example.org,6553074238,2021-11-05
880,Jeffrey Carpenter,Female,18,46,tylerspencer@example.com,4446611734,2025-02-10
881,Paul Bell,Male,43,49,zwilliamson@example.com,001-885-752-2812x85562,2026-08-07
882,Sherry Thomas,Female,27,1,cpetersen@example.net,(475)212-4692x64427,2024-10-21
883,Christopher Carson,Male,41,3,daniel55@example.org,751-745-7049x03865,2022-02-24
884,Michele Brown,Female,20,52,ywilliams@example.com,314.324.3815,2022-06-21
885,Vincent Goodwin,Male,63,24,jwinters@example.net,962-203-2093x583,2025-02-16
886,Craig Ellis,Male,45,21,davidlee@example.org,532-981-5945x056,2023-07-03
887,Lonnie Harrison,Male,46,27,royryan@example.org,982-939-5703,2026-04-16
888,Sheri Gonzales,Male,56,49,vickianderson@example.net,(379)462-8696x957,2021-12-03
889,Ashley Stephens,Male,65,47,priceshane@example.org,6657659123,2025-06-21
890,Justin Allen,Male,37,49,jsanchez@example.com,001-574-603-2995x918,2025-11-12
891,Brett Barrera,Female,39,25,pmedina@example.net,001-907-542-0363x3779,2023-02-18
892,John Johnson,Female,44,6,sharonwright@example.net,460-353-5540,2023-11-22
893,Stephanie Nash,Male,18,45,nicoleskinner@example.org,+1-518-688-0946x987,2024-12-12
894,Craig Frederick,Male,41,5,paullam@example.net,(864)851-3127x7608,2023-01-22
895,Carrie Ward,Male,52,44,jasonjohnson@example.org,001-839-514-8563x5799,2024-12-02
896,Mark Smith,Female,58,33,taylorryan@example.com,738.547.8473x9308,2023-03-16
897,Rachel Phelps,Female,41,46,williamolson@example.com,+1-703-232-9693x9743,2023-09-08
898,Jessica Curtis,Male,21,4,lori46@example.net,001-503-439-8996x93067,2026-04-01
899,Richard Moore,Female,21,47,afowler@example.org,(807)513-7099x97828,2022-08-22
900,Amanda Webb,Female,28,54,laurenrichardson@example.com,664-612-3944,2023-02-07
901,Ann Knapp,Male,27,9,brandall@example.net,001-790-899-0104x587,2025-04-16
902,Alyssa Wilkins,Female,36,45,elizabethmcintyre@example.net,(698)869-6685x55202,2025-03-15
903,Gina Shelton,Male,54,51,ocardenas@example.org,(902)540-2213x1674,2021-09-28
904,Brian Stewart,Male,62,8,staceyjohnson@example.org,+1-535-974-0722,2026-03-14
905,Tiffany Carter,Male,31,39,frederickseth@example.com,619.930.8155x1708,2025-03-16
906,David Marks,Female,19,9,martineznicholas@example.net,481-960-4546,2022-10-02
907,Gene Wade,Female,38,19,jamesnichols@example.net,581-889-6231x83103,2021-11-20
908,Travis Payne,Male,24,18,cjohnson@example.net,839.289.6325x43330,2024-03-26
909,Jacob Lane,Male,58,43,grivera@example.com,(779)472-7085,2025-11-25
910,Terry Fox,Male,63,54,fuenteswilliam@example.org,846-616-8363x422,2023-03-21
911,Anthony Watson,Male,52,51,flemingelijah@example.org,(494)259-8499,2024-12-29
912,Autumn Thomas,Female,41,1,deborahsmith@example.com,(402)947-9011x5660,2025-11-30
913,Bryan Brown,Male,42,40,margaretbrown@example.net,4545553984,2025-09-22
914,Jeffrey Phillips,Female,23,49,joseph92@example.com,001-605-545-7688x4580,2023-11-26
915,Heather Adkins,Female,56,20,triciapoole@example.org,001-202-284-5965x16011,2023-02-15
916,Matthew Wood,Female,27,39,kyle96@example.org,001-830-707-4884,2025-04-25
917,Veronica Willis,Female,57,13,ucastillo@example.org,001-973-939-9251x05230,2023-06-05
918,John Thomas,Male,40,44,dodsonkenneth@example.com,(821)629-8703x118,2021-11-10
919,Corey Davis,Male,29,31,peter58@example.org,+1-998-614-6192x47605,2025-03-30
920,Maureen King,Female,48,33,vblackburn@example.com,001-515-200-7803,2021-11-30
921,Meagan Garcia,Male,48,44,debrastanton@example.net,431.207.1924x6898,2022-12-23
922,Frank Hayes,Female,34,21,samantha51@example.org,(879)596-5093,2024-11-29
923,Joseph Freeman,Female,51,45,warrenmark@example.org,621-548-3654,2022-08-24
924,Joshua Singh,Female,27,42,michael90@example.com,(666)819-8569,2024-10-11
925,Dylan Morgan,Female,41,3,stacy91@example.org,001-645-418-7025x3660,2023-05-25
926,Cesar Peterson,Female,48,13,ashleycollier@example.com,8148287639,2023-02-20
927,Arthur Holland,Male,36,16,dawn95@example.net,(812)627-6779,2023-12-14
928,John Ramirez,Female,48,2,steven18@example.org,273.320.6933x80016,2022-11-22
929,Linda Norman,Male,64,15,evanssharon@example.net,687-214-7194x29531,2026-06-27
930,Carolyn Peterson,Female,25,7,kaitlyn53@example.com,+1-484-750-1514,2022-02-22
931,Erin Lozano,Male,65,5,williambailey@example.com,(852)442-6069x0021,2024-01-19
932,Lucas Turner,Female,38,29,kestrada@example.net,2764813599,2023-03-26
933,Erik Lewis,Male,47,9,moralesjoseph@example.org,3213133306,2022-03-16
934,Hannah Blair,Male,46,48,alan62@example.net,001-480-967-3123x90123,2026-08-07
935,Blake Copeland,Female,50,36,kaylee31@example.net,921-368-3041,2024-03-06
936,William Osborne,Male,64,9,andrewsjody@example.org,001-437-227-8864x90699,2021-10-02
937,Catherine Johnson,Female,54,7,williamsmelissa@example.org,001-690-203-2603x541,2021-12-12
938,Timothy Miller,Female,63,19,joseph58@example.com,001-967-545-8335x3922,2026-01-30
939,Alejandra Brown,Female,31,15,ericksonjoseph@example.com,(836)829-5577x9770,2024-06-03
940,Donald Hall,Female,43,3,ljackson@example.org,949-554-8284,2022-07-13
941,Mrs. Ann Moreno,Female,48,36,adrian68@example.org,262-341-4851x31824,2026-08-26
942,Jeremy Pierce,Female,56,41,xpowers@example.net,+1-946-586-7687,2022-05-19
943,Angela Sanchez,Female,51,52,susanwilcox@example.org,(213)217-3667x916,2025-01-08
944,Mrs. Jennifer Cole,Male,49,20,carrillokevin@example.com,600-637-2432x1649,2024-10-16
945,Dr. Alan Dickerson,Male,63,41,danielsbrittany@example.net,(359)760-9316x8010,2026-03-01
946,Lindsey Mendez,Male,24,29,nboyd@example.net,8793140319,2025-05-18
947,Jennifer Schneider,Male,37,38,swilson@example.net,001-952-275-8226x596,2025-07-19
948,Michael Lucas,Male,27,36,fsmith@example.org,(770)636-2841,2021-12-31
949,April Gould,Female,26,47,emoreno@example.net,824-863-0087x5942,2023-10-25
950,Daniel Cox,Female,65,27,calhounanthony@example.net,(803)617-0822,2022-04-28
951,Shannon Gibson,Male,37,20,fullercrystal@example.net,(603)525-1479x555,2025-06-02
952,Angela Potter,Female,26,5,danielalexander@example.org,769-388-8568x30701,2024-12-17
953,Heather Tucker,Female,51,17,doris66@example.com,001-769-729-7795x824,2025-03-06
954,Amy Kelley,Male,26,26,raymond70@example.org,878-505-2952x46010,2025-09-17
955,Julie Mcclain,Female,65,9,nicholsscott@example.com,(383)388-2184x10510,2022-12-27
956,Jeffrey Powell,Male,63,20,jdudley@example.org,+1-876-503-3988x35460,2023-01-15
957,William Patterson,Male,32,38,dgriffin@example.com,889-243-4768x78086,2024-10-25
958,Larry Hill,Male,19,13,emilylandry@example.net,+1-370-944-1921,2026-07-03
959,Christina Smith,Male,40,30,edward76@example.net,7589790247,2025-03-14
960,Kerri Taylor,Male,42,12,gregory92@example.com,+1-263-451-8412x5662,2024-08-14
961,Christopher Luna,Female,60,28,brandon99@example.com,001-984-861-7974x7873,2024-09-16
962,Joseph Holt,Male,33,50,shirleycoleman@example.com,001-722-529-7492x5195,2025-06-09
963,Anthony Reed,Male,33,14,stacey94@example.com,751.564.5528x08748,2023-03-22
964,Robert Downs,Male,61,48,wandashelton@example.net,001-742-565-2428x030,2026-04-26
965,Brooke Leon,Male,36,1,isaiah61@example.net,954-745-3205,2025-10-04
966,Kathryn Adams,Female,27,12,cindy16@example.com,(593)775-7739x22931,2022-08-24
967,Albert Kim,Female,55,34,prodriguez@example.com,+1-254-252-8550x41346,2026-07-10
968,Mrs. Melissa Dillon MD,Female,58,44,flawson@example.com,796-672-8171,2026-06-27
969,Calvin Clark,Male,32,42,annamorris@example.net,(470)975-6690x292,2023-05-09
970,Valerie Murphy,Male,33,7,harrisjennifer@example.org,700-730-3061,2023-12-07
971,Catherine Mccoy,Female,40,49,zacharysanders@example.net,(283)315-4737x5208,2025-08-11
972,Felicia Baker,Male,25,47,tiffany72@example.org,(342)479-8321x42691,2022-11-22
973,Virginia Alvarado,Male,41,1,qtaylor@example.net,248.351.3565,2022-05-14
974,Melanie Garcia MD,Male,21,43,smithdevon@example.com,638.458.2519x488,2025-07-18
975,Mr. Kyle Hansen PhD,Female,41,54,brianjones@example.com,+1-503-996-0011x558,2026-01-22
976,Mckenzie Garcia,Male,44,14,thompsonpaul@example.net,560-344-4113x8713,2025-06-14
977,Kevin Rivera,Male,38,20,vbrown@example.com,202-799-5778x7482,2022-01-10
978,Mark Cook,Female,36,9,ghobbs@example.com,308.454.4346x13606,2026-04-15
979,Michael Randall,Male,32,14,idavenport@example.org,(531)640-0789x8713,2023-05-14
980,Autumn Montoya,Male,28,44,fordjay@example.net,(433)485-7495,2023-01-24
981,Tyler Wise,Male,25,33,danny92@example.com,2612196690,2021-10-22
982,Sean Brown,Male,34,42,amanda15@example.com,001-729-549-2382x6553,2025-05-31
983,Gregory Lawrence,Female,27,11,bookermiguel@example.org,+1-582-584-5371x006,2021-11-04
984,William Allen,Female,59,13,pcaldwell@example.com,001-525-927-7490x4218,2026-06-10
985,Richard Smith,Female,25,47,dylan01@example.net,6186820924,2023-05-17
986,Margaret Lozano,Male,37,23,jmitchell@example.net,(213)248-9814x8659,2023-05-19
987,Erik Sparks,Female,28,35,omar58@example.net,001-915-938-2302x0892,2023-07-28
988,Patrick Villa MD,Male,23,27,gvelasquez@example.org,706-586-7406x4004,2026-02-28
989,Lisa Black,Male,38,37,stephanie29@example.com,+1-694-912-4776x812,2026-07-17
990,Jeffrey Santana,Male,44,19,ageorge@example.net,(643)513-3557x91426,2022-08-04
991,Kimberly Johnson,Female,34,25,michaelbray@example.org,975.631.7049,2025-04-21
992,Jose Wilson,Female,45,6,gregoryfranklin@example.com,(373)298-6615x04713,2024-01-30
993,Alexandra Campbell,Male,44,20,zphillips@example.org,(575)689-6983,2021-11-15
994,Kayla Sims,Female,24,38,wadams@example.com,824.847.6906x8075,2024-09-07
995,Sharon Sims,Male,30,8,jennifercortez@example.com,453-413-5614x323,2025-08-02
996,Kayla Young,Female,25,37,vallen@example.com,+1-434-218-2061x71160,2022-07-12
997,Joshua Castillo,Male,61,27,emmagarcia@example.com,915.706.1230x6284,2022-03-05
998,Ryan Hess,Male,46,18,johnpetersen@example.com,699-516-8441x562,2022-04-07
999,Rodney Taylor,Male,25,32,chadhull@example.net,+1-259-917-2926x676,2025-01-29
1000,Dennis Clark,Male,24,17,greenjuan@example.net,(258)217-8826,2022-07-07
1001,Steven Smith,Female,19,15,shelley01@example.com,210.617.1088x44137,2022-06-09
1002,Vincent Reese,Female,29,39,nroberts@example.com,001-277-771-2749x967,2023-11-02
1003,Eric Mills,Male,60,49,jessica26@example.com,867-463-4635x2650,2024-04-06
1004,Alexandra Winters,Female,24,22,lclarke@example.org,+1-643-381-7514x80195,2025-09-22
1005,Ryan Harper,Male,42,17,coffeychris@example.net,802-465-6509x055,2022-02-11
1006,Lisa Davila,Female,60,8,aaron15@example.org,343-795-5235x0098,2021-12-06
1007,Logan Bailey,Male,49,32,angelamaddox@example.com,378.981.9506x179,2025-12-18
1008,Daniel Sanchez,Female,28,21,angelmartin@example.org,001-503-526-4412x0814,2026-02-03
1009,Tiffany Martinez,Male,44,17,jamesperez@example.net,422.885.1187,2021-10-12
1010,Lisa Buckley,Female,49,51,natalie02@example.com,906.513.2246,2024-03-25
1011,Richard Davis,Male,48,30,kristine01@example.net,+1-586-463-5427x5608,2021-09-19
1012,David White,Female,52,44,elizabeth49@example.net,001-316-387-6755x026,2024-11-29
1013,Gordon Gibson,Female,28,20,pagebrent@example.org,(970)775-0467x01387,2026-06-27
1014,Bruce Hall,Male,51,31,amiller@example.org,479-756-3490x288,2021-10-13
1015,Christian Jordan,Female,24,35,amy03@example.org,+1-596-633-6638,2022-02-13
1016,Megan Brown,Male,30,21,katie01@example.com,001-729-443-2020x9185,2024-08-19
1017,Cheyenne Reed,Male,57,53,wmayer@example.net,9466838337,2022-07-13
1018,Michael Rice,Female,44,18,lmontgomery@example.net,255.517.0248x997,2022-12-16
1019,Karen Tapia,Female,36,5,victordyer@example.net,+1-261-875-5500,2021-12-24
1020,Jasmine Morris,Male,18,22,qhernandez@example.com,365-218-5697,2021-09-18
1021,Michael Terrell,Female,27,6,qburns@example.net,+1-959-963-0530x377,2024-09-12
1022,Nicholas Kemp,Female,47,36,hayley56@example.org,572-457-7881,2025-04-26
1023,Makayla Carey,Female,48,21,erika81@example.com,233-557-2508,2022-11-29
1024,Shane Simmons,Male,36,34,britter@example.com,001-384-429-3958x868,2025-04-19
1025,Samantha Brown,Male,46,49,ronald30@example.org,001-644-678-4774x4787,2022-11-02
1026,Nicholas Phillips,Female,50,52,josephchandler@example.net,6163876807,2026-01-24
1027,Bethany Lopez,Male,40,13,petersmatthew@example.net,921-337-2567x1331,2024-07-01
1028,John Casey,Female,58,29,diaztonya@example.org,001-457-692-9373x039,2023-10-09
1029,Tracy Patterson,Female,61,48,brian62@example.com,932.670.8113x0415,2023-09-20
1030,Manuel White,Female,50,44,perkinsstephanie@example.net,8862689288,2022-08-14
1031,Thomas Taylor,Female,30,18,jsmith@example.net,623-653-8933x880,2022-02-09
1032,Donna Elliott,Female,31,25,morrowsharon@example.com,(517)716-2320,2022-05-12
1033,Kathleen Chen,Female,55,35,alvaradorobert@example.net,863.625.6516x947,2026-04-16
1034,John Thompson,Female,33,46,carolrush@example.net,(889)866-1699,2021-10-16
1035,Tammy Dudley,Female,32,37,ewhite@example.org,942.293.1505x32189,2022-06-06
1036,Danielle Gray,Female,60,32,villanuevajessica@example.com,(692)460-1782,2024-02-13
1037,Larry Caldwell,Male,58,19,juliephillips@example.com,507.845.5308x75836,2021-10-10
1038,Sherry Diaz,Male,44,52,bhowe@example.net,518-495-9606x304,2024-09-08
1039,Brooke Burgess,Male,62,29,michelle32@example.com,(691)276-5130x32719,2022-02-09
1040,Carol Anderson,Male,40,51,natalie91@example.org,673-387-3341x00289,2025-03-14
1041,Jonathan Morris,Male,34,5,bennettallison@example.com,776-311-5221x09527,2023-03-08
1042,Reginald Zimmerman,Male,27,4,dbutler@example.org,(227)662-1634,2023-01-16
1043,James Mueller,Female,62,7,bmcmillan@example.net,828-341-1925,2024-04-17
1044,Patricia Hurley,Female,53,31,ilewis@example.org,988-895-0595x434,2025-04-21
1045,Christine Martin,Male,62,54,rachel74@example.com,+1-642-848-2939x43094,2023-07-22
1046,Bryan Coleman,Male,65,54,blong@example.com,661.748.7368x714,2023-04-19
1047,Drew Dunlap,Male,61,11,strevino@example.net,001-437-795-1493x498,2025-04-02
1048,Christopher Thompson,Female,50,22,karenwatson@example.com,(916)813-7954x851,2022-05-30
1049,Veronica Gonzalez,Male,32,25,joseph79@example.com,305-457-9227x63479,2023-10-13
1050,Mark Schaefer,Male,44,27,cmiller@example.com,5974179114,2026-04-02
1051,Ryan Mathis,Male,44,22,goconnor@example.com,+1-475-771-2469,2025-12-21
1052,Bradley Kirk,Female,35,19,perezross@example.com,(710)357-0977x14929,2022-06-03
1053,Michele Bond,Male,45,52,jliu@example.com,203-926-3515x000,2023-02-03
1054,Darius Burns,Male,22,5,david32@example.com,851.708.0708x41783,2022-07-04
1055,Kelly Johnson,Male,60,38,housealyssa@example.org,+1-356-605-3715x138,2025-02-25
1056,Charles Griffin,Female,20,2,msharp@example.org,(514)987-2260,2022-06-12
1057,Laurie Wright,Female,43,35,pwatson@example.com,5042349317,2025-07-21
1058,Ryan Ramirez,Male,45,8,carrie74@example.org,+1-771-662-6701x337,2022-03-06
1059,Brandi Johnson,Male,42,43,katie93@example.net,001-690-212-0870x39998,2026-08-24
1060,Kenneth Willis,Female,59,18,heather22@example.com,422.966.8933,2022-09-04
1061,Carlos Dixon,Female,57,1,kingcaleb@example.net,+1-453-537-9261x849,2024-08-01
1062,Elizabeth Robertson,Female,42,1,john42@example.net,876-283-7983x223,2026-09-11
1063,Matthew Skinner,Female,46,5,nfrey@example.net,832-419-4615x59791,2023-09-17
1064,Danielle Klein,Male,19,49,fschneider@example.com,(543)790-0284x979,2022-02-13
1065,Brian Marshall,Female,47,43,deborahaustin@example.org,(521)272-2824x73907,2025-11-14
1066,Shane Mendez DDS,Male,54,43,jacqueline82@example.com,935.553.1892,2024-05-28
1067,Chelsea Sampson,Female,49,27,alyssa07@example.net,653.676.1707x9917,2025-10-30
1068,Ryan Rodriguez,Female,48,40,justin11@example.net,001-749-832-3276x709,2023-12-28
1069,Katie Wells,Male,33,15,harringtonandrea@example.com,526.435.9872x10963,2023-05-30
1070,Sarah Zimmerman,Male,54,28,zmarshall@example.net,(734)988-6998x175,2026-01-11
1071,Tammy Nelson,Male,32,37,yjames@example.net,001-898-885-3449x1748,2023-12-07
1072,Carol Morris,Female,18,12,virginia99@example.com,933.993.2975x9527,2022-02-17
1073,Melissa Franco,Female,46,32,kelly29@example.org,446-660-2158,2022-01-01
1074,Justin Peterson,Female,40,49,bradleyward@example.org,764-687-3379x68110,2026-04-18
1075,Donna Smith,Male,48,30,harrisjulie@example.net,523-433-7878,2023-03-12
1076,Adrian Cochran,Male,54,14,vcooper@example.org,786.883.5799,2026-09-10
1077,Jessica Booth,Male,57,18,porterkevin@example.com,+1-337-658-5997x07297,2022-12-23
1078,Julie Wright,Male,18,29,josephhiggins@example.net,797.763.6183x67610,2026-08-16
1079,Michael Brown,Female,64,35,lisanewman@example.com,667.461.1348x6402,2022-06-13
1080,Richard Velez,Male,45,39,slewis@example.org,+1-288-610-0199x402,2025-03-15
1081,Patricia Decker,Male,23,16,adriana03@example.org,+1-913-763-3337x4422,2024-07-02
1082,David Castro,Female,65,44,marc33@example.com,001-311-940-4811x876,2026-03-15
1083,Angela Valentine,Female,46,9,sandra74@example.com,628.956.6988x9886,2023-08-26
1084,Austin Brock,Male,64,49,bkeith@example.com,213.428.8967,2024-10-23
1085,Carlos Watson,Male,52,45,gtyler@example.com,236-477-2787,2026-04-27
1086,Mr. Jonathon Davis DDS,Male,25,30,williamslindsey@example.net,669-360-4618,2025-05-18
1087,Rachel Johnson,Female,28,16,jennifermartinez@example.org,788-892-0726,2023-01-28
1088,Sabrina Martin,Male,55,45,connie73@example.net,874.842.4696,2024-10-11
1089,Natalie Peterson,Female,25,11,morganvickie@example.net,664-798-8203x317,2024-10-23
1090,Christine Wagner,Female,40,50,isabella20@example.org,8054054552,2024-06-13
1091,Rachel Reyes,Female,57,18,emilyayers@example.com,271-380-1669,2021-11-18
1092,Erica Johnson,Male,27,21,zking@example.net,418-978-6230x25132,2022-02-07
1093,Kylie Gallagher,Male,49,1,abradley@example.net,(621)346-4863x80165,2023-06-21
1094,Sandra Jimenez DDS,Female,26,25,jeffrey05@example.org,695.448.8029x326,2023-02-15
1095,Karla Brown,Female,38,29,laura30@example.com,(950)210-1541x6640,2025-12-11
1096,Alexander Sanchez,Female,37,48,edward29@example.net,858.548.7805x27022,2024-02-19
1097,Rebecca Miles,Male,28,3,kelseywade@example.org,001-265-367-4391,2023-06-29
1098,Sarah Olson,Female,21,24,mckenziecoleman@example.net,990.655.8530,2023-11-19
1099,Amy Mata,Male,22,26,huangamanda@example.org,001-515-764-6453x6176,2024-09-25
1100,Rebecca Gray,Female,27,26,brodriguez@example.net,258.321.2639x998,2022-06-18
1101,Carrie Williams,Female,22,44,baxterbrittany@example.org,448-921-6591x67449,2022-06-15
1102,Kevin Young,Female,51,48,kelseyjackson@example.org,(380)233-0751x5087,2023-08-13
1103,Mary James,Female,44,44,douglasnielsen@example.com,+1-507-900-9882x2528,2025-01-27
1104,Amy Villa,Female,42,7,walkerdanielle@example.com,+1-676-612-1408x9822,2024-04-26
1105,Patrick Thomas,Male,44,34,dalton71@example.org,862-983-6757x60220,2025-09-10
1106,Jeremy Mahoney,Female,22,7,livingstonspencer@example.org,(781)310-5335x492,2021-09-24
1107,James Hernandez,Male,61,29,hthompson@example.net,(638)805-6792,2024-04-09
1108,Benjamin Jones,Female,46,16,mthompson@example.net,(707)553-2474x108,2026-03-31
1109,Erin Smith,Male,51,30,johnsonmark@example.com,(455)511-5117,2024-11-21
1110,Margaret Hudson,Male,55,24,robertmartinez@example.org,888.642.6527x2536,2025-10-07
1111,Christopher Butler,Female,64,48,ccopeland@example.org,+1-631-323-0628x66472,2024-10-03
1112,James Williams,Male,40,19,samantha39@example.com,723-231-1791,2025-02-21
1113,Heather Cain,Female,37,33,mary73@example.com,+1-816-479-6991x60561,2023-08-10
1114,Nicholas Saunders,Female,26,37,sarah79@example.net,570-480-9512,2026-03-22
1115,Kaylee Holden,Male,65,53,charleskennedy@example.net,+1-651-851-5744x0986,2023-11-04
1116,Michael Anderson,Female,55,7,sbird@example.net,001-687-806-2809x28476,2024-05-30
1117,Megan Reid,Female,45,37,princejennifer@example.org,+1-952-645-9910x503,2025-07-26
1118,Mike Hardin,Female,46,17,gonzalesashley@example.org,576-533-3404x540,2022-06-29
1119,Steven Gallegos,Male,39,24,barbara04@example.org,(834)409-7650,2026-01-26
1120,Elizabeth Banks,Female,50,45,jrussell@example.com,+1-621-259-6878x137,2022-02-14
1121,Ryan Schmitt,Female,61,50,cmoreno@example.net,963-815-6806,2025-09-26
1122,Oscar Chan,Male,36,6,zbooth@example.org,578.591.4435x4537,2024-11-25
1123,Angela Hicks,Male,34,52,jholland@example.net,+1-727-941-0161x32068,2024-08-09
1124,Juan Waters DDS,Female,61,28,nicolejohnson@example.org,565.977.9373x6498,2023-02-02
1125,Billy Tran,Male,25,41,hhorton@example.org,(763)295-4219,2024-10-17
1126,Bryan Walker,Male,52,1,westmatthew@example.net,723-625-9564x967,2024-03-22
1127,Thomas Jensen,Male,43,7,briana24@example.net,970-555-0786,2025-12-25
1128,Stephanie Koch,Female,63,12,tami80@example.net,304-544-1130x34385,2022-01-27
1129,Randy Walker,Male,24,27,kevin96@example.com,519.543.5752,2022-02-10
1130,Pamela Coffey,Male,64,7,oweaver@example.org,(493)761-7773x9832,2025-03-26
1131,April Brown,Female,39,34,amanda03@example.org,956-771-4329,2024-04-07
1132,Ellen Freeman,Female,48,52,nicolegonzalez@example.org,+1-242-730-1310x91807,2023-08-24
1133,Nancy Sanford,Female,36,43,myerstyler@example.org,764-800-5396,2023-03-15
1134,Peggy Barnes,Female,26,24,kboyd@example.net,(742)716-7830x781,2024-01-09
1135,Dalton Long,Male,37,17,haley02@example.org,919.531.5478,2026-07-06
1136,Rita Peterson,Male,39,41,tinafitzgerald@example.org,993-218-8765x4245,2023-11-06
1137,Cody Tran,Male,46,2,fsanchez@example.org,755.470.4438,2025-02-05
1138,Mark Martinez,Male,21,20,mason68@example.org,+1-689-828-7963x59396,2023-04-07
1139,Patricia Prince,Male,20,38,chambersbradley@example.com,8996149380,2022-08-23
1140,William Mann,Female,53,1,tamara30@example.net,425-617-4720x36329,2025-02-24
1141,Eric Cameron,Male,35,45,kathryn06@example.com,001-585-414-3925,2024-05-04
1142,Ann Smith,Male,57,32,sheltonjason@example.net,2675095887,2024-04-15
1143,Melissa Davis,Male,51,32,grantrhonda@example.com,490.755.8122x28804,2023-04-02
1144,Daniel Schwartz,Female,42,16,yoderricardo@example.org,+1-644-774-0443x819,2024-03-07
1145,Alicia Brown,Female,33,18,tfrank@example.net,+1-940-380-1731x1759,2024-06-26
1146,Angela Brown,Female,42,4,graydaniel@example.com,001-479-462-1112x5439,2021-12-24
1147,Gina Gilbert,Female,62,36,nicole16@example.com,9349594042,2023-03-01
1148,Sarah Thompson,Male,63,16,joe15@example.com,334-719-6851,2023-10-29
1149,Vicki Clark,Male,56,8,danieldavid@example.net,001-223-511-9926x3002,2026-03-10
1150,Lauren Riley,Female,41,29,hallanne@example.org,(298)455-6242,2023-12-29
1151,David Butler,Female,53,37,diane98@example.org,936.228.1750x92294,2023-07-14
1152,Jesse Acevedo,Female,64,43,newmansarah@example.org,+1-782-466-7010x955,2024-05-26
1153,Henry Daniels,Female,44,34,hannah07@example.com,902-613-9371,2024-05-27
1154,Charles Mcknight,Male,62,19,greggmoore@example.org,001-537-789-3165x906,2024-08-16
1155,Jesse Norton,Female,18,11,pattonmatthew@example.net,(638)223-0564x38890,2026-02-14
1156,Sara Christensen,Female,61,29,ojohnson@example.com,001-928-675-5404x426,2024-10-02
1157,Justin Humphrey,Female,60,18,kaylataylor@example.com,818.539.5579x6008,2026-05-18
1158,Brittany Elliott,Female,47,5,humphreyjoanna@example.net,513.464.1567,2024-04-02
1159,Bryan Beasley,Male,22,53,sullivanjamie@example.com,704-836-8065x93803,2023-02-17
1160,Timothy Riley,Male,56,12,jacquelineclark@example.org,782-424-5001x827,2021-11-02
1161,Mark Wilcox,Female,19,37,becktrevor@example.net,363-225-0168x7440,2025-12-18
1162,James Taylor,Male,41,19,wherrera@example.com,9744704074,2026-06-30
1163,Daniel Guerrero,Male,21,23,reyesrichard@example.net,(755)506-5194,2025-04-30
1164,James Nguyen,Male,25,24,kmaldonado@example.net,681.206.8868,2025-02-03
1165,Jacqueline David,Male,20,40,bvega@example.com,763.234.2550,2023-04-22
1166,Jeremiah Boyd,Female,19,46,ianpennington@example.net,001-955-283-3408x415,2025-08-10
1167,Ruben Knox,Female,36,17,christopherduncan@example.org,(562)677-5821x360,2021-12-31
1168,Michael Cox,Male,54,11,uprice@example.com,001-702-231-4090,2026-09-06
1169,Melanie Powers,Male,42,41,davidhunter@example.org,6672923700,2023-04-29
1170,Mrs. Jamie Ruiz,Male,19,33,schroederjesse@example.org,001-942-559-6573x176,2025-04-27
1171,Charlotte Chase,Male,50,8,lisagibson@example.com,+1-564-236-7662x5751,2023-06-04
1172,Taylor Woods,Female,65,44,castanedajames@example.net,534.296.0283x716,2022-01-16
1173,Alex Cardenas,Female,31,44,kerri04@example.com,(883)234-1451,2022-10-24
1174,Keith Hutchinson MD,Female,29,16,ujohnson@example.com,(801)508-5899x38675,2023-02-27
1175,Colleen Smith,Female,35,48,carolineroberson@example.com,270-565-2831x3635,2023-01-17
1176,Zoe Downs,Female,54,26,julie92@example.com,562.572.5722x847,2024-04-07
1177,Alexander Sims,Male,38,40,carlsonmichelle@example.org,334-876-4691x889,2025-02-15
1178,Randall Powell,Male,62,45,jesse39@example.com,399.448.8638x619,2024-03-13
1179,Cody Sweeney,Female,46,18,ywelch@example.org,001-463-210-1732,2023-11-29
1180,Steven Morse,Male,56,38,toddcarroll@example.net,715-624-8911x675,2025-09-12
1181,Kathleen Wood,Male,61,10,vgardner@example.org,656-309-9959x10018,2023-11-02
1182,Bryan Becker,Male,48,54,amiller@example.net,4965870435,2025-02-07
1183,Isabel Nguyen,Male,34,53,jcarter@example.org,9622616587,2021-11-27
1184,Jennifer Spencer,Female,49,3,brian31@example.com,(505)672-3628,2026-03-01
1185,Stacy Hunter,Female,38,4,shortdavid@example.com,826-745-9623x222,2026-02-13
1186,Dr. Rachel Neal,Female,21,45,alvinalvarez@example.org,339-546-8986,2025-12-02
1187,Kari Garrison,Male,41,18,obaird@example.org,+1-251-288-1918x225,2023-09-28
1188,Christopher Miranda,Male,57,8,johnstoneric@example.net,346.284.5945x7470,2025-04-23
1189,Christina Russell,Male,57,8,evansjames@example.net,001-867-360-6204x298,2025-12-15
1190,Paul Wheeler,Female,33,21,nicole14@example.net,(706)627-8112x499,2025-06-20
1191,Jennifer Owens,Female,47,43,gary47@example.org,(444)999-1999x9173,2022-01-27
1192,Rebecca Nguyen,Female,33,47,timothycarter@example.net,400.999.4286,2025-01-11
1193,Chad Henson,Male,32,35,morandawn@example.net,735-624-5015x78064,2026-06-14
1194,Kayla Wright,Male,55,24,lance39@example.org,646-942-3646,2022-02-16
1195,Lori Norris,Female,62,46,joseph75@example.com,(747)401-9563x841,2023-07-13
1196,John Howard,Male,63,17,tammythompson@example.com,(899)416-4840,2024-04-09
1197,Nathaniel Hall,Male,37,18,vaustin@example.net,655.943.7477x17161,2021-09-25
1198,Justin Scott,Male,40,43,kaiseramanda@example.com,+1-518-602-6705x0061,2024-01-03
1199,Richard Williamson,Female,27,7,rachaelromero@example.org,(732)320-3875,2022-08-06
1200,Lindsey Robinson,Male,41,2,andersonshelby@example.org,001-927-335-1852x4481,2023-03-27
1201,Mark Crawford,Male,26,54,nsims@example.org,(980)655-7988x041,2023-03-31
1202,Dylan Schmidt,Male,63,17,knightjeremy@example.com,788.898.4277x43509,2024-06-03
1203,Robert Romero,Male,35,31,eperry@example.com,(216)930-0628x94534,2023-02-07
1204,Nicole Howard,Male,65,17,jgarcia@example.com,968-901-7433x14689,2022-07-12
1205,Jennifer Foley,Female,48,47,emiller@example.net,547.452.1842x2977,2023-12-03
1206,Timothy Simpson,Male,64,14,qkelly@example.org,+1-793-411-4810x973,2024-02-16
1207,Taylor Hopkins,Female,44,14,justinmcclure@example.net,+1-833-506-3644,2023-07-14
1208,Donald Navarro,Male,43,3,andersoncynthia@example.org,255-227-4161x039,2024-12-05
1209,Timothy Coffey,Female,34,48,stephanie22@example.com,(236)383-5710x1309,2024-12-09
1210,Danielle Cunningham,Female,19,3,moniquewashington@example.net,332-450-0973x382,2022-10-08
1211,Amber Walters,Female,41,9,alejandrophillips@example.net,722-407-3674x18128,2026-02-15
1212,Jeffrey Mason,Female,21,20,valerie66@example.com,+1-747-676-3020,2021-10-09
1213,Lori Smith,Female,31,14,ymckay@example.com,(569)951-8868x840,2026-03-11
1214,Matthew Gordon,Female,63,52,judy71@example.com,+1-590-961-7923x66789,2021-12-30
1215,Jordan Smith,Female,61,31,egarner@example.net,+1-789-797-4502,2023-06-25
1216,Allison Hampton,Female,64,38,marthareyes@example.com,(303)727-8898x2159,2023-01-16
1217,Douglas Gillespie,Female,53,10,hunter43@example.com,503.637.8496,2023-09-21
1218,Larry Blackburn,Female,50,41,carolineroberts@example.net,001-886-428-7387,2022-03-23
1219,Robert Parks,Female,36,54,crystal50@example.com,3026248105,2022-06-18
1220,Melissa Rodriguez,Male,55,52,qwiley@example.org,233.526.8957,2026-03-01
1221,Jillian Rice,Female,41,34,nicoleoliver@example.org,637-711-6497,2023-09-07
1222,Daniel Garner,Female,54,29,branchnicholas@example.com,2396626960,2023-01-03
1223,Joseph Evans,Male,20,21,shermanerin@example.com,(361)428-4583,2023-03-15
1224,William Myers,Female,38,45,jgarcia@example.com,001-564-227-1781x05124,2021-09-12
1225,Kristin Zamora,Male,39,26,christina61@example.net,384.720.8361,2022-01-15
1226,Deborah Wilson,Female,41,9,thomasramos@example.net,+1-296-279-7296x708,2024-11-06
1227,Michael Rivers,Female,21,39,karaward@example.net,8186984283,2025-08-08
1228,Colton Ward,Male,52,25,theresawood@example.org,490.626.1536x3967,2024-12-25
1229,Timothy Rogers,Female,27,34,smcdaniel@example.com,981.560.0012,2025-03-10
1230,John Hurley,Female,55,20,martinsherry@example.org,569.400.5882x40742,2025-02-02
1231,Christopher Nguyen,Female,23,40,copelandpeter@example.com,001-364-538-0304,2023-03-17
1232,Kimberly Mcdowell,Female,52,4,ymiller@example.org,(631)771-2365,2024-10-02
1233,Kenneth Brooks,Male,20,49,qroberts@example.net,482-909-0569x3612,2022-09-28
1234,Charles Parks,Female,39,39,bradleyjonathan@example.org,001-238-480-9234,2021-10-31
1235,Melissa Fletcher,Female,39,2,kelly30@example.org,961.574.5338,2025-11-16
1236,Christopher Johnson,Male,23,2,kristawilliams@example.net,001-941-876-8018x29053,2025-12-10
1237,Kimberly Hobbs,Female,41,7,rreeves@example.org,278.338.3409x1720,2025-04-07
1238,Aaron Ferguson,Male,20,36,jamiemcfarland@example.net,659.592.8636,2024-03-19
1239,Lauren Howard,Female,28,24,holmeskenneth@example.com,(314)681-8197x67916,2023-07-03
1240,Jennifer Garcia,Male,32,14,benjaminwalton@example.com,+1-529-718-7439x60713,2025-12-03
1241,Pam Hale,Male,60,47,moniquewilson@example.org,+1-438-971-7080,2022-12-27
1242,Jason Powers,Male,47,11,robinsonjohnny@example.net,594.750.8080x24008,2022-05-16
1243,Sarah Blackwell DDS,Male,34,37,steven63@example.net,218.601.5956,2023-01-09
1244,Carrie Moreno,Male,38,30,zwilliams@example.com,001-502-501-7222,2024-12-13
1245,Elizabeth Wright,Male,27,51,adkinsderek@example.net,2045244948,2022-02-08
1246,John Hunter,Female,25,51,sanchezronald@example.org,729-890-6770x4382,2026-04-06
1247,William Moore,Female,42,13,christine57@example.net,(553)279-9835x72002,2025-12-10
1248,Jeff Mendez,Female,31,43,tshort@example.org,001-685-299-1543x3247,2025-04-09
1249,Rebecca Warren,Female,24,18,fullersara@example.com,001-760-542-3202x847,2025-07-04
1250,Jeff Johnson,Male,52,31,hgarza@example.com,001-602-528-7578x05992,2024-03-24
1251,Gloria Poole,Male,36,29,craig50@example.com,(965)727-9996x27166,2025-07-21
1252,Stephen Palmer,Male,59,7,joel93@example.org,7373815374,2024-03-23
1253,Donna Dunn,Male,38,27,churchdaniel@example.net,(306)231-3290,2023-11-19
1254,Tamara Thompson,Male,21,24,lmcintyre@example.org,(705)674-0619,2024-04-24
1255,Gregory Campbell,Male,53,47,jjohnson@example.com,877-996-8818x276,2026-03-09
1256,Kimberly Carroll,Male,28,45,lflynn@example.org,975.331.6902,2023-06-30
1257,Carlos Carpenter,Female,32,16,jonesjacob@example.org,(804)276-9456x681,2026-02-04
1258,Adam Lewis,Female,55,28,antonio29@example.com,3146660981,2025-12-02
1259,Christopher Adkins,Male,30,52,ghayes@example.com,001-493-925-4379x877,2024-10-29
1260,Zachary Faulkner,Male,26,8,lkelly@example.com,945-744-7454,2025-08-14
1261,Ian Cole,Female,56,37,amywilson@example.net,+1-651-694-1360x97310,2024-01-25
1262,Tracy Melendez,Female,36,29,jfreeman@example.com,346.946.4252x405,2026-06-13
1263,James Lee,Male,30,26,qsmith@example.org,295.593.5450x6815,2025-03-13
1264,Brent Guzman,Female,64,22,matthew92@example.net,9692261765,2023-01-24
1265,Robert Fowler,Female,38,2,jenniferwalter@example.org,547-546-6020x720,2021-11-25
1266,Eileen Rojas,Female,47,5,wardsheryl@example.org,+1-213-915-8054x2928,2022-09-27
1267,Brian Delgado,Male,44,6,wilsonjohn@example.org,912-528-7673x58306,2024-09-26
1268,Michael Arnold,Male,63,14,daniel64@example.net,+1-315-550-2323x0913,2022-08-29
1269,Andrea Smith,Female,27,13,danielsamanda@example.net,(429)980-9115x6189,2025-11-06
1270,Ashley Thompson,Female,62,10,danielle78@example.com,620.411.4314,2024-04-07
1271,Nathan Molina,Male,54,26,ujohnson@example.net,001-859-280-9851x7620,2022-10-02
1272,Connor Paul,Male,61,17,umcmillan@example.org,(283)906-6293x959,2026-03-12
1273,Courtney Rodriguez,Female,63,16,taylorricardo@example.org,452-955-6787x2278,2021-11-18
1274,Leah Callahan,Female,59,9,kristendixon@example.org,741-907-3030,2025-06-05
1275,David Goodwin,Male,60,17,tiffany57@example.org,257.557.8816,2022-01-09
1276,Lydia Edwards,Female,60,39,ucarson@example.net,773.336.8181x798,2025-06-12
1277,Andrew Holt,Female,51,21,susanyoung@example.com,915.472.1521,2024-10-14
1278,Sean Diaz,Female,61,34,wbecker@example.net,(561)979-2949x81844,2023-03-10
1279,Gregory Clark,Female,41,4,daniel41@example.org,+1-501-520-7651x2375,2024-05-28
1280,Gregory Burke,Male,23,33,sean58@example.com,752-499-2696x6034,2022-04-01
1281,Scott English,Male,60,11,ohunter@example.net,(884)740-3377x25090,2022-04-15
1282,Jeffery Cruz,Female,57,32,erin90@example.net,(666)931-6524,2025-01-10
1283,James Gonzales,Female,44,32,ryangonzalez@example.org,001-984-356-8551x499,2023-06-08
1284,Kara Bradley,Female,62,10,aguilarjose@example.net,668-889-5736x04779,2022-10-25
1285,Paige Hansen,Female,50,42,tracy75@example.net,848-624-8918,2025-12-24
1286,Stephanie Barton,Male,20,3,aaronnguyen@example.net,682-480-4058,2025-11-23
1287,Christopher Johnson,Female,37,9,amy50@example.org,(406)665-9708x174,2025-05-09
1288,Michael Bright,Male,37,32,mitchellchristopher@example.net,682-632-4588,2022-09-28
1289,James Murphy,Male,51,12,nancycarr@example.net,(608)843-3354,2023-05-18
1290,Jason Griffin,Female,43,30,richardsonnicholas@example.net,(464)621-8545x533,2024-11-06
1291,Nicholas Cox,Female,48,34,jose57@example.net,+1-456-865-1817x6734,2023-08-01
1292,Jeremy Martin,Male,61,24,nwilkerson@example.org,352.297.7948x767,2025-08-24
1293,Zachary Macdonald,Male,19,34,stephanie59@example.com,001-574-350-1576,2023-04-07
1294,Angela Joseph,Male,37,25,sandra98@example.org,759.854.5959x47144,2022-10-30
1295,Wesley Wyatt,Male,39,25,jennifer59@example.com,+1-651-477-4368x7837,2024-08-07
1296,Patrick Johnson,Female,38,13,sjones@example.net,658.752.5184,2022-02-15
1297,John Rojas,Male,50,6,christophermassey@example.com,+1-894-616-1708x47520,2026-07-01
1298,Erica Hubbard,Female,41,24,william38@example.net,369-852-2522,2022-04-23
1299,Joshua Leach,Male,42,32,kevinrodriguez@example.org,301.343.1024,2024-08-02
1300,Glen Rodriguez,Male,43,8,lyonsevelyn@example.com,001-261-525-9370x101,2021-11-02
1301,Sharon Bender,Male,24,48,phillipsallen@example.org,2943417385,2026-08-22
1302,Steven Hansen,Female,35,39,schmidtandrew@example.net,661.858.9469x377,2022-12-10
1303,Rose Hernandez,Female,57,34,karen75@example.net,(787)731-3781x33757,2026-02-21
1304,Joshua Espinoza,Female,60,47,youngcarol@example.net,001-211-411-3308x2245,2024-12-14
1305,Jonathan Clark,Male,65,34,michelle88@example.net,(404)966-3197x4496,2024-08-04
1306,Daniel Wilson,Female,50,18,sophia65@example.com,+1-202-337-3996x971,2022-02-02
1307,Danielle Hood,Male,24,30,kiara18@example.org,598-603-5538x8715,2025-01-09
1308,Victor Lopez,Male,60,20,adambailey@example.org,402.553.0890,2022-07-22
1309,Kim Delgado,Female,54,48,daisy33@example.com,001-505-959-2074x62284,2023-10-03
1310,Leslie Baldwin,Male,25,14,tjennings@example.org,222-679-1257,2022-05-26
1311,Megan Gonzalez,Male,60,18,willisjennifer@example.net,743.317.3965x433,2021-12-29
1312,William Robertson,Female,64,35,pschmidt@example.org,8857038463,2026-03-15
1313,Joseph Wheeler,Male,61,38,lopezjennifer@example.net,5369422745,2022-11-14
1314,Brett Peterson,Female,53,39,aaron29@example.com,4448917076,2025-07-28
1315,Elijah Lynch,Male,21,48,jacob65@example.org,+1-810-711-3219,2023-09-15
1316,James Shaw,Male,44,13,kparker@example.com,+1-618-277-2704x65363,2024-12-19
1317,Donna Gonzalez,Female,25,44,hatfieldsteven@example.net,001-377-296-0761x62336,2022-04-10
1318,David Smith,Male,35,53,umcpherson@example.org,613-586-4173,2022-01-30
1319,Brittany Marshall,Female,24,14,ralph64@example.net,+1-362-651-2223x220,2024-12-31
1320,Angela Ray,Female,63,30,rosesharon@example.org,001-361-325-3981x127,2023-06-19
1321,Jonathan Miller,Male,64,25,karenmoore@example.net,+1-729-649-1565,2023-08-21
1322,Sabrina Ford,Female,18,8,julielewis@example.net,4506704623,2023-04-12
1323,Michael Jenkins,Female,64,54,lwilliams@example.net,+1-571-622-8803,2024-03-15
1324,Bradley Gill DDS,Female,60,41,sandralin@example.org,755-486-9466x702,2022-11-12
1325,Michele Scott,Female,49,14,jhale@example.net,(571)542-4575x95211,2025-01-08
1326,Cassandra Rollins,Female,22,53,kennethhall@example.org,915-861-1624,2026-07-19
1327,Kristin Salinas,Female,38,3,hailey88@example.org,566-758-4100x7544,2022-06-26
1328,Jeremiah Barry,Female,44,42,moorejason@example.org,624-772-6584,2024-09-23
1329,Alexis Aguilar,Female,63,54,yhernandez@example.net,001-764-522-9645,2023-08-22
1330,Caitlyn Moore,Male,47,45,brittany21@example.org,880-675-9031,2025-11-15
1331,Eric Cooper,Male,40,34,frederickcaitlin@example.com,(920)218-1982,2024-05-27
1332,Robert Blackwell,Male,37,35,fletchersamantha@example.net,592-736-4865x862,2023-10-19
1333,Dominic Snyder,Female,49,49,znguyen@example.net,(902)405-6379x5000,2022-10-01
1334,Kayla Rodriguez DDS,Female,50,50,pwong@example.net,(629)396-0972x34275,2024-02-27
1335,William Lambert,Male,63,4,bettyherrera@example.org,322-993-2612x76555,2026-07-29
1336,Zachary Flores,Male,27,36,vnichols@example.net,+1-911-358-1996x36179,2026-09-08
1337,Paul King DDS,Male,32,17,hillcarmen@example.net,+1-987-811-3877x2315,2024-11-04
1338,Timothy Blair,Male,21,49,sarah44@example.net,+1-855-524-6591x343,2025-12-09
1339,Troy Fox,Female,58,33,cooperjean@example.com,405.807.7916,2026-04-30
1340,Holly Cooper,Female,18,2,charles13@example.net,617-661-2308x447,2025-02-25
1341,Emily Reyes,Male,28,8,collin46@example.com,001-803-258-6634x2748,2021-11-01
1342,Joseph Murphy,Male,22,52,mtownsend@example.com,001-242-324-2927x183,2024-06-01
1343,Elizabeth Perez,Male,56,50,carmstrong@example.com,632.817.0969,2025-11-18
1344,Austin Moore,Male,43,9,chelseahines@example.com,524.242.3002x847,2023-06-17
1345,Tammy Walker,Male,26,21,roblesheather@example.net,2797433246,2025-11-27
1346,Michelle Sims,Female,63,48,ogonzales@example.net,860.550.9716x968,2026-02-21
1347,Travis Reynolds,Female,63,32,kristinharris@example.org,001-321-314-9688,2022-10-22
1348,Joshua Giles,Female,26,22,kennethspears@example.com,(739)243-9908,2026-02-18
1349,Lori Mckinney,Female,37,21,robertbuckley@example.org,001-422-945-1741x48202,2026-02-03
1350,Maureen Schwartz,Female,25,9,robinsondeanna@example.net,(573)863-9385x4988,2023-07-10
1351,John Harris,Male,34,25,jenniferblankenship@example.net,+1-852-321-9656x91862,2025-03-08
1352,Wesley Krause,Male,57,22,ievans@example.org,+1-854-642-0490x913,2025-02-23
1353,Wayne Sandoval,Female,47,43,lcruz@example.org,985-486-2265x0880,2022-09-03
1354,Stephanie Novak,Female,65,24,wendy15@example.com,001-265-687-0377,2023-06-02
1355,David Young,Male,18,23,whitakerdaniel@example.net,811.819.4817x189,2025-04-07
1356,Brittany Irwin,Male,34,18,zortiz@example.net,3423221965,2023-12-22
1357,Patrick Lynn,Female,45,23,iwebster@example.org,843.528.1776x87150,2022-10-03
1358,David Nguyen,Female,41,24,cortezshawn@example.org,231-457-5847x3657,2023-12-05
1359,Dawn House,Female,20,20,twilliams@example.com,972.317.5766x97285,2023-08-15
1360,Thomas Ross,Female,64,42,adkinsjohnny@example.org,+1-288-442-1468,2024-11-28
1361,Daniel Morgan,Female,38,26,blamb@example.com,+1-688-664-5163x8201,2022-11-05
1362,Blake Dalton,Female,19,23,mdavis@example.net,+1-848-706-4882x53407,2025-12-11
1363,Kristen Shepard,Female,50,8,kellycooper@example.net,001-513-451-5944,2026-03-02
1364,Ronald Barrett,Female,57,38,johnsanders@example.net,628.510.1848x5545,2021-12-03
1365,Michelle Elliott,Female,51,36,brookssamantha@example.com,907.888.5674x760,2023-08-21
1366,Carmen Thomas,Male,51,27,marciarobbins@example.com,001-805-874-6898,2023-11-19
1367,Carol Anderson,Male,32,39,david58@example.org,+1-539-856-6484x667,2022-09-11
1368,James Erickson,Male,48,12,abird@example.com,6005088972,2023-02-20
1369,Holly Jones,Male,29,53,joe79@example.net,922.859.6232,2024-01-23
1370,Nicole Atkinson,Female,33,17,ialexander@example.org,001-465-943-7298x8854,2025-09-12
1371,Alexis Miller,Female,19,46,jennifergarcia@example.org,+1-907-377-7013x12835,2023-11-19
1372,James Jones,Female,39,4,william29@example.com,+1-869-491-8489x8413,2025-01-22
1373,Laura Warner,Male,52,12,bryan56@example.net,(279)947-9148x4220,2026-06-29
1374,Joe Gonzalez,Male,61,30,tjones@example.net,691-604-4355x4704,2023-04-20
1375,Nathan Carter,Female,21,25,jamiebarrett@example.org,+1-842-546-3124x417,2023-09-20
1376,Elizabeth Mills,Female,39,4,wblair@example.net,001-204-770-6854x290,2022-04-13
1377,Jacqueline Alvarez,Female,55,22,christophersmith@example.org,001-387-984-6000x46602,2022-12-27
1378,Erika Baker,Male,26,15,alicepacheco@example.org,846.950.0049,2022-07-08
1379,Jacob Sandoval,Male,43,32,melissagomez@example.org,001-946-724-7649x32043,2023-11-26
1380,Connor Carney,Male,43,45,ryanvaughan@example.com,+1-617-779-6698x395,2021-10-28
1381,Kimberly Bowman,Female,20,44,jennifer35@example.net,+1-392-690-9775x2030,2023-04-17
1382,Benjamin Wilson,Male,65,51,laurasmith@example.com,9634492445,2023-08-23
1383,John Haas,Female,47,45,michaelsummers@example.org,001-306-234-8475,2026-06-22
1384,Megan Riddle,Female,64,24,robertcase@example.net,2736480731,2022-07-23
1385,Andrew Jackson,Male,64,47,devinmatthews@example.net,678.729.7184x74522,2024-01-22
1386,Jerome Carter,Female,56,13,ngrimes@example.net,338.619.9243x760,2026-03-06
1387,Jamie Long,Female,30,46,woodardjennifer@example.net,978.350.4971x0428,2024-07-26
1388,Roger Brown,Male,44,30,michaelperez@example.net,001-276-747-4417x223,2022-01-06
1389,Christina Maddox,Female,49,17,ericharris@example.com,439-544-7759x407,2025-01-18
1390,Kenneth Oliver,Female,26,40,justin54@example.net,+1-261-943-8399,2022-03-06
1391,Christian Thompson,Male,21,51,alan50@example.com,909-753-1462x2294,2021-10-24
1392,Amber Butler,Male,51,36,william66@example.net,277-529-8445x0691,2025-11-30
1393,Ashley Cooper,Female,53,11,sanchezpamela@example.com,910.209.1004x811,2024-12-27
1394,Margaret Moyer,Female,39,23,lindseydylan@example.net,6333130132,2024-07-23
1395,Susan Thomas,Male,53,9,gonzalescrystal@example.com,001-714-673-8452,2025-02-20
1396,Joshua Gonzalez,Female,34,32,cgallagher@example.org,(549)440-3650,2022-11-21
1397,Nicole Tapia,Female,28,18,hernandeztimothy@example.net,+1-748-504-5065x68700,2026-02-12
1398,Jason Brown,Male,62,52,ebonygreen@example.org,7504627309,2025-09-10
1399,Madison Nguyen,Male,61,34,owensjustin@example.com,001-514-491-6756x0483,2022-11-14
1400,Melissa Alvarado,Male,50,5,inelson@example.net,+1-819-419-5675x4949,2025-05-19
1401,Lucas Rubio,Male,48,46,maureen85@example.net,2546057302,2023-09-11
1402,Jose Macias,Male,53,33,davisfrederick@example.net,691.840.1162,2021-10-19
1403,Mr. Douglas Nguyen DVM,Female,37,48,robertjohnston@example.com,001-301-669-5706x37372,2026-07-30
1404,Christian Nichols,Male,62,51,burnssteven@example.net,486.963.9704,2025-02-11
1405,Lisa Ortiz,Female,31,8,stephanieperez@example.org,(621)896-6244x2598,2026-07-16
1406,John Pacheco,Female,37,32,ramospatrick@example.org,525.800.6304x488,2024-09-02
1407,Juan Daniel,Male,26,4,edwardseric@example.com,001-830-841-1220,2023-11-03
1408,Mr. Kyle Taylor,Female,40,24,lburns@example.com,688.889.8598x9864,2026-04-08
1409,Jenny Griffith,Female,55,39,adambrown@example.org,+1-769-274-0806,2024-01-24
1410,Daniel Greene,Female,19,41,shannonjohnston@example.com,001-785-923-2628x41117,2023-11-25
1411,Charles Webb,Female,42,20,herrerajames@example.org,(554)638-3064,2022-02-02
1412,Nicole Brown,Male,29,39,michellestephens@example.org,+1-551-981-7142x164,2026-08-26
1413,Zachary Scott,Male,34,5,elizabethgiles@example.org,687.900.0443,2023-09-26
1414,James Blackwell,Male,39,7,hdrake@example.com,728-554-5199x55602,2026-02-13
1415,George Herrera,Male,51,30,tyler51@example.net,(216)516-2239,2022-01-17
1416,Todd Evans,Female,40,22,lindawagner@example.com,(545)497-5219,2023-05-12
1417,Sarah Taylor,Female,58,35,timothyhurst@example.net,001-297-509-3731x5110,2023-07-25
1418,Brooke Sullivan,Male,42,23,afrey@example.com,+1-557-832-6636x0009,2021-11-22
1419,Mary Thomas,Female,28,30,deborah27@example.com,+1-341-311-3217x685,2025-05-17
1420,Diane Walker,Male,20,40,cobbmatthew@example.org,(692)472-8201x7046,2021-10-16
1421,Troy Ross,Female,61,41,anne30@example.net,(836)593-9650x408,2021-11-19
1422,Damon Hall,Male,54,6,jonathan17@example.com,553-248-0599x9111,2022-01-21
1423,Mary Gonzales,Female,45,31,cadams@example.com,001-648-922-5314x388,2026-05-03
1424,Carlos Daniels,Female,53,38,lauraharrison@example.org,001-462-377-0924x258,2026-03-03
1425,Elizabeth Russell,Female,24,43,finleyanthony@example.net,(400)991-9539,2023-03-19
1426,Joseph Brown,Female,49,49,rodriguezchelsea@example.net,465.606.1742x4232,2026-04-08
1427,Ronald Williams,Male,65,4,karinajames@example.org,887.982.4468x6452,2025-06-02
1428,Nathaniel Martinez,Male,39,23,ambermartinez@example.net,+1-270-499-5577x335,2025-05-24
1429,Catherine Hansen,Male,28,41,gmcguire@example.net,228.972.0050x77208,2024-02-20
1430,Kathy Hudson,Male,18,29,sorr@example.org,8557261618,2023-12-05
1431,Jessica Adams,Male,47,8,btravis@example.net,461-519-6051x6114,2022-08-15
1432,Chad Jennings,Male,65,43,danielle34@example.com,687-391-7549x8763,2023-03-06
1433,Brandy Wagner,Male,56,11,michael85@example.com,960-492-5670x1351,2023-02-11
1434,Ashley Brown,Male,54,18,alisha14@example.org,2537190764,2022-03-10
1435,Joseph Hernandez,Male,26,45,ana08@example.net,+1-967-945-4004,2026-07-16
1436,Joseph Gutierrez,Male,39,49,kevinthomas@example.org,427-928-8075x24228,2026-07-30
1437,Michele Brown,Male,64,44,williamssarah@example.com,779.694.7563,2021-11-15
1438,Douglas Rogers,Male,64,9,ryanmitchell@example.com,575.482.9643,2021-11-02
1439,Heather Welch,Male,37,28,caldwellchristopher@example.net,+1-232-249-2350x576,2022-01-20
1440,David Fleming,Female,22,42,fraziersharon@example.net,(672)278-0086x7298,2025-03-18
1441,Stephanie Butler,Male,29,27,nancy67@example.org,858-404-6761x92832,2023-03-07
1442,Aaron Johnson,Female,28,14,terriwong@example.org,423-449-1418,2024-08-13
1443,David Davis,Female,46,2,deannagarcia@example.org,(982)572-8443,2024-02-01
1444,Phillip Cherry,Male,47,52,christophervaldez@example.net,(650)760-6591x598,2026-02-16
1445,David Taylor,Female,35,2,kgraham@example.com,001-551-453-5973x624,2024-01-09
1446,Andrew Holmes,Female,36,14,newmanscott@example.com,978-223-6715,2023-04-30
1447,Nicole Bell,Female,57,26,ljohnson@example.net,001-486-319-2554x7062,2024-07-18
1448,Heather Mayo,Female,37,22,hubbardmatthew@example.com,+1-237-477-6435x603,2023-06-22
1449,Jack Mora,Female,57,52,maria90@example.com,398.512.4896x1548,2023-08-11
1450,Jennifer Robbins,Female,59,9,john88@example.net,724.494.7781x22940,2026-04-06
1451,Darlene Moon,Male,42,29,vcastro@example.com,001-451-687-3376x9901,2024-09-22
1452,Anna Mckee,Male,39,4,michaelharris@example.net,(472)315-1018x56357,2022-05-17
1453,Eric Matthews,Female,43,17,cooksarah@example.com,(817)910-9480x771,2023-04-04
1454,Paula Moore MD,Male,46,28,medinageorge@example.net,395-740-3117,2023-04-14
1455,Jacqueline Lucero,Male,29,19,melissa85@example.com,+1-288-791-1446x609,2023-01-13
1456,Lisa White,Female,30,3,cameron72@example.net,949-889-4107,2023-03-22
1457,Tiffany Baker,Male,51,44,sgallagher@example.org,001-397-884-8773x417,2023-12-03
1458,Colleen Kemp,Female,58,20,thomastraci@example.org,001-531-204-9124x862,2026-01-17
1459,Emily Gallagher,Female,27,17,stephen50@example.org,788-296-6008x578,2024-01-18
1460,Kevin Curtis,Male,24,44,colemichael@example.org,7406911246,2026-07-08
1461,Tom Morris,Male,38,28,brandon92@example.net,9705657681,2022-09-25
1462,Paula Mitchell,Male,57,1,lorimcdonald@example.org,320-910-5700x320,2022-04-02
1463,Hannah Mckenzie,Female,23,45,omurray@example.org,463-283-7076x61630,2025-09-19
1464,Eric Brewer,Female,19,33,molinaterri@example.com,781.376.1990x452,2022-07-25
1465,Robert Garcia,Male,30,35,kwheeler@example.com,868.273.6038x7313,2022-11-11
1466,Karen Shannon,Female,57,37,reyestony@example.net,525-295-1868,2022-07-27
1467,Meghan Bradley,Male,30,34,david86@example.net,795-692-9931x79502,2023-04-12
1468,Susan Moore,Female,23,2,uhicks@example.com,+1-605-613-9906x38603,2022-01-28
1469,Michelle Moody,Male,48,13,donna89@example.com,001-795-588-1392x76485,2023-05-16
1470,Benjamin Hernandez,Male,40,28,lanceburke@example.com,(931)787-9142,2024-09-01
1471,Bradley Walker,Male,45,28,stevensdeborah@example.com,4497680423,2025-05-13
1472,Lisa Knight,Female,32,54,randall90@example.org,+1-312-316-5680x01650,2026-06-27
1473,Joseph Mendoza,Female,52,43,alyssafuller@example.com,682-983-6832,2025-04-04
1474,Joanna Cox,Male,43,31,rothshannon@example.net,478.929.7192x83240,2026-07-26
1475,Suzanne Carney,Female,54,45,mwilliams@example.org,2504808408,2024-02-08
1476,Rachel King,Male,39,53,andreagonzales@example.org,001-899-788-3129x15485,2022-09-10
1477,Christopher Perkins,Female,42,16,david41@example.org,466.776.3578,2022-07-25
1478,Elizabeth Malone,Female,20,14,ppatel@example.net,395-323-3739,2025-06-05
1479,Gregory Johnson,Male,62,13,henryspencer@example.org,(729)557-5438,2022-02-14
1480,Lauren Wilson,Female,26,26,williamharvey@example.org,445-941-4945x1139,2022-09-28
1481,Juan Stone,Female,62,47,keithswanson@example.org,249.280.4983,2023-02-07
1482,Javier Mcconnell,Female,32,33,brucemccarthy@example.com,001-459-431-5320,2025-01-13
1483,Robert Williams,Female,28,42,campbellangela@example.net,+1-425-879-2122x830,2022-11-04
1484,Julie Travis,Female,36,39,ydavis@example.net,590.373.9972,2021-12-10
1485,Aaron Jones,Male,37,5,andersonjeanne@example.com,001-682-649-9627x5304,2022-04-29
1486,Ian Rodriguez,Male,33,24,thomas73@example.org,918-370-0700x45944,2026-04-12
1487,Sarah Booker,Female,24,10,yjones@example.com,+1-734-613-3910x0326,2022-05-19
1488,Casey Carroll,Male,36,50,bradleyjason@example.com,(298)204-5062,2024-05-07
1489,Natalie Dawson DVM,Female,18,38,taylorbarnett@example.com,7252403179,2026-08-26
1490,Patrick Harmon,Male,21,52,jbrown@example.net,3017659533,2023-10-04
1491,Mary Herrera,Female,59,33,williamsonjennifer@example.com,506.801.7041x009,2025-03-20
1492,Charles Welch,Female,51,53,jeffrey22@example.com,+1-609-501-8435x6482,2023-08-14
1493,Melissa Oliver,Female,28,28,vharris@example.org,939-291-6296,2023-09-11
1494,Roy Payne,Male,61,11,rogersstephanie@example.com,(285)295-3751,2025-07-09
1495,Aaron Evans,Male,53,24,megan29@example.com,817.375.2453x294,2023-06-05
1496,Luis Cunningham,Female,20,30,sarah16@example.org,(423)358-2047x8099,2024-01-16
1497,Ariana Martin,Female,29,13,benjamingillespie@example.com,001-407-203-5923,2022-12-26
1498,Henry Thompson,Female,54,46,davenportamber@example.com,+1-913-780-0646,2022-08-23
1499,Charles Lynch,Male,46,32,hannahhunter@example.org,+1-221-592-3911x3836,2024-05-03
1500,Christopher Graham,Male,24,9,hannah78@example.com,5362958749,2023-08-05
1501,Joseph Zavala,Male,29,51,dphillips@example.org,988-552-0835x518,2023-02-28
1502,Erica Thomas,Female,47,5,tleonard@example.net,638-432-1576,2024-05-22
1503,Matthew Murphy,Female,21,37,christinahaney@example.org,655-861-4876x208,2025-04-01
1504,Richard Foster,Female,25,52,vkelly@example.com,457.522.0510x2656,2023-09-02
1505,Bob Clark,Female,24,3,obrienjames@example.net,470-371-2931x445,2022-11-28
1506,Samantha Decker,Female,28,9,hunter12@example.net,001-711-795-5543x18135,2025-10-10
1507,Kevin King,Female,57,21,rwilliams@example.org,(881)526-8898x1002,2023-07-03
1508,Mary Ruiz,Male,63,32,tapialaura@example.org,+1-927-576-8736x1888,2021-09-18
1509,Nicholas Bright,Male,64,21,stevengonzales@example.org,653.366.2403,2024-02-13
1510,Scott Acosta,Male,30,4,cgeorge@example.com,496.731.8636,2021-11-22
1511,Crystal Henderson,Male,51,21,joneskevin@example.com,+1-325-420-5469x410,2024-02-07
1512,Amber Clark,Male,23,37,qward@example.net,+1-610-875-0257,2024-02-07
1513,Thomas Kirby,Female,18,23,sheri75@example.com,(904)514-7591x4278,2025-05-30
1514,Barbara Flores,Female,64,18,rrichard@example.com,3487079825,2025-05-17
1515,Lisa Mccoy,Female,46,48,melissa16@example.org,(747)513-6734x2683,2026-02-12
1516,Stephanie Smith,Female,23,9,joannajohnson@example.com,(669)606-4382x0163,2024-11-02
1517,Angela Walsh,Female,46,12,samanthareyes@example.com,306-951-2595x34379,2025-07-05
1518,Susan Pennington,Male,46,28,butlerrobert@example.com,974-516-1273,2022-06-09
1519,Crystal Ballard,Male,63,26,xjennings@example.com,812.618.5972x8395,2025-01-25
1520,Samantha Bowen,Female,18,30,njimenez@example.com,571-583-0284,2026-01-16
1521,Thomas Ortiz,Male,28,26,fischerrobert@example.com,672-410-3948x00388,2025-04-07
1522,Derek Ryan,Female,24,10,meredith22@example.com,4833550353,2025-10-12
1523,Kara Gould,Female,40,28,john55@example.net,655.362.4014x689,2025-11-19
1524,William Lucas,Female,41,17,huffmansamuel@example.net,(351)244-3439,2023-02-22
1525,Jennifer Hoover,Male,46,39,ricardosantana@example.org,581-766-7927,2023-11-05
1526,Melissa Moran,Male,23,22,frank03@example.com,001-457-359-4954x0540,2024-11-07
1527,Gloria Smith,Male,37,26,phillip35@example.net,+1-393-647-4735,2022-11-30
1528,Lucas Kennedy,Male,33,46,pdawson@example.com,(525)694-2189x61831,2022-10-31
1529,Tiffany Williams,Female,65,37,zyang@example.net,(410)539-1826,2023-01-27
1530,Diamond Peterson,Female,34,50,brianna36@example.org,+1-982-751-2951x850,2022-11-06
1531,Michael Green,Female,63,7,aguilarandrea@example.net,(428)231-5837x19831,2023-07-07
1532,Brian Anderson,Female,30,27,xgonzalez@example.net,(446)746-9299,2025-01-18
1533,Patricia Rush,Male,33,2,pmoody@example.org,837.544.6234,2022-05-22
1534,Gina Taylor,Male,62,52,calvinbradley@example.net,001-296-281-2594x74278,2025-07-09
1535,Michael Burgess,Female,44,40,rachelvance@example.org,395.540.6740x182,2023-02-20
1536,Nathan Graham,Male,24,50,jjohnson@example.net,001-517-466-8718,2026-04-16
1537,Richard Leonard,Female,40,38,donalddaniels@example.org,+1-697-652-8791x6564,2025-11-24
1538,Dustin Walker,Female,59,3,fberg@example.net,548.326.7876x6190,2023-08-15
1539,Julie Moore,Male,49,23,jasonjohnson@example.org,001-722-816-3018x9272,2021-11-15
1540,Mary Bowman,Male,44,28,luis51@example.net,001-249-778-3704x28845,2023-01-23
1541,Joshua Barrett,Male,33,7,connie22@example.net,6007437307,2024-03-03
1542,Kelly Lee,Female,27,6,darren66@example.org,(595)833-0304x669,2022-08-07
1543,Javier Roberts,Male,42,42,romeroheather@example.net,(391)802-1428,2025-06-20
1544,Tammy Reed,Female,40,15,jjones@example.org,941.947.9175,2024-09-23
1545,Alyssa Ortega,Female,53,15,sanchezeric@example.com,361-555-2577x25321,2023-10-20
1546,Laura Mercer,Female,45,28,christopher50@example.net,261-648-3242x96197,2024-07-11
1547,Elizabeth Reid,Female,25,3,hmyers@example.com,+1-843-402-5731,2024-03-14
1548,Timothy White,Female,55,18,uschultz@example.com,(826)227-7025x1361,2023-08-28
1549,April Craig,Male,28,18,wsmith@example.org,(920)558-3955x1641,2022-04-12
1550,Thomas Andrews,Male,65,32,emily11@example.com,(916)460-6752,2022-08-16
1551,Victoria Jacobs,Female,45,12,jfloyd@example.org,001-227-737-2871x737,2025-09-02
1552,Michael Bennett DVM,Male,39,15,williamskenneth@example.org,001-935-612-8371,2023-01-25
1553,John Martin,Male,21,47,allenmichelle@example.net,218-633-2488x77176,2023-04-13
1554,Laura White,Male,58,24,omiller@example.net,001-887-461-6306x2440,2026-06-27
1555,Miss Kelsey Burgess,Male,46,31,shawmichael@example.org,588.255.2104,2024-12-14
1556,Cory Acosta,Female,56,37,grantmelissa@example.net,001-467-661-2984,2022-12-15
1557,Kristin Barrera,Female,24,37,johnstonmitchell@example.com,899.895.0219,2025-09-29
1558,Brianna Anderson,Male,63,5,wavila@example.com,(289)916-9179x5447,2021-12-27
1559,William Jones,Male,43,3,hrose@example.com,001-522-971-9298x93670,2021-10-24
1560,Corey Robinson,Male,62,16,omar55@example.org,(340)792-5893,2026-01-21
1561,Phillip Carey,Female,53,23,joshua40@example.com,(773)613-5086x1408,2024-07-02
1562,Allison Choi,Female,22,19,lambertkaren@example.org,+1-380-533-1171x94407,2024-09-05
1563,Angela Anderson,Female,30,31,bpowers@example.net,7355511831,2025-01-02
1564,Mackenzie Montes,Male,50,52,scottmccarty@example.net,001-583-683-8934x80009,2024-12-15
1565,Bruce Nielsen,Female,45,13,katherine85@example.net,227-514-6564x5131,2023-10-04
1566,Jacqueline Thomas,Female,53,35,xrobinson@example.org,(881)573-3934x657,2021-10-12
1567,Jessica Everett,Male,59,40,ywright@example.net,+1-279-355-5377x1162,2025-11-05
1568,Madison Lee,Female,61,2,ldennis@example.com,(941)474-4446x41862,2022-06-20
1569,Anthony Cook,Female,65,8,nicholas70@example.net,2108393514,2021-12-24
1570,Belinda Walker,Male,33,50,david76@example.com,584-284-2321,2026-01-25
1571,Jill Stewart,Female,29,33,maria28@example.org,514.660.8885,2022-05-09
1572,Yesenia Bryant,Female,39,10,smithanthony@example.com,461-950-3080x634,2023-03-24
1573,Robert Cooper,Female,32,8,iwyatt@example.com,+1-268-313-1060x0342,2026-05-27
1574,Robin Brown,Male,32,26,matthew37@example.org,966-493-1804,2026-08-06
1575,Michael Clark,Male,41,9,kellie77@example.net,(515)583-9616x8183,2025-04-19
1576,Melissa Dyer,Male,64,50,john93@example.net,+1-661-734-1680,2024-06-30
1577,Joshua Perry,Female,54,5,manuel61@example.net,+1-693-468-5405x483,2022-04-26
1578,William Smith,Female,29,29,belliott@example.org,903.308.6484x3601,2021-10-25
1579,Haley Scott,Male,57,28,scottdominic@example.com,(618)739-7624x256,2025-06-21
1580,Jeremy Robinson,Male,41,47,mjackson@example.com,(959)396-5909,2025-02-20
1581,Kirk Nelson,Female,24,32,james68@example.net,(383)416-4297x380,2024-03-06
1582,Dr. Benjamin Horne,Female,28,17,alishamorris@example.com,910-452-2207,2025-04-30
1583,Melissa Rodriguez,Male,48,15,davidscott@example.org,001-539-784-1347x145,2024-10-10
1584,Travis Haley,Female,39,27,martinfoster@example.com,+1-327-769-6515x5822,2024-04-24
1585,Jason Phillips,Male,31,15,evansbeth@example.org,585-634-0852,2024-11-06
1586,Mr. John Villa,Male,35,27,marvinlong@example.org,645-752-1359x672,2025-12-13
1587,Jordan Ryan,Male,38,47,kellyheath@example.net,329.581.1213x02049,2025-11-22
1588,Kevin Stephens,Male,19,21,brandonbrown@example.com,+1-279-250-3751x6225,2022-11-04
1589,Andrea Keith,Female,44,24,amyvargas@example.net,(910)506-6227,2023-12-25
1590,Destiny Davis,Male,23,34,kimberlywilliams@example.net,9619751250,2023-11-06
1591,Amanda Padilla,Female,50,38,tmendoza@example.net,001-207-981-1323,2025-04-14
1592,David Smith,Male,56,46,amyanderson@example.net,947.625.5038,2024-07-31
1593,Cindy Sherman,Female,53,28,nsexton@example.com,381.329.5001,2025-11-06
1594,Jason Padilla,Male,57,14,mpatel@example.net,378.351.5009,2023-10-14
1595,Michael Parker,Female,31,51,wallacejesus@example.org,001-417-655-1277x68947,2022-12-11
1596,Valerie Thornton,Male,20,24,sharpjoseph@example.net,(424)573-4614,2023-04-14
1597,Michelle Moore DDS,Male,52,48,alexamitchell@example.org,541.416.8016,2022-02-05
1598,Mrs. Autumn Walsh MD,Female,18,39,johnsonjohn@example.org,001-802-609-6866,2023-08-30
1599,Joshua Owens,Female,46,53,uwright@example.org,952.863.4571x474,2021-11-30
1600,Evan Villanueva,Female,60,46,ramirezkristina@example.com,843.689.5219,2026-02-24
1601,Michael Mercado,Male,47,8,kevin19@example.net,+1-908-505-2982x1171,2025-01-02
1602,Stephanie Barnes,Male,63,35,andersonlori@example.net,(772)216-4218,2025-02-23
1603,Michelle Evans,Male,50,11,jeremy73@example.org,630-208-5660x2771,2021-11-03
1604,Kelsey Bennett,Female,63,4,avilacorey@example.com,831-456-4416x5401,2022-06-28
1605,Susan Duncan,Female,28,24,zrichardson@example.org,(606)621-1465,2022-11-23
1606,Michele Drake,Female,62,40,lisalester@example.net,001-289-532-2907x393,2024-12-27
1607,Kayla Phillips,Female,52,10,cooleytammy@example.com,695-675-8424x22842,2022-09-28
1608,Michael Harrison,Female,26,49,tiffanyramirez@example.org,547-602-4238x65540,2022-03-01
1609,Shannon Robertson,Female,19,41,dylan77@example.org,504.877.2440x507,2025-02-15
1610,Samuel Kelley,Male,54,34,james59@example.net,831-773-0367x344,2024-08-15
1611,John Davis,Male,27,42,noahcox@example.com,(929)607-3839,2025-05-19
1612,Amber Brennan,Female,61,19,tracy59@example.com,+1-319-360-8303x153,2025-03-17
1613,Dominic Velasquez,Female,30,48,jennifer18@example.com,645-301-7021x2299,2025-01-11
1614,Lauren Mejia,Female,58,48,smithashley@example.net,(351)879-4063x0606,2026-05-02
1615,Angela Johnson,Male,42,18,cingram@example.net,936-676-4858x0889,2024-01-02
1616,William Holmes,Female,48,46,karen11@example.net,001-555-703-5367x491,2022-07-05
1617,William Schultz,Female,58,53,andre76@example.net,428-941-0936,2024-11-16
1618,Angela West,Male,48,24,francolisa@example.org,+1-597-763-7677x35429,2024-07-27
1619,Kimberly Newman,Male,23,11,mccarthytanner@example.com,924-422-8506,2022-12-09
1620,Heather Branch,Female,28,38,walter37@example.com,497-223-5192x6547,2023-03-30
1621,Thomas Wolfe,Male,31,43,savannahwells@example.com,816.894.6412x79496,2025-07-02
1622,William Lynn,Female,63,12,brandonnixon@example.org,001-420-514-0366x694,2024-06-14
1623,Isabella Strong,Male,46,21,samantha24@example.net,(983)428-2717x32240,2024-09-01
1624,Dominique Valenzuela,Female,38,12,dixonlaura@example.com,4273715964,2024-04-24
1625,Charles Ruiz,Female,20,17,dawn72@example.org,847.284.2416,2024-07-14
1626,Katrina Miller,Female,53,38,taylorthomas@example.com,001-804-595-8470x594,2023-08-23
1627,Holly Adams,Male,50,53,emma96@example.org,(492)581-5146x4596,2021-12-13
1628,Raymond Mcdonald,Female,19,13,johnsontamara@example.net,(829)616-7292x13425,2025-11-17
1629,Julia Manning,Male,46,49,sarahneal@example.org,739-998-7475x1795,2026-07-07
1630,Robert Holder,Male,35,45,nunezreginald@example.com,(374)784-5769x418,2023-08-12
1631,Zachary Freeman,Male,42,23,justinjones@example.net,441.899.5944,2023-12-25
1632,Chelsea Jones,Female,42,33,justinrodriguez@example.net,+1-860-630-1281x485,2023-03-21
1633,Tracy Middleton,Female,56,1,markparks@example.org,(524)904-1590,2025-04-24
1634,Barbara Martinez,Male,23,6,williamlewis@example.net,9613556913,2022-09-02
1635,Michael Thompson,Male,33,30,robert57@example.net,462-638-2483x48537,2024-10-04
1636,Paige Solomon,Male,56,14,wlane@example.com,+1-207-508-2719x4291,2024-04-25
1637,David Simon,Female,18,21,bwells@example.net,+1-920-639-2875x93931,2026-09-10
1638,Thomas Cannon,Female,26,44,lponce@example.org,+1-928-443-9450x7402,2026-05-02
1639,Michael Lin,Female,24,27,patrick31@example.com,+1-509-253-8920x229,2026-09-03
1640,Sherry Patrick,Male,42,15,hbrown@example.net,831.296.0799x5504,2026-05-26
1641,Tammy Ortiz,Female,27,35,dsmith@example.org,+1-549-964-9688x61241,2024-11-19
1642,Toni Carter,Female,30,6,lisa84@example.net,001-201-406-4640,2024-11-07
1643,Dr. Laura Garcia,Female,52,4,anthony76@example.net,001-774-568-9383x37863,2023-02-03
1644,Jennifer Preston,Male,57,41,aaron71@example.org,001-702-911-6801x983,2024-01-26
1645,Victoria James,Female,56,21,garrettmike@example.net,(275)391-4468x9336,2022-04-14
1646,Mrs. Janice Evans MD,Male,51,31,carllevy@example.org,001-634-892-7907x5947,2022-10-27
1647,Natalie Phillips,Female,26,2,lisa86@example.org,001-250-670-5775,2024-10-21
1648,Frank Mullins,Male,31,37,ellismichael@example.net,631.274.5403x286,2022-04-15
1649,Benjamin Zamora,Female,51,50,greed@example.org,(405)223-9502,2025-03-01
1650,Terry Carroll,Male,38,32,martinford@example.com,001-759-294-8647x55743,2023-03-25
1651,John Figueroa,Female,23,30,robert81@example.com,908-464-0079,2025-07-13
1652,Christopher Johnson,Male,59,34,peter48@example.com,001-464-525-9998,2022-09-19
1653,Danielle Pearson,Female,35,53,jasonwilliams@example.net,+1-376-887-3910x36407,2023-10-29
1654,Zachary Abbott,Female,32,53,mclaughlinnathan@example.org,001-864-245-5633x035,2021-11-16
1655,Jeffery Hart,Male,22,25,toddanthony@example.org,(340)944-3293x346,2024-01-11
1656,Natasha Fletcher,Male,37,17,margaret00@example.com,872.717.1921,2022-08-14
1657,Philip Johnson,Female,25,19,osullivan@example.com,+1-455-383-9088x22225,2024-09-01
1658,Amy Chase,Male,64,28,christopher79@example.org,514.237.6127,2023-04-10
1659,Jasmine May,Male,63,34,michael15@example.com,339-640-5450,2024-04-01
1660,Dawn Clayton,Male,20,15,davismelanie@example.com,001-214-798-7996x54486,2022-02-19
1661,Dale Hicks,Female,52,22,tonyaphillips@example.org,+1-861-833-1168x1998,2026-05-19
1662,Michael Mills,Female,55,2,greerdavid@example.org,+1-929-534-7017x738,2023-01-09
1663,Nancy Wood,Female,57,13,paularichardson@example.com,001-864-861-1396,2023-12-20
1664,Kristin Valencia,Male,58,26,monica12@example.net,+1-768-580-3230x14621,2024-09-13
1665,Connie Daniels,Male,29,11,lindadavis@example.net,001-244-764-4237x5449,2024-02-21
1666,Amanda Sanchez,Male,42,14,swalker@example.net,(255)619-0304x32705,2022-09-22
1667,Chloe Turner,Male,25,36,brianna44@example.com,848.471.2023x997,2022-06-17
1668,Nicole Larson,Female,49,34,joyceguzman@example.com,404-731-0754,2026-09-02
1669,Stacy Mahoney,Male,31,20,denisehernandez@example.net,001-753-649-8825,2023-07-26
1670,Natasha Harrell,Female,64,40,davideaton@example.net,001-900-301-8321x6314,2025-05-25
1671,Joseph Wallace,Male,25,49,osalazar@example.com,498.572.7366,2023-11-19
1672,Julian Brown,Female,54,39,warnerwilliam@example.net,895-606-4274x018,2023-07-15
1673,Jill Mckenzie,Female,59,5,bradleyramirez@example.com,001-649-778-4838x04298,2024-12-06
1674,Roger Nelson,Female,44,40,tayloradkins@example.com,921.908.1774x98697,2024-06-22
1675,Brooke Brooks,Female,37,3,william25@example.net,+1-305-515-3504,2023-04-14
1676,Alice Scott,Female,20,20,michael30@example.org,+1-909-634-4137x9025,2024-05-01
1677,Tiffany Davis,Female,35,28,swansonwendy@example.com,496-564-6606x95907,2024-02-16
1678,Brianna Dunn,Female,38,4,rferguson@example.com,(325)780-1413,2022-11-04
1679,Sharon Bell,Female,44,51,johnsonmaxwell@example.org,987-388-2771x74036,2025-05-18
1680,Phyllis Mckenzie,Female,56,32,leonardochoa@example.org,+1-703-545-3095x17588,2026-05-08
1681,Carrie Dunn,Male,28,23,jefferymoss@example.com,917-713-7186x6338,2026-01-13
1682,Rodney Leon,Male,39,43,katherine58@example.org,+1-479-642-4562,2025-01-05
1683,Rachel Allen,Female,28,28,terri19@example.com,498.618.2116,2023-09-17
1684,Samuel Mahoney,Male,55,32,nathanielhensley@example.com,(945)720-9428x7325,2024-08-22
1685,Steven Hicks,Female,38,31,lpearson@example.org,536-627-7212x5453,2024-08-18
1686,Dwayne Reynolds,Male,62,50,qgill@example.com,(765)367-0622,2023-10-20
1687,Shawn Taylor,Female,31,52,timothydixon@example.org,001-242-512-8270,2023-02-01
1688,John Stewart,Male,41,6,tmack@example.org,419-762-9895,2022-08-01
1689,James Woodard,Male,45,51,hmartinez@example.net,250.695.9836x2918,2024-01-04
1690,Robert Rodriguez,Male,51,45,hendersonhector@example.com,001-266-889-4541x41697,2023-09-03
1691,Robert Palmer,Male,23,15,jennifergray@example.com,001-892-637-4150x2955,2025-02-13
1692,Kayla Moss,Male,29,47,mendozajaclyn@example.org,+1-578-336-3148x7559,2025-06-22
1693,Brandon Anderson,Male,28,2,christopher76@example.com,(412)361-6140x2066,2022-11-21
1694,Peter Walsh,Female,27,6,jeffrey48@example.org,617-396-4297x63712,2025-09-06
1695,Christopher Cooke,Female,18,4,michelle05@example.net,3382160604,2022-08-28
1696,Shirley Butler,Male,29,46,cmiller@example.org,954.767.3026x6427,2022-03-22
1697,Bruce Bennett,Male,37,28,blee@example.net,+1-714-952-3486,2022-07-01
1698,Joanna Stewart,Male,54,15,vanessa02@example.org,269.422.6486x071,2021-11-05
1699,Gina Miller,Male,28,29,jbrown@example.org,(681)383-8702x383,2026-02-11
1700,Robert Diaz,Male,51,17,abrown@example.com,734-279-7899,2026-08-24
1701,Sarah Morgan,Female,44,28,monicaperez@example.net,(438)623-5521,2026-03-10
1702,Suzanne Jensen,Female,59,2,simpsonbecky@example.com,+1-450-302-6267x47438,2022-03-17
1703,Gregory Coleman,Male,65,7,shelleyrocha@example.org,668.931.1924x06697,2025-03-22
1704,Bradley Nelson,Male,18,51,alexandrasmith@example.org,750.695.1878x956,2026-08-18
1705,Ivan Scott,Male,58,12,yweaver@example.net,(491)903-3793,2023-05-25
1706,Sabrina Anderson,Female,26,41,yhall@example.net,851.222.5108x81068,2024-12-31
1707,Mr. Paul Stephens,Female,62,47,tina99@example.com,320-708-5838,2026-01-27
1708,Taylor Smith,Female,61,16,nashcharles@example.net,244.960.8834x532,2023-06-20
1709,Ariel Martinez,Male,40,40,qchavez@example.org,001-230-806-7842,2022-07-01
1710,Colleen Shelton,Female,63,45,ericathomas@example.org,673.638.6548x1064,2025-07-31
1711,Christopher Tapia,Female,44,43,tperez@example.com,799.744.0705x9284,2023-01-28
1712,Sharon Washington,Male,44,21,flowersisabel@example.net,(279)935-5679x24235,2024-01-07
1713,Shawna Pham,Male,21,20,christine50@example.com,947.288.2579x4795,2024-11-04
1714,Michael Lawrence,Male,26,39,varcher@example.net,229-619-0588x8170,2024-06-10
1715,Diane Bennett,Female,55,30,nnorris@example.net,+1-608-652-3216x0206,2021-09-25
1716,Michael Blanchard,Female,45,48,wardjake@example.com,501-859-4534x19996,2022-11-05
1717,Jeremiah Lozano,Male,18,36,steven58@example.org,788-395-6945x4099,2022-02-13
1718,Michael Jackson,Female,49,18,timothy16@example.com,315.732.5311x7542,2024-04-02
1719,Michael Romero,Female,24,23,mary09@example.com,9625814676,2021-11-13
1720,Edward Alexander,Male,27,12,brucemiles@example.com,762.895.1893x731,2026-06-01
1721,Karl Pope,Male,20,36,darius33@example.org,766.877.6986x0530,2022-09-21
1722,Brandi Murphy,Female,55,25,tracy95@example.com,001-819-624-3778x27407,2023-07-18
1723,Stephanie Douglas,Female,55,30,gracemendez@example.com,+1-252-835-4011x2410,2024-02-07
1724,Jason Dominguez,Female,18,16,craigchen@example.org,(876)951-1247,2023-05-09
1725,Amanda Figueroa,Male,61,37,kjuarez@example.org,001-773-798-1530x43729,2023-04-16
1726,Brittney Owens,Female,57,30,michael95@example.org,(411)385-6936x218,2024-11-09
1727,Elizabeth Johnston,Male,52,6,gina87@example.com,(266)567-5395x233,2023-04-13
1728,Amber Mercado,Female,22,8,qmartin@example.com,801-658-7739,2024-05-02
1729,Jessica Espinoza,Male,31,8,edward06@example.com,547.497.2772x14086,2025-07-14
1730,Elizabeth Wolfe,Male,55,38,christine31@example.org,001-776-451-8574x5110,2022-06-21
1731,David Oconnor,Female,53,53,williamskaren@example.org,628.540.6858x077,2022-08-26
1732,Tyler Prince,Male,56,50,katherine66@example.com,545-740-4971,2024-04-02
1733,Amanda Munoz,Male,39,1,joseph46@example.com,(222)900-2064x1413,2022-12-09
1734,Cole Wu,Male,35,52,burkejonathan@example.org,001-379-454-7593x86438,2022-03-19
1735,Janet Mcclure,Male,57,36,xwolfe@example.net,+1-430-446-0317x48822,2026-07-01
1736,Daniel Richmond,Male,44,44,wilsonjohn@example.com,357-908-1392x6421,2022-11-12
1737,David Mitchell,Male,25,15,wilsonkelly@example.org,(604)524-2906x31142,2026-03-14
1738,Dr. Jennifer Ward,Female,56,44,jeanette90@example.net,(499)675-5141x52860,2023-03-19
1739,Chris Hickman,Male,23,42,eugenesullivan@example.org,001-959-669-2880,2026-08-22
1740,Alyssa Hopkins,Female,19,43,gabrielfrancis@example.org,001-620-325-2182,2025-10-31
1741,Jacqueline Johnson,Female,57,10,hollanddebra@example.net,(477)271-7326x853,2024-10-26
1742,Alex Clay,Male,53,32,pcook@example.org,(576)989-3793,2022-12-25
1743,Karen Davis,Male,57,9,heidigonzalez@example.net,8617932300,2021-10-06
1744,Anthony Odom,Female,20,49,tranjoel@example.org,5294487824,2022-10-08
1745,Stuart Williams,Female,45,49,longjessica@example.com,430-814-6798,2023-01-09
1746,Jacob Roberts,Female,42,36,nathan12@example.org,+1-339-887-5387,2023-04-15
1747,Zachary Hernandez,Male,44,53,darrellallison@example.net,001-864-789-8768x7920,2023-02-13
1748,Stephen Murphy,Female,27,33,cheryl41@example.net,9023977526,2022-01-27
1749,Ronald Kelly,Female,45,34,ebradford@example.net,001-350-330-3737,2022-04-10
1750,Kimberly Jenkins,Male,64,39,marmstrong@example.net,001-727-248-2840x43207,2024-12-05
1751,Jessica Wilson,Male,54,29,robertsonstacie@example.com,288-320-9536x9681,2023-12-29
1752,James Cohen,Female,19,2,reidkimberly@example.org,+1-493-608-3039,2022-05-08
1753,Mr. William Logan,Male,20,31,eric79@example.com,001-293-676-8978x68359,2022-11-17
1754,Diane Williams,Male,63,46,samuel09@example.net,681.880.8205x802,2025-06-01
1755,Johnny Norman,Female,57,3,matthewwhite@example.com,(862)478-0519x6904,2023-07-17
1756,Clifford Ruiz,Female,39,12,brenda56@example.net,+1-755-629-4468x59060,2024-10-09
1757,Tiffany Conner,Male,36,11,alyssalewis@example.com,001-821-234-5080x2791,2023-12-23
1758,Robin Guzman,Female,24,53,james77@example.com,001-864-813-7186,2022-05-31
1759,Crystal Williams,Female,31,27,taylorreid@example.net,(369)741-3103x791,2024-05-08
1760,Erika Hansen,Male,56,3,christopher37@example.org,2554046335,2023-03-06
1761,Erica Chang,Female,58,23,benjamin44@example.org,001-379-483-1644x92679,2024-11-19
1762,Tina Brady,Female,42,54,dwarren@example.org,579-612-0799x9642,2026-04-16
1763,Heather Hartman,Female,26,20,melissamontes@example.com,7087297028,2022-01-25
1764,Melissa Crawford,Male,51,6,paul34@example.org,909-583-8175x6224,2026-07-20
1765,Alexis Brewer,Male,58,5,jmadden@example.net,695.675.9130x143,2024-09-10
1766,Kimberly Adams,Male,27,23,elizabethmeyers@example.org,789-520-3841,2024-07-22
1767,Kendra Bradley,Male,52,47,fryejames@example.com,946-981-3324x10049,2024-01-31
1768,Angelica Ferguson,Male,19,2,porterrobert@example.org,589-496-4183,2025-10-25
1769,David Farley,Male,27,20,pwarner@example.com,373.855.4295x224,2023-05-05
1770,David Harris,Female,18,9,lkim@example.com,905.728.4247,2026-08-28
1771,Paul Cummings,Male,20,35,isullivan@example.com,001-434-292-1883x63037,2022-12-12
1772,Parker Strickland,Female,41,49,ryancollier@example.org,530.860.4173x14664,2023-10-31
1773,Gabriella Harris,Male,40,33,luis02@example.com,001-459-688-3133,2025-10-14
1774,Samuel Smith,Male,42,50,jimmyeaton@example.com,499.876.9306,2023-08-13
1775,Chase Webb,Male,30,49,conniedunn@example.org,001-378-653-3629x82241,2022-04-01
1776,Jeremy Dixon DDS,Male,22,46,andrewwarner@example.org,(387)482-0074x3612,2022-02-21
1777,Hannah Dunlap,Male,36,28,matthew30@example.com,(526)206-2101x39565,2022-05-01
1778,Eric Barnes,Male,47,12,michaelbaker@example.com,+1-498-421-4975,2026-05-04
1779,Adam Davidson,Male,48,3,lvaughan@example.org,9847986545,2021-11-04
1780,Tammy Ferrell,Female,31,33,staceystevenson@example.net,270.929.6986x3613,2022-09-06
1781,Samantha Benton,Male,18,47,phillipsdana@example.net,982.869.8985x6864,2025-10-04
1782,Pamela Martinez,Male,39,50,watsonchristine@example.com,(533)692-5575x52371,2022-03-06
1783,Tommy Lopez,Male,32,46,rebecca40@example.org,7302613512,2026-05-29
1784,John King,Female,65,52,rsanders@example.com,270.676.5945x6494,2025-01-25
1785,John Jones,Female,32,53,svasquez@example.org,(691)872-8402x4432,2026-03-18
1786,Sheena Johns,Male,60,21,ycurry@example.org,001-539-823-6220x1429,2024-03-11
1787,Rodney Turner,Female,37,4,pwong@example.org,(594)431-3389,2025-04-15
1788,Anthony Swanson,Female,36,35,daymichael@example.com,669-280-5301,2021-11-11
1789,Monica Robbins DDS,Female,57,14,james05@example.net,(689)984-5408x5135,2025-02-24
1790,Craig Baker,Male,33,35,brownrachel@example.com,001-976-598-1203x17574,2021-10-27
1791,Derrick Dixon,Female,51,52,amy07@example.org,304.694.4949x2643,2023-01-03
1792,Matthew Stout,Male,20,36,robert94@example.net,445.476.9386,2023-02-16
1793,Marc Stewart,Male,40,4,hawkinskaren@example.org,+1-692-316-6794x8603,2022-12-29
1794,Vincent Farley DDS,Male,30,51,petergrant@example.org,(468)274-1487x3936,2025-08-16
1795,Kevin Smith,Female,37,20,sperry@example.net,321.926.1455x9298,2025-10-24
1796,Mr. Bryan Foster PhD,Male,52,2,abarnes@example.com,442-548-4225,2023-06-17
1797,John Stewart,Female,48,50,donald01@example.net,+1-575-944-7449,2021-10-05
1798,Eddie Bowers,Female,53,14,wmorrow@example.net,+1-320-392-0619,2026-07-03
1799,Shari Smith,Female,47,14,fmills@example.com,309-538-6042x5818,2025-03-15
1800,Ricky Cooper,Male,62,24,ejohnson@example.org,805.294.9301x29419,2025-02-02
1801,James Chavez,Female,53,29,cherylwhite@example.org,(896)865-2344x0902,2022-08-17
1802,Hunter Weaver,Male,53,1,bpalmer@example.com,001-501-506-3416x89642,2025-07-09
1803,Christopher Torres,Male,56,52,moralesrichard@example.org,+1-303-587-7798x593,2024-09-28
1804,Austin Friedman,Female,56,37,nstokes@example.net,542.408.4003x76281,2023-01-27
1805,Donald Novak,Male,28,18,eric27@example.org,7294303980,2026-07-26
1806,Angela Patrick,Female,40,7,rodriguezkenneth@example.com,001-414-506-5718x68921,2025-08-28
1807,Laura Scott,Male,65,1,gregory72@example.net,579.982.5879x7130,2026-05-19
1808,Dr. Kirk Stewart,Male,27,54,laurenmiller@example.net,493-756-8496,2025-07-25
1809,Gregory Carpenter,Male,56,49,mbell@example.com,(791)930-7218,2025-07-25
1810,Christopher Kelley,Male,38,8,bowenkenneth@example.com,+1-506-438-3615,2026-07-26
1811,Miss Stephanie Porter DVM,Male,31,3,glewis@example.org,306-309-7263,2022-08-26
1812,Elizabeth Fisher,Female,64,12,kerrsusan@example.com,8974679167,2023-02-17
1813,Lauren Juarez,Male,37,16,brian04@example.org,(278)337-1961x4893,2024-10-17
1814,Vanessa Mack,Male,65,9,cpetersen@example.org,(235)842-9337x710,2021-12-03
1815,Mrs. Kelly Hicks,Male,23,53,matthewlam@example.net,+1-227-526-0268x14827,2026-07-24
1816,Catherine Shelton,Female,52,14,kimberlyflores@example.org,(441)955-3224x032,2022-07-05
1817,Sarah Morgan,Male,52,10,brownjesse@example.org,+1-519-292-8258x79268,2025-03-03
1818,Antonio Wade,Male,61,12,jessicayoung@example.org,(600)304-8226x478,2026-03-08
1819,Anna Carr,Male,55,50,eatonleonard@example.com,7076282226,2025-01-28
1820,Edward Strong,Male,29,5,greenethomas@example.com,(965)755-7327x9158,2025-06-09
1821,Dillon Bond,Male,48,14,qcrawford@example.net,774.617.6951,2023-01-12
1822,Monica Mendoza,Female,51,51,quinnbrandon@example.org,(624)720-8350,2023-06-03
1823,Jennifer Thomas,Male,57,26,nancyscott@example.com,(860)486-6593x5480,2024-12-13
1824,Brenda Marsh,Female,47,2,ygraham@example.org,870-717-3111x6879,2024-10-26
1825,John Lopez,Female,43,7,hatfieldmolly@example.org,+1-757-859-6948x978,2023-07-31
1826,Kelly Jones DVM,Male,28,2,wcampbell@example.org,616-534-2770x046,2025-09-12
1827,Scott Clarke,Female,55,26,alyssajackson@example.net,+1-663-819-2847x804,2025-06-15
1828,Diana Turner,Male,33,21,calvin42@example.org,+1-437-668-2025,2021-10-27
1829,Anne Howard,Female,24,38,wilkinschristopher@example.com,001-684-493-5132x577,2023-09-23
1830,Alyssa Sanchez,Male,37,27,timothyharrell@example.com,+1-217-835-2086,2025-10-12
1831,Mary Maddox,Female,65,20,karla83@example.com,245-352-2591,2025-01-21
1832,Morgan Taylor,Female,20,35,robert22@example.net,(314)980-7641x30691,2023-08-07
1833,Miranda Johnson,Female,18,42,ulane@example.org,212.894.9087x042,2026-07-21
1834,April Smith,Male,39,5,brian59@example.com,001-731-806-4655x30582,2023-08-29
1835,Jennifer Clayton,Female,35,17,edwinpoole@example.com,8227306118,2021-12-13
1836,Yvonne Flowers,Male,43,1,xgonzalez@example.org,(631)819-1443,2024-04-03
1837,Caleb Rhodes,Male,25,29,burtonrachel@example.com,766-642-3666x263,2023-05-15
1838,Beverly Lopez,Female,44,42,odennis@example.org,802-652-5530x84541,2026-08-19
1839,Anthony Hernandez,Female,34,18,gsanchez@example.org,9623555577,2022-08-07
1840,James Sparks,Female,49,18,michealbryant@example.net,001-894-646-0536x7547,2026-01-27
1841,Katie Taylor,Male,38,30,lgilbert@example.com,+1-847-550-4590x1316,2022-12-02
1842,Jennifer Carr,Male,42,43,sarahmitchell@example.com,(569)953-8293x7696,2026-06-02
1843,Michael Rodriguez,Female,29,34,onealharold@example.org,(680)201-4271x3268,2025-12-31
1844,Hayden Barr,Female,53,22,jane61@example.com,001-293-255-6874x64803,2024-04-22
1845,Meghan Davis,Female,62,4,kochmichelle@example.net,(832)343-6944,2022-10-12
1846,Michael Yoder,Male,54,41,florestimothy@example.com,437.384.4350,2025-07-22
1847,Natalie Carlson,Female,53,20,dmeyer@example.net,338-293-3186,2025-06-29
1848,Wendy Mack,Female,60,43,hamiltonmary@example.net,654-411-1271,2023-11-15
1849,Savannah Morris,Female,57,9,jeremy42@example.net,8765405716,2025-07-18
1850,Pamela Wilcox,Male,51,7,chloemiller@example.net,(342)898-3965,2025-12-20
1851,Jessica Nichols,Female,57,1,tracey77@example.org,622-715-2645x84979,2026-05-10
1852,Rebecca Harrington,Male,61,4,martha87@example.com,530.364.2013,2022-01-27
1853,Meredith Lee,Male,28,27,amberking@example.org,001-331-654-1337x417,2024-02-15
1854,Jennifer Reyes,Female,18,39,hernandezjustin@example.com,(425)315-9462x0717,2024-08-09
1855,Joseph Leon,Male,29,34,cfloyd@example.org,(830)910-1063x28923,2022-09-11
1856,Joann Lee,Male,51,12,khicks@example.org,(575)421-9311x476,2026-01-10
1857,Jared Woods,Male,50,11,edwardgarcia@example.net,001-704-497-8164x244,2023-04-13
1858,Jesse Joyce,Male,33,10,jeffrey83@example.org,(863)893-7458x630,2024-02-25
1859,Kimberly Moyer,Male,23,31,christopherdavis@example.net,216-600-1401,2024-10-28
1860,Michael Graves,Male,64,17,rchavez@example.org,+1-514-968-0760x5446,2026-04-01
1861,Karen King,Male,19,41,cherrera@example.com,661-527-2540x81102,2025-07-06
1862,Kayla Taylor,Male,37,49,williamlamb@example.net,4028322270,2024-03-13
1863,Colleen Harvey,Male,54,9,pollardjodi@example.com,417.809.8597,2022-05-29
1864,Colleen Mccall,Male,18,47,williamshaw@example.net,6792247158,2023-01-31
1865,Timothy Sutton,Female,49,16,timothyjohnson@example.net,2405582188,2024-11-01
1866,Michael Roberts,Male,49,29,alan22@example.net,7603610886,2025-12-05
1867,Patricia Rodriguez,Male,46,10,alexanderkirsten@example.net,001-451-207-1311x0535,2025-09-28
1868,Kimberly Edwards,Male,38,51,riveraeric@example.com,743.371.1071x12017,2024-05-09
1869,Terry Chen,Female,31,8,ashleypierce@example.net,403.434.3707,2023-05-19
1870,Emily Hughes,Male,56,48,coxelizabeth@example.org,653.719.2790,2026-06-16
1871,Katherine Burns,Female,28,26,smithdenise@example.net,699.345.0172,2026-01-25
1872,Dakota Bradley,Female,44,18,kennedyashley@example.com,6063004321,2024-10-04
1873,Sheila Middleton,Male,40,36,cortezlisa@example.com,001-852-804-3577x626,2022-04-21
1874,Elizabeth Smith,Male,40,1,abarrett@example.net,4283759670,2022-08-02
1875,Leslie Wilson,Female,39,48,rachel95@example.net,(969)710-7473x15363,2022-07-16
1876,Mr. Kevin Barnes PhD,Female,27,29,elizabeth14@example.com,242.399.2890,2026-06-25
1877,Joseph Andrade,Male,25,53,vkirby@example.net,650-926-7714,2022-06-16
1878,Ashley Bush,Male,29,10,robertsoncynthia@example.org,978.875.1345,2025-06-23
1879,Brian Davidson,Male,55,49,mark16@example.net,315-901-1910x05056,2021-11-23
1880,Ryan Williams,Female,23,30,donna85@example.net,001-477-436-9719,2024-07-15
1881,John Brown,Male,29,15,paul12@example.net,9334361435,2022-01-21
1882,Robert Potter,Female,35,53,taraday@example.net,328-669-9660x5477,2024-05-07
1883,Angela Gonzales,Female,48,12,wadeemily@example.org,4069526597,2021-09-27
1884,Annette Sandoval,Female,48,51,james25@example.com,260.239.5426x90818,2025-04-19
1885,Michael Page,Male,46,47,ifletcher@example.net,233.807.9609x1157,2022-10-29
1886,Mary Jones,Female,35,48,fordbenjamin@example.com,355-450-6179x1166,2026-03-07
1887,Ms. Jill Clark DDS,Male,49,25,robertjimenez@example.net,(673)917-2884x061,2025-02-13
1888,Adam Warren,Male,42,10,thall@example.org,(574)869-5449,2022-04-09
1889,Dana Thomas,Female,29,47,edward48@example.net,463-519-0103x825,2024-07-15
1890,Angela Whitehead,Female,24,37,rperez@example.com,+1-862-527-9013x898,2022-03-21
1891,Jonathan Hayes,Female,32,47,qgibson@example.org,9896792492,2024-07-16
1892,Cameron Pierce,Female,43,7,elane@example.org,(392)501-4942,2025-03-10
1893,Elizabeth Baird,Male,33,9,edward73@example.org,(970)547-8019,2022-05-19
1894,John Ryan,Male,22,31,mgreene@example.net,(648)856-6033,2026-06-18
1895,Ryan Perez,Male,21,32,acox@example.org,+1-307-889-9048,2025-05-16
1896,William Lewis,Female,38,24,qlong@example.org,683-412-8550,2025-09-13
1897,Mrs. Phyllis Klein,Male,23,2,emendez@example.org,212-975-6424x05795,2024-07-10
1898,Kristin Sanders,Female,50,24,mlong@example.org,(497)774-7098x5390,2021-10-31
1899,Mia Pugh,Female,35,24,antoniogutierrez@example.org,796.616.3634,2021-09-20
1900,Phillip Kline,Female,60,21,rrodriguez@example.net,(370)946-7679,2024-04-12
1901,Linda Williamson,Male,55,12,petersonamy@example.net,213.789.7901x67979,2025-10-28
1902,Dawn White,Female,63,24,uramsey@example.org,471-770-7102x757,2026-07-26
1903,Dr. Regina Cortez,Female,59,4,anthony33@example.net,320.361.0401x471,2022-10-23
1904,Christopher Dean,Male,46,3,robinsonedward@example.net,492.813.3999x282,2024-05-31
1905,Stephanie Parker,Male,21,28,amandahernandez@example.org,(934)778-3179,2023-11-09
1906,Pedro Ruiz,Male,57,38,howellmiranda@example.net,(241)653-5118x009,2022-09-19
1907,Ann Moreno,Female,48,50,eric99@example.org,(933)676-4263x091,2022-08-09
1908,Kathy Charles,Female,62,29,bruce11@example.com,001-445-922-0840x7943,2022-03-03
1909,Natalie Davis,Female,32,30,pdavid@example.net,(346)553-9033,2022-01-03
1910,Jason Lucero II,Female,45,42,williamsjustin@example.org,578.595.1754x2634,2023-08-02
1911,Amanda Gibbs,Female,20,5,bfoley@example.com,814-264-6793x599,2022-01-17
1912,Rachael Johnson,Male,57,11,fadams@example.net,(581)917-0646x3671,2023-10-04
1913,Phyllis Young,Male,31,52,raven67@example.com,001-626-822-5923x534,2022-08-12
1914,Marisa Brown,Female,38,31,shanesanchez@example.org,689-453-7239x4031,2026-03-21
1915,Sarah Sanders,Female,31,44,davidnelson@example.org,9173975174,2022-07-25
1916,Michael Bond,Female,47,37,johnsonadam@example.com,(564)642-2054x5839,2024-10-31
1917,Sharon Smith,Male,41,46,qalexander@example.org,623-625-6080x03794,2026-08-14
1918,Brittany Armstrong,Female,59,12,morgan60@example.net,+1-895-778-2266x41961,2022-03-16
1919,Ariana Page,Male,53,38,bakerelizabeth@example.org,657.233.3541x945,2021-09-29
1920,Justin Thomas,Female,45,53,csmith@example.net,+1-845-924-1019x107,2026-07-02
1921,Debra Bonilla,Female,62,41,sanchezmary@example.net,2435206375,2024-02-12
1922,Joanna Williamson,Female,55,46,qburns@example.org,485-536-3429,2023-08-20
1923,Melissa Black,Male,55,4,sthompson@example.net,001-384-386-1829,2024-05-22
1924,Tony Snyder,Male,60,10,markwilliams@example.com,742.436.4351x19350,2023-10-21
1925,Kristina Garcia,Female,53,3,lisa28@example.org,805-727-2830x5788,2026-07-17
1926,Andrew Quinn,Male,64,31,wwilliams@example.org,2398793887,2022-02-26
1927,Emily James,Female,41,19,ohamilton@example.org,5446365076,2023-02-22
1928,Carolyn Ortiz,Male,46,26,bjones@example.com,001-518-333-8574x7273,2025-05-27
1929,Samuel Walker,Female,63,25,ojensen@example.com,001-504-724-5930x8941,2026-08-20
1930,Christina Lowe,Male,41,10,jphillips@example.net,400.664.1031x62612,2022-08-18
1931,Teresa Lyons,Female,53,50,derrickpham@example.org,+1-749-277-8113x4195,2022-12-31
1932,Jackson Pitts,Male,53,15,fjohnson@example.com,(489)953-1045,2026-09-12
1933,Tracy Davenport,Female,31,42,brandon41@example.net,(795)998-8954,2022-09-09
1934,Sherry Bates,Male,21,35,heidiwood@example.org,+1-949-288-7360x54255,2021-12-15
1935,Sean Bond,Female,54,49,hcruz@example.com,+1-873-826-6199x82919,2024-06-06
1936,Adam Brewer,Female,30,13,dalton83@example.com,(695)235-3891,2021-10-21
1937,Carl Green,Female,29,12,josewilliams@example.org,+1-402-658-5599x9503,2025-05-08
1938,Scott Kerr,Male,53,39,mfuller@example.com,986-761-3535,2023-06-29
1939,Bonnie Ramsey,Male,28,3,aprilharris@example.org,7495136300,2023-12-19
1940,Norman Poole,Male,55,52,katrinayoung@example.org,(896)336-7793x354,2023-06-16
1941,Kelly Hernandez,Female,63,7,kfitzgerald@example.com,469-265-9997x1813,2024-12-28
1942,Marisa Gonzalez,Male,20,32,andrewsjames@example.org,001-891-513-8469x4700,2024-08-09
1943,Jason Robinson,Female,23,52,katherine73@example.net,001-642-238-1809x0676,2026-02-14
1944,Natalie Smith,Female,39,23,barry16@example.net,542-876-0846x12726,2024-09-18
1945,Collin Dean,Female,36,2,caitlinwalton@example.net,(578)281-3648,2023-05-25
1946,Brandi Mayo,Male,25,28,yesenia61@example.net,+1-418-364-8486x64238,2024-04-25
1947,Amanda Farmer,Female,31,23,james30@example.net,734.655.3022x95304,2023-06-14
1948,Mitchell Henderson,Female,61,20,keith02@example.net,001-977-822-4791x00688,2023-12-26
1949,Alicia Sanchez,Female,65,7,pzimmerman@example.org,619.795.0389x267,2026-07-15
1950,Tina Rivera,Male,30,3,aestrada@example.com,(309)924-2164x585,2022-02-10
1951,Edward Mendoza,Female,26,28,millerdebbie@example.com,2436924655,2022-03-11
1952,Virginia Boone,Female,55,23,anthonyquinn@example.com,001-370-914-4695,2022-03-09
1953,Evan Taylor,Male,65,48,hlittle@example.com,681-943-3396x67359,2025-06-22
1954,Ronald Kennedy,Female,19,9,patrick02@example.org,+1-967-375-7908x5456,2024-07-23
1955,Arthur Jackson,Male,57,13,aprilhess@example.com,949-916-6352,2025-08-24
1956,Kenneth Chang,Female,51,15,kdavis@example.com,+1-645-597-3183x2311,2025-01-03
1957,Melissa Clay,Male,57,48,stephaniereyes@example.net,353-694-4870,2025-08-20
1958,Christopher Reid,Female,29,26,robertamoore@example.net,001-812-635-4814x77078,2022-08-02
1959,Justin Bauer,Female,41,44,znewman@example.net,001-615-703-0081x464,2024-05-19
1960,Frank Taylor,Female,60,42,stephanie95@example.org,+1-485-985-1168x20710,2024-10-23
1961,Michelle Reeves,Female,18,46,caleb79@example.com,400-788-4903x6043,2026-04-23
1962,James Cooke,Male,47,45,garretterickson@example.com,+1-845-675-0144x475,2022-07-25
1963,Brianna Garrett,Male,18,41,danielsbrandy@example.org,903-785-3457,2024-07-20
1964,Lisa Osborne,Female,42,51,hernandezmichael@example.com,467-864-5357,2023-07-02
1965,Andrew Hansen,Female,24,31,xmoore@example.com,608-848-5635,2025-11-22
1966,Daniel George,Male,38,23,ehanson@example.org,+1-608-898-9116,2022-05-13
1967,Anthony Chapman,Male,50,49,anita98@example.net,+1-933-849-3785x30819,2024-05-22
1968,Kimberly King,Male,37,42,thomas76@example.net,286.353.9777,2022-06-23
1969,Sharon Wilson,Female,36,49,tmartin@example.com,001-617-748-7311x2662,2026-04-12
1970,Clinton Miller,Male,65,28,echapman@example.com,949-422-9551x9337,2022-01-18
1971,Jenna Edwards,Female,33,45,mckenziedavis@example.net,261.257.8650x054,2022-11-02
1972,Beverly Hernandez,Male,23,10,wfitzpatrick@example.org,334-728-3306,2026-07-24
1973,Grant Hicks,Male,57,53,morganruben@example.org,714.707.1798x5956,2026-05-24
1974,Tami Gordon,Female,34,17,mjohnson@example.org,353-682-9336,2024-08-13
1975,Matthew Blanchard,Male,52,51,umayo@example.org,788.796.9224x101,2023-12-26
1976,Janet Brown,Female,47,12,joseph51@example.com,4629743314,2025-11-15
1977,Taylor Patton,Male,41,33,edwinwhite@example.net,784.545.6660x475,2026-05-07
1978,Rachel Ray,Male,27,43,yperez@example.net,384-754-2958x02324,2022-12-18
1979,Hayley Gamble,Male,61,21,mariarogers@example.org,738-852-9567x8490,2022-12-03
1980,Vanessa Powers,Female,18,6,jlarson@example.com,487.719.7653x17714,2024-05-23
1981,Richard Jimenez,Female,18,16,samantha95@example.com,+1-719-349-5636x45405,2023-01-01
1982,Ms. Lori Fowler,Female,33,4,andrewrogers@example.com,859.279.1703,2025-04-05
1983,Steven Smith,Female,33,32,jacobsmichael@example.com,798.478.4699,2024-02-02
1984,Jennifer Martin,Male,49,41,stephaniehorn@example.net,607-876-1108,2026-06-22
1985,Patrick Mills,Female,37,29,smithrichard@example.net,489-341-9986,2023-03-30
1986,Rebecca Roberson,Female,57,44,riverakelsey@example.net,+1-324-474-5427x991,2021-09-21
1987,Robert Evans,Female,36,33,conleyelizabeth@example.net,723.238.7079x0537,2021-10-20
1988,Ashley Blair,Female,36,15,icook@example.net,288-934-5507x3380,2022-07-07
1989,Michael Hunt,Male,64,20,claytonpeterson@example.org,580-678-9362,2023-05-05
1990,Brian Ross,Male,46,16,eric98@example.net,001-577-597-7719x694,2024-08-16
1991,Roberto Singh,Female,35,35,daviskrystal@example.org,971.567.9304x521,2023-05-31
1992,Joseph Sanders,Male,36,26,nicholasadams@example.org,4717065229,2022-01-27
1993,Victoria Howell MD,Female,25,50,shaunrobinson@example.com,563-226-9034,2025-02-23
1994,Sandra Davis,Female,38,42,wendy29@example.org,644.900.1559,2025-11-08
1995,Derek Underwood,Female,52,13,ireed@example.net,8565075303,2022-09-14
1996,Natasha White,Female,18,6,nicholasmarquez@example.com,781-865-8586,2021-11-07
1997,Tracy Bennett,Male,42,16,jennifer67@example.org,001-964-205-6855x806,2024-01-19
1998,Ryan Olson,Male,47,53,johnsonpedro@example.com,001-834-236-2884x3656,2024-05-11
1999,Jennifer Smith,Female,50,25,mspence@example.org,646-620-8057x450,2026-05-05
2000,Christine Farrell,Male,31,3,thompsonjames@example.com,796.908.0895x94702,2024-06-14
