sale_id,customer_id,car_id,sale_date,quantity,discount_percent,final_price
1,274,46,2025-10-19,1,3,46560.0
2,1301,78,2026-01-12,1,2,37240.0
3,131,102,2025-08-24,1,10,450000.0
4,166,29,2025-06-27,1,12,34320.0
5,359,26,2025-09-14,1,12,28160.0
6,420,117,2023-11-13,1,8,69000.0
7,905,100,2025-09-25,1,7,232500.0
8,332,104,2025-04-05,1,7,20460.0
9,1629,56,2025-07-04,1,4,91200.0
10,1589,93,2024-02-09,1,7,13020.0
11,1106,83,2025-05-15,1,15,29750.0
12,1748,15,2025-10-26,1,8,59800.0
13,1010,119,2026-01-17,1,10,1800000.0
14,1079,117,2025-04-06,1,6,70500.0
15,949,90,2025-07-09,1,3,21340.0
16,389,48,2025-04-13,1,10,81000.0
17,871,1,2025-11-08,1,13,20880.0
18,1971,5,2024-03-02,1,15,40800.0
19,447,62,2025-10-03,1,0,52000.0
20,1557,19,2026-06-23,1,2,32340.0
21,1809,113,2023-11-12,1,5,28500.0
22,1664,33,2026-07-01,1,3,25220.0
23,250,41,2026-01-19,1,10,22500.0
24,1006,84,2024-06-08,1,8,32200.0
25,1174,78,2023-12-12,1,3,36860.0
26,432,95,2025-12-24,1,8,13800.0
27,1054,123,2025-11-25,1,12,52800.0
28,390,144,2024-06-10,1,7,26040.0
29,795,1,2025-07-07,1,6,22560.0
30,850,128,2025-11-02,1,12,70400.0
31,1780,117,2026-04-07,1,12,66000.0
32,1892,117,2024-09-14,1,13,65250.0
33,411,59,2026-04-09,1,10,45000.0
34,724,130,2025-06-07,1,14,81700.0
35,1583,38,2023-09-23,1,2,27440.0
36,73,104,2026-05-14,1,5,20900.0
37,137,110,2023-09-22,1,2,58800.0
38,455,139,2025-02-25,1,5,28500.0
39,441,91,2025-02-06,1,12,22880.0
40,175,84,2026-08-11,1,9,31850.0
41,1415,131,2026-01-07,1,7,139500.0
42,1571,125,2023-09-18,1,11,97900.0
43,1896,119,2025-03-11,1,6,1880000.0
44,724,63,2026-08-05,1,3,36860.0
45,547,22,2026-03-15,1,10,28800.0
46,522,42,2024-09-01,1,2,39200.0
47,704,45,2026-02-16,1,2,41160.0
48,1370,56,2024-12-12,1,8,87400.0
49,857,89,2024-01-17,1,3,14550.0
50,846,61,2025-03-05,1,4,43200.0
51,167,100,2024-08-07,1,2,245000.0
52,897,144,2024-08-10,1,13,24360.0
53,1586,141,2023-11-26,1,15,23800.0
54,809,80,2026-04-22,1,9,54600.0
55,1243,73,2026-06-15,1,8,32200.0
56,1089,2,2024-07-24,1,0,32000.0
57,627,44,2024-06-18,1,13,43500.0
58,738,89,2025-07-10,1,9,13650.0
59,617,61,2024-12-06,1,5,42750.0
60,1228,73,2024-03-15,1,1,34650.0
61,1812,56,2026-05-19,1,0,95000.0
62,1324,139,2025-01-12,1,9,27300.0
63,674,53,2026-08-12,1,1,64350.0
64,1217,47,2026-06-02,1,10,72000.0
65,968,70,2023-11-20,1,2,2940000.0
66,1626,12,2023-10-24,1,5,47500.0
67,666,2,2024-05-22,1,10,28800.0
68,1669,103,2025-09-06,1,11,16020.0
69,1407,31,2026-04-24,1,13,50460.0
70,1253,59,2025-01-25,1,6,47000.0
71,399,13,2025-09-24,1,12,36960.0
72,1431,28,2026-05-23,1,15,40800.0
73,142,44,2026-06-26,1,8,46000.0
74,1458,58,2024-07-29,1,11,42720.0
75,1817,92,2026-09-09,1,11,16020.0
76,1049,76,2025-09-24,1,2,39200.0
77,73,61,2024-08-21,1,1,44550.0
78,1247,132,2024-09-20,1,2,23520.0
79,1867,133,2026-05-11,1,10,27000.0
80,410,132,2026-09-01,1,15,20400.0
81,900,69,2024-08-03,1,2,196000.0
82,291,102,2025-06-03,1,4,480000.0
83,1555,142,2025-08-27,1,12,33440.0
84,10,69,2025-01-24,1,4,192000.0
85,1462,114,2024-03-19,1,3,27160.0
86,111,38,2025-09-27,1,12,24640.0
87,1214,114,2024-06-07,1,15,23800.0
88,1999,138,2023-12-25,1,5,33250.0
89,1943,88,2025-02-03,1,15,29750.0
90,1565,119,2024-06-01,1,14,1720000.0
91,1735,109,2025-03-25,1,3,43650.0
92,1941,43,2024-11-15,1,13,52200.0
93,336,58,2025-07-25,1,9,43680.0
94,1203,145,2025-05-21,1,11,31150.0
95,1780,127,2026-06-05,1,6,51700.0
96,744,50,2025-03-28,1,6,54520.0
97,245,35,2024-12-21,1,10,31500.0
98,1693,78,2025-01-06,1,13,33060.0
99,212,51,2023-10-07,1,10,43200.0
100,352,52,2024-06-06,1,14,60200.0
101,1124,63,2023-09-16,1,0,38000.0
102,1458,14,2026-03-21,1,8,50600.0
103,729,72,2026-07-24,1,10,25200.0
104,1344,98,2025-10-11,1,3,48500.0
105,1924,102,2024-07-20,1,15,425000.0
106,194,128,2023-09-14,1,10,72000.0
107,736,80,2024-12-21,1,5,57000.0
108,193,30,2025-10-18,1,15,40800.0
109,1662,112,2024-04-12,1,15,18700.0
110,341,142,2024-11-13,1,11,33820.0
111,218,9,2024-06-21,1,0,23000.0
112,1920,100,2023-10-07,1,14,215000.0
113,1691,5,2024-07-02,1,3,46560.0
114,1207,107,2023-11-09,1,10,22500.0
115,1500,41,2024-07-02,1,3,24250.0
116,947,143,2024-03-18,1,0,20000.0
117,772,113,2023-11-27,1,14,25800.0
118,416,101,2024-06-27,1,8,322000.0
119,1705,6,2026-05-19,1,11,55180.0
120,1478,130,2025-05-07,1,12,83600.0
121,108,61,2025-08-09,1,0,45000.0
122,1115,60,2025-12-14,1,11,80100.0
123,1815,17,2025-01-08,1,7,20460.0
124,1027,13,2023-11-01,1,6,39480.0
125,171,116,2026-08-22,1,5,57000.0
126,64,137,2026-08-18,1,9,20020.0
127,1664,113,2025-01-09,1,10,27000.0
128,1755,132,2024-12-15,1,2,23520.0
129,819,50,2025-03-28,1,8,53360.0
130,1915,122,2025-11-11,1,11,534000.0
131,469,27,2025-03-06,1,6,33840.0
132,1853,57,2024-07-16,1,15,35700.0
133,1634,107,2024-03-03,1,11,22250.0
134,1786,129,2026-04-30,1,14,73100.0
135,1003,127,2024-01-19,1,11,48950.0
136,1235,112,2024-07-17,1,3,21340.0
137,656,109,2024-01-31,1,2,44100.0
138,384,8,2026-03-03,1,4,72000.0
139,499,49,2023-11-08,1,10,40500.0
140,1112,40,2026-06-10,1,10,27000.0
141,879,41,2024-10-24,1,0,25000.0
142,1032,75,2025-10-24,1,15,18700.0
143,1697,117,2023-11-02,1,12,66000.0
144,603,44,2024-09-09,1,13,43500.0
145,498,68,2026-01-10,1,12,202400.0
146,1520,73,2023-11-30,1,3,33950.0
147,177,23,2026-07-07,1,14,34400.0
148,320,137,2023-12-16,1,8,20240.0
149,57,55,2025-01-29,1,5,61750.0
150,694,90,2025-01-09,1,10,19800.0
151,46,105,2024-06-15,1,4,28800.0
152,273,32,2024-12-11,1,3,75660.0
153,543,142,2024-09-02,1,2,37240.0
154,1186,31,2024-09-17,1,6,54520.0
155,207,76,2025-05-25,1,6,37600.0
156,921,29,2024-02-20,1,1,38610.0
157,1158,9,2024-04-15,1,11,20470.0
158,1275,119,2024-02-28,1,0,2000000.0
159,1203,97,2025-09-26,1,13,39150.0
160,511,6,2023-11-01,1,4,59520.0
161,1034,130,2024-05-18,1,9,86450.0
162,863,97,2024-10-03,1,15,38250.0
163,1238,31,2023-12-25,1,15,49300.0
164,304,125,2025-06-28,1,0,110000.0
165,1351,93,2026-09-03,1,1,13860.0
166,1231,49,2024-11-22,1,2,44100.0
167,1403,140,2024-03-03,1,3,20370.0
168,1365,42,2024-06-23,1,8,36800.0
169,1475,44,2024-01-19,1,2,49000.0
170,1703,24,2024-10-18,1,1,47520.0
171,762,50,2023-11-25,1,12,51040.0
172,952,63,2023-10-08,1,12,33440.0
173,353,137,2025-09-13,1,2,21560.0
174,359,53,2023-10-18,1,13,56550.0
175,1076,34,2025-06-02,1,1,31680.0
176,1003,95,2024-12-20,1,7,13950.0
177,1803,63,2025-11-07,1,5,36100.0
178,511,7,2026-08-30,1,11,48950.0
179,343,62,2026-07-30,1,7,48360.0
180,1955,68,2026-07-21,1,10,207000.0
181,1465,95,2025-01-28,1,11,13350.0
182,884,23,2026-05-01,1,14,34400.0
183,1692,139,2025-08-14,1,2,29400.0
184,1345,107,2024-12-16,1,5,23750.0
185,461,27,2025-08-13,1,5,34200.0
186,1877,105,2024-04-03,1,0,30000.0
187,1266,138,2024-12-04,1,11,31150.0
188,1624,137,2024-05-11,1,10,19800.0
189,903,76,2026-01-14,1,4,38400.0
190,191,19,2025-02-27,1,12,29040.0
191,287,50,2025-02-03,1,6,54520.0
192,1304,135,2026-06-04,1,13,217500.0
193,870,140,2025-08-05,1,15,17850.0
194,827,96,2024-09-17,1,12,19360.0
195,528,13,2026-07-27,1,7,39060.0
196,138,121,2025-12-19,1,15,195500.0
197,1014,67,2026-05-18,1,12,220000.0
198,1311,94,2026-06-27,1,6,18800.0
199,1097,61,2023-12-06,1,11,40050.0
200,1468,31,2024-01-05,1,13,50460.0
201,719,32,2026-03-31,1,11,69420.0
202,737,81,2024-09-05,1,6,20680.0
203,1007,83,2025-05-24,1,2,34300.0
204,99,63,2025-04-23,1,14,32680.0
205,651,129,2024-11-13,1,9,77350.0
206,34,26,2025-12-07,1,11,28480.0
207,924,37,2023-12-28,1,13,16530.0
208,1763,13,2024-03-13,1,2,41160.0
209,870,6,2024-06-17,1,0,62000.0
210,1126,16,2025-03-14,1,4,81600.0
211,1994,36,2025-06-13,1,8,38640.0
212,598,10,2025-12-05,1,6,42300.0
213,129,104,2026-04-17,1,14,18920.0
214,1842,22,2026-08-01,1,6,30080.0
215,1454,76,2024-07-14,1,6,37600.0
216,1220,139,2024-05-12,1,2,29400.0
217,1244,33,2026-03-28,1,7,24180.0
218,1219,27,2025-05-18,1,13,31320.0
219,366,65,2025-12-10,1,12,193600.0
220,409,126,2024-06-24,1,1,39600.0
221,659,1,2026-08-04,1,3,23280.0
222,1041,99,2024-07-27,1,11,48950.0
223,1249,140,2025-01-08,1,3,20370.0
224,1014,46,2025-12-28,1,14,41280.0
225,856,79,2024-07-23,1,7,79050.0
226,1166,96,2026-08-03,1,5,20900.0
227,1915,84,2025-12-18,1,5,33250.0
228,919,101,2024-11-05,1,13,304500.0
229,425,52,2024-06-17,1,0,70000.0
230,1655,111,2024-06-11,1,10,49500.0
231,1186,36,2024-02-13,1,14,36120.0
232,1681,122,2026-02-07,1,7,558000.0
233,1024,58,2024-06-12,1,2,47040.0
234,444,127,2024-12-07,1,1,54450.0
235,429,80,2025-01-31,1,11,53400.0
236,1578,144,2025-11-08,1,12,24640.0
237,1904,89,2026-05-18,1,6,14100.0
238,1064,104,2024-07-07,1,8,20240.0
239,1249,118,2024-04-18,1,6,2820000.0
240,1645,105,2025-02-07,1,15,25500.0
241,1914,85,2025-03-29,1,13,41760.0
242,450,52,2024-04-07,1,0,70000.0
243,614,20,2026-01-04,1,12,39600.0
244,1399,98,2025-11-07,1,7,46500.0
245,937,43,2024-08-10,1,0,60000.0
246,216,135,2024-07-07,1,14,215000.0
247,1752,136,2026-04-30,1,6,282000.0
248,609,52,2025-09-01,1,4,67200.0
249,1440,54,2023-12-26,1,12,105600.0
250,1738,52,2023-10-29,1,0,70000.0
251,681,29,2024-12-30,1,1,38610.0
252,154,112,2025-06-19,1,11,19580.0
253,1915,73,2023-11-10,1,12,30800.0
254,1149,77,2025-04-22,1,7,32550.0
255,1040,140,2024-03-19,1,0,21000.0
256,1389,70,2025-12-19,1,6,2820000.0
257,307,96,2023-10-20,1,7,20460.0
258,1576,93,2023-10-03,1,11,12460.0
259,1413,87,2024-11-10,1,8,25760.0
260,826,115,2025-07-11,1,12,39600.0
261,1990,132,2025-07-05,1,5,22800.0
262,75,28,2026-06-24,1,8,44160.0
263,1985,104,2025-06-30,1,11,19580.0
264,403,87,2025-12-25,1,9,25480.0
265,1471,25,2025-12-08,1,12,22000.0
266,1328,27,2026-03-23,1,1,35640.0
267,446,41,2025-09-16,1,13,21750.0
268,625,11,2024-02-04,1,4,46080.0
269,1524,143,2024-01-14,1,4,19200.0
270,741,100,2026-08-19,1,14,215000.0
271,369,99,2025-01-18,1,13,47850.0
272,922,144,2025-06-06,1,13,24360.0
273,1015,17,2024-11-13,1,13,19140.0
274,845,138,2026-05-05,1,10,31500.0
275,168,68,2024-04-02,1,15,195500.0
276,1333,136,2026-07-01,1,13,261000.0
277,1363,33,2024-06-07,1,2,25480.0
278,322,35,2025-12-27,1,12,30800.0
279,1826,123,2024-10-02,1,13,52200.0
280,12,103,2025-09-22,1,1,17820.0
281,542,40,2026-06-01,1,4,28800.0
282,1017,108,2026-08-22,1,5,28500.0
283,1535,48,2025-08-17,1,10,81000.0
284,1089,130,2023-12-20,1,12,83600.0
285,168,145,2026-02-06,1,11,31150.0
286,78,66,2024-04-14,1,5,180500.0
287,1448,13,2024-12-03,1,6,39480.0
288,62,94,2024-03-23,1,0,20000.0
289,699,109,2026-06-28,1,6,42300.0
290,1791,74,2025-01-14,1,5,42750.0
291,244,124,2025-07-28,1,11,62300.0
292,1585,96,2026-07-09,1,8,20240.0
293,811,23,2025-08-27,1,0,40000.0
294,1836,82,2024-05-16,1,0,28000.0
295,1944,119,2026-07-05,1,1,1980000.0
296,1780,106,2023-10-03,1,10,18000.0
297,530,139,2024-11-17,1,2,29400.0
298,1068,23,2024-05-16,1,6,37600.0
299,649,141,2025-06-12,1,5,26600.0
300,615,137,2025-01-20,1,5,20900.0
301,1256,140,2024-04-12,1,9,19110.0
302,1877,132,2025-05-20,1,8,22080.0
303,537,88,2024-11-08,1,13,30450.0
304,1871,55,2026-07-22,1,6,61100.0
305,306,101,2025-05-19,1,1,346500.0
306,961,58,2025-04-01,1,5,45600.0
307,1357,64,2026-04-01,1,11,133500.0
308,1665,112,2025-12-13,1,13,19140.0
309,1741,37,2024-11-30,1,7,17670.0
310,1455,78,2024-03-18,1,10,34200.0
311,1044,42,2024-01-21,1,12,35200.0
312,1699,120,2024-12-08,1,1,247500.0
313,1675,96,2024-08-31,1,14,18920.0
314,493,68,2026-05-04,1,3,223100.0
315,357,28,2025-08-10,1,4,46080.0
316,749,35,2024-07-16,1,12,30800.0
317,1021,9,2025-01-31,1,6,21620.0
318,800,77,2025-03-14,1,12,30800.0
319,214,76,2024-02-24,1,0,40000.0
320,950,65,2025-12-25,1,15,187000.0
321,58,92,2026-07-23,1,6,16920.0
322,68,113,2023-09-29,1,6,28200.0
323,742,77,2026-07-15,1,1,34650.0
324,1537,78,2025-12-16,1,7,35340.0
325,1683,9,2025-10-24,1,5,21850.0
326,502,72,2026-05-12,1,4,26880.0
327,1740,18,2025-01-16,1,3,27160.0
328,109,52,2025-11-17,1,12,61600.0
329,146,77,2024-06-21,1,10,31500.0
330,857,89,2025-12-20,1,3,14550.0
331,306,120,2024-11-24,1,7,232500.0
332,667,145,2024-04-09,1,3,33950.0
333,735,131,2025-09-08,1,11,133500.0
334,1319,88,2024-07-02,1,15,29750.0
335,606,6,2025-06-20,1,10,55800.0
336,1637,35,2026-01-19,1,7,32550.0
337,1099,41,2023-12-11,1,13,21750.0
338,419,45,2024-08-09,1,4,40320.0
339,1609,139,2026-04-07,1,5,28500.0
340,1915,30,2023-11-04,1,11,42720.0
341,1202,101,2024-05-17,1,0,350000.0
342,1342,122,2023-09-26,1,11,534000.0
343,1556,5,2026-03-01,1,0,48000.0
344,632,48,2024-04-12,1,1,89100.0
345,411,18,2026-07-10,1,5,26600.0
346,1123,16,2025-12-25,1,12,74800.0
347,1663,89,2026-05-20,1,1,14850.0
348,607,84,2026-04-13,1,2,34300.0
349,1900,67,2026-01-05,1,9,227500.0
350,677,78,2024-12-08,1,13,33060.0
351,830,35,2026-06-27,1,5,33250.0
352,1228,113,2024-04-20,1,1,29700.0
353,531,118,2025-04-14,1,7,2790000.0
354,1037,84,2025-11-12,1,11,31150.0
355,124,74,2026-03-09,1,1,44550.0
356,1673,53,2026-02-10,1,5,61750.0
357,795,81,2025-01-18,1,5,20900.0
358,775,118,2024-03-14,1,5,2850000.0
359,366,64,2024-03-27,1,5,142500.0
360,474,94,2026-06-26,1,0,20000.0
361,1961,22,2023-09-27,1,5,30400.0
362,1766,90,2025-09-10,1,2,21560.0
363,162,103,2024-06-19,1,2,17640.0
364,197,63,2025-12-27,1,1,37620.0
365,18,135,2026-04-12,1,7,232500.0
366,522,90,2025-10-12,1,1,21780.0
367,95,93,2025-05-24,1,12,12320.0
368,1463,67,2026-08-30,1,1,247500.0
369,161,26,2025-03-18,1,0,32000.0
370,1979,21,2023-10-25,1,14,19780.0
371,749,104,2024-06-17,1,9,20020.0
372,846,15,2026-08-04,1,3,63050.0
373,231,117,2025-04-17,1,15,63750.0
374,1657,74,2025-10-26,1,8,41400.0
375,662,44,2025-12-13,1,15,42500.0
376,151,17,2024-01-04,1,10,19800.0
377,67,92,2024-05-08,1,11,16020.0
378,660,126,2024-06-20,1,0,40000.0
379,1116,140,2023-12-31,1,6,19740.0
380,728,104,2025-11-15,1,15,18700.0
381,132,87,2024-03-28,1,6,26320.0
382,1905,18,2024-06-08,1,12,24640.0
383,217,99,2024-10-11,1,13,47850.0
384,1551,78,2026-07-26,1,1,37620.0
385,147,71,2024-03-17,1,14,4300000.0
386,1410,123,2024-08-08,1,2,58800.0
387,1442,86,2025-11-01,1,1,19800.0
388,1937,113,2025-07-12,1,1,29700.0
389,576,77,2026-01-14,1,0,35000.0
390,123,27,2024-08-04,1,15,30600.0
391,1050,139,2024-02-29,1,5,28500.0
392,789,37,2025-03-27,1,6,17860.0
393,275,17,2026-05-30,1,2,21560.0
394,1612,47,2024-07-27,1,5,76000.0
395,933,115,2026-02-18,1,0,45000.0
396,283,104,2026-07-05,1,7,20460.0
397,1890,145,2024-07-09,1,10,31500.0
398,1296,99,2025-04-24,1,5,52250.0
399,523,30,2025-04-27,1,3,46560.0
400,64,31,2025-03-20,1,11,51620.0
401,727,131,2026-07-19,1,4,144000.0
402,1764,92,2025-01-23,1,15,15300.0
403,737,37,2024-04-18,1,7,17670.0
404,1402,120,2025-10-17,1,10,225000.0
405,1462,28,2024-11-03,1,10,43200.0
406,802,17,2025-10-25,1,6,20680.0
407,420,133,2023-10-27,1,8,27600.0
408,1634,12,2025-10-24,1,2,49000.0
409,1692,35,2026-08-05,1,1,34650.0
410,1325,55,2026-06-14,1,5,61750.0
411,917,8,2024-09-07,1,6,70500.0
412,928,13,2023-12-04,1,10,37800.0
413,525,8,2026-08-24,1,2,73500.0
414,984,49,2025-03-04,1,2,44100.0
415,1933,105,2025-10-10,1,12,26400.0
416,1460,28,2025-11-12,1,1,47520.0
417,1568,133,2026-04-28,1,1,29700.0
418,227,42,2025-10-29,1,11,35600.0
419,1921,3,2026-06-11,1,9,34580.0
420,369,7,2024-03-26,1,8,50600.0
421,382,26,2024-11-25,1,8,29440.0
422,637,144,2024-11-24,1,1,27720.0
423,899,57,2025-01-31,1,5,39900.0
424,221,33,2024-08-10,1,10,23400.0
425,1969,78,2025-12-06,1,12,33440.0
426,474,112,2025-05-15,1,11,19580.0
427,166,110,2024-06-05,1,11,53400.0
428,132,63,2026-01-26,1,7,35340.0
429,182,138,2024-05-17,1,3,33950.0
430,161,15,2024-11-28,1,3,63050.0
431,1575,22,2023-10-06,1,1,31680.0
432,1175,90,2025-08-21,1,3,21340.0
433,563,103,2026-04-12,1,13,15660.0
434,1605,102,2023-10-04,1,5,475000.0
435,440,26,2025-08-14,1,13,27840.0
436,493,129,2025-05-01,1,1,84150.0
437,1336,26,2026-01-11,1,4,30720.0
438,946,66,2024-10-30,1,14,163400.0
439,774,92,2025-10-15,1,10,16200.0
440,1903,22,2024-07-27,1,2,31360.0
441,90,6,2024-08-14,1,13,53940.0
442,1699,71,2024-10-18,1,4,4800000.0
443,1045,100,2025-01-30,1,13,217500.0
444,1642,145,2026-07-02,1,7,32550.0
445,260,81,2026-07-03,1,4,21120.0
446,1044,16,2024-07-01,1,8,78200.0
447,41,135,2023-10-11,1,14,215000.0
448,397,100,2024-03-08,1,0,250000.0
449,1977,34,2024-12-22,1,5,30400.0
450,713,87,2026-01-08,1,6,26320.0
451,1142,29,2026-06-15,1,14,33540.0
452,1915,91,2026-01-12,1,10,23400.0
453,625,117,2024-08-02,1,14,64500.0
454,887,18,2026-07-12,1,13,24360.0
455,365,68,2026-02-10,1,9,209300.0
456,1118,101,2025-08-20,1,14,301000.0
457,851,41,2025-02-01,1,8,23000.0
458,697,13,2025-02-16,1,0,42000.0
459,1301,75,2025-05-07,1,5,20900.0
460,1090,33,2024-02-29,1,7,24180.0
461,1230,30,2023-12-10,1,8,44160.0
462,1102,145,2024-04-21,1,7,32550.0
463,229,31,2026-04-29,1,13,50460.0
464,310,138,2026-08-28,1,8,32200.0
465,1265,10,2025-02-21,1,1,44550.0
466,1466,51,2026-05-14,1,8,44160.0
467,388,39,2024-06-18,1,2,34300.0
468,1308,15,2024-02-13,1,10,58500.0
469,1442,101,2026-07-21,1,11,311500.0
470,1354,43,2024-08-14,1,10,54000.0
471,58,86,2024-06-13,1,9,18200.0
472,52,15,2025-08-14,1,11,57850.0
473,1652,24,2025-06-26,1,9,43680.0
474,375,85,2026-04-07,1,7,44640.0
475,194,7,2026-01-09,1,2,53900.0
476,1016,87,2023-10-25,1,4,26880.0
477,881,136,2023-11-02,1,12,264000.0
478,277,126,2025-03-31,1,13,34800.0
479,1029,67,2025-01-02,1,0,250000.0
480,277,65,2024-04-16,1,2,215600.0
481,1835,101,2025-06-20,1,1,346500.0
482,1124,65,2025-07-31,1,3,213400.0
483,1421,13,2026-08-06,1,10,37800.0
484,129,88,2025-05-26,1,3,33950.0
485,1325,87,2024-08-14,1,8,25760.0
486,961,77,2025-04-16,1,12,30800.0
487,1051,95,2025-07-26,1,3,14550.0
488,77,134,2025-09-04,1,5,42750.0
489,727,20,2024-12-02,1,9,40950.0
490,1332,46,2026-03-23,1,0,48000.0
491,1216,30,2024-06-30,1,3,46560.0
492,1401,65,2026-07-30,1,6,206800.0
493,1515,9,2024-05-24,1,8,21160.0
494,341,125,2025-12-25,1,5,104500.0
495,1860,92,2024-08-25,1,10,16200.0
496,1051,45,2024-07-04,1,5,39900.0
497,1259,88,2025-07-09,1,3,33950.0
498,1159,135,2026-02-27,1,1,247500.0
499,576,68,2026-02-16,1,12,202400.0
500,692,43,2026-05-09,1,9,54600.0
501,150,16,2026-07-16,1,14,73100.0
502,457,41,2026-03-22,1,10,22500.0
503,1871,39,2025-11-27,1,8,32200.0
504,75,129,2026-08-20,1,1,84150.0
505,706,77,2025-08-26,1,11,31150.0
506,442,129,2024-03-20,1,13,73950.0
507,151,35,2026-06-03,1,11,31150.0
508,1282,73,2023-12-31,1,8,32200.0
509,69,117,2024-11-13,1,8,69000.0
510,1688,50,2025-07-30,1,0,58000.0
511,855,127,2023-11-22,1,1,54450.0
512,426,42,2023-10-23,1,4,38400.0
513,714,111,2023-10-07,1,0,55000.0
514,142,115,2023-10-21,1,8,41400.0
515,1239,8,2025-06-27,1,15,63750.0
516,1263,16,2025-10-15,1,1,84150.0
517,1491,113,2024-04-27,1,4,28800.0
518,655,102,2025-06-24,1,4,480000.0
519,1617,137,2025-01-09,1,7,20460.0
520,469,106,2026-03-22,1,10,18000.0
521,1515,126,2025-11-14,1,0,40000.0
522,51,59,2025-01-21,1,1,49500.0
523,1829,89,2024-01-28,1,14,12900.0
524,1376,87,2026-04-30,1,8,25760.0
525,1990,17,2024-07-02,1,9,20020.0
526,798,47,2024-01-11,1,0,80000.0
527,1754,80,2025-11-28,1,13,52200.0
528,782,126,2025-12-31,1,10,36000.0
529,574,143,2024-04-29,1,2,19600.0
530,1740,105,2025-02-14,1,10,27000.0
531,1880,32,2025-01-27,1,12,68640.0
532,971,64,2023-10-04,1,7,139500.0
533,124,95,2025-12-15,1,12,13200.0
534,1016,11,2025-09-27,1,0,48000.0
535,282,92,2023-12-15,1,9,16380.0
536,1584,120,2023-10-05,1,9,227500.0
537,790,104,2025-05-21,1,0,22000.0
538,1421,128,2026-01-29,1,9,72800.0
539,942,100,2024-05-27,1,3,242500.0
540,73,72,2024-01-14,1,15,23800.0
541,914,30,2025-06-16,1,14,41280.0
542,1541,123,2026-01-25,1,12,52800.0
543,848,91,2026-07-18,1,6,24440.0
544,1940,5,2024-12-22,1,2,47040.0
545,1602,18,2025-05-03,1,13,24360.0
546,47,90,2025-01-04,1,12,19360.0
547,496,110,2025-02-04,1,10,54000.0
548,1866,136,2024-08-30,1,6,282000.0
549,1059,103,2024-12-14,1,0,18000.0
550,715,141,2026-07-06,1,10,25200.0
551,605,108,2023-09-30,1,13,26100.0
552,1234,51,2025-04-24,1,14,41280.0
553,675,111,2023-10-16,1,3,53350.0
554,172,41,2024-08-23,1,11,22250.0
555,1701,45,2024-06-12,1,2,41160.0
556,1650,29,2024-12-02,1,8,35880.0
557,1974,102,2026-04-01,1,3,485000.0
558,597,59,2024-02-11,1,14,43000.0
559,1335,128,2025-11-17,1,1,79200.0
560,1096,129,2026-08-20,1,4,81600.0
561,1215,63,2024-12-19,1,0,38000.0
562,146,79,2025-07-24,1,0,85000.0
563,1644,90,2026-08-25,1,3,21340.0
564,348,1,2024-11-08,1,9,21840.0
565,1633,14,2024-01-10,1,3,53350.0
566,713,102,2024-02-22,1,13,435000.0
567,1712,6,2024-12-29,1,4,59520.0
568,1676,44,2024-03-19,1,0,50000.0
569,378,128,2024-09-26,1,4,76800.0
570,681,66,2024-02-01,1,0,190000.0
571,440,80,2026-02-22,1,9,54600.0
572,1566,38,2024-04-27,1,15,23800.0
573,1936,55,2026-01-30,1,3,63050.0
574,611,41,2024-11-19,1,12,22000.0
575,1328,42,2024-03-24,1,4,38400.0
576,1077,34,2024-06-04,1,7,29760.0
577,1607,43,2023-10-26,1,14,51600.0
578,1287,64,2025-07-10,1,14,129000.0
579,620,134,2025-05-27,1,0,45000.0
580,1971,68,2026-01-29,1,8,211600.0
581,1447,64,2025-03-23,1,5,142500.0
582,1048,134,2023-11-02,1,1,44550.0
583,1173,115,2024-08-16,1,11,40050.0
584,1492,141,2026-04-11,1,13,24360.0
585,483,49,2025-07-26,1,6,42300.0
586,1145,4,2023-09-27,1,6,79900.0
587,1132,109,2026-07-22,1,2,44100.0
588,412,145,2024-01-29,1,0,35000.0
589,987,29,2025-09-02,1,3,37830.0
590,1704,48,2025-07-21,1,6,84600.0
591,311,114,2025-09-10,1,2,27440.0
592,454,65,2023-12-06,1,6,206800.0
593,188,74,2025-06-28,1,6,42300.0
594,632,92,2025-10-29,1,15,15300.0
595,1341,100,2025-06-04,1,5,237500.0
596,322,54,2024-12-13,1,1,118800.0
597,257,140,2024-09-15,1,0,21000.0
598,1415,90,2026-05-08,1,6,20680.0
599,1155,11,2024-03-26,1,14,41280.0
600,1137,59,2026-08-12,1,12,44000.0
601,698,108,2024-11-13,1,5,28500.0
602,223,90,2026-03-29,1,6,20680.0
603,838,12,2025-12-18,1,7,46500.0
604,443,98,2023-11-06,1,0,50000.0
605,1322,142,2025-02-24,1,1,37620.0
606,269,10,2025-03-06,1,4,43200.0
607,1123,114,2024-08-16,1,6,26320.0
608,626,117,2024-02-01,1,9,68250.0
609,110,74,2025-06-29,1,14,38700.0
610,26,47,2025-09-21,1,12,70400.0
611,1661,136,2026-08-20,1,3,291000.0
612,1640,23,2026-04-04,1,14,34400.0
613,708,102,2026-03-28,1,0,500000.0
614,1981,99,2024-06-19,1,2,53900.0
615,319,61,2025-04-29,1,3,43650.0
616,263,3,2026-06-11,1,5,36100.0
617,710,138,2026-03-01,1,4,33600.0
618,180,112,2024-08-29,1,13,19140.0
619,1534,101,2025-04-05,1,9,318500.0
620,1471,51,2025-01-27,1,6,45120.0
621,1528,94,2024-12-29,1,12,17600.0
622,633,9,2024-03-31,1,9,20930.0
623,1478,86,2025-04-23,1,4,19200.0
624,665,57,2023-12-26,1,0,42000.0
625,1096,108,2023-09-13,1,6,28200.0
626,1243,34,2024-07-15,1,1,31680.0
627,1683,109,2024-08-11,1,1,44550.0
628,1898,68,2025-03-12,1,8,211600.0
629,1743,13,2026-01-17,1,14,36120.0
630,1962,136,2024-10-12,1,9,273000.0
631,536,137,2023-11-09,1,4,21120.0
632,1422,122,2024-10-12,1,10,540000.0
633,990,70,2026-06-09,1,5,2850000.0
634,1858,21,2026-02-08,1,11,20470.0
635,737,116,2023-12-28,1,12,52800.0
636,109,121,2023-11-29,1,2,225400.0
637,787,134,2025-05-17,1,11,40050.0
638,757,83,2025-02-16,1,2,34300.0
639,544,112,2024-02-18,1,3,21340.0
640,957,76,2026-07-09,1,12,35200.0
641,855,83,2025-02-20,1,13,30450.0
642,1688,120,2025-02-11,1,8,230000.0
643,109,90,2024-02-13,1,0,22000.0
644,957,1,2026-05-01,1,6,22560.0
645,1686,30,2026-02-02,1,7,44640.0
646,1350,4,2024-06-17,1,15,72250.0
647,1171,122,2024-03-06,1,2,588000.0
648,297,100,2026-06-08,1,5,237500.0
649,1896,15,2026-01-08,1,3,63050.0
650,1679,78,2024-09-15,1,15,32300.0
651,346,96,2023-10-13,1,1,21780.0
652,304,62,2026-06-05,1,1,51480.0
653,999,103,2024-01-30,1,0,18000.0
654,497,111,2025-05-31,1,5,52250.0
655,1993,25,2023-11-19,1,12,22000.0
656,1497,70,2025-01-25,1,15,2550000.0
657,1422,81,2025-09-04,1,11,19580.0
658,388,39,2025-08-10,1,3,33950.0
659,333,52,2025-08-26,1,4,67200.0
660,1919,116,2023-09-16,1,10,54000.0
661,171,19,2024-12-25,1,14,28380.0
662,469,102,2026-05-09,1,4,480000.0
663,1090,67,2023-10-23,1,7,232500.0
664,1609,43,2023-10-08,1,1,59400.0
665,117,59,2024-06-10,1,6,47000.0
666,708,15,2025-04-18,1,1,64350.0
667,515,80,2026-03-21,1,11,53400.0
668,728,4,2024-07-31,1,12,74800.0
669,1250,109,2025-12-10,1,12,39600.0
670,1171,130,2026-04-22,1,0,95000.0
671,687,7,2025-06-15,1,13,47850.0
672,728,103,2024-07-20,1,9,16380.0
673,293,103,2024-01-02,1,3,17460.0
674,878,14,2025-03-04,1,12,48400.0
675,1173,43,2026-06-06,1,10,54000.0
676,16,114,2026-01-24,1,14,24080.0
677,28,48,2023-12-15,1,12,79200.0
678,65,74,2025-06-20,1,8,41400.0
679,554,112,2024-03-24,1,4,21120.0
680,549,107,2024-09-29,1,14,21500.0
681,1658,76,2024-05-01,1,10,36000.0
682,1010,20,2024-11-13,1,2,44100.0
683,1894,93,2024-01-24,1,0,14000.0
684,1406,108,2025-08-18,1,5,28500.0
685,1729,130,2026-08-26,1,1,94050.0
686,410,1,2026-03-14,1,10,21600.0
687,2000,16,2026-07-20,1,5,80750.0
688,1182,65,2025-05-24,1,14,189200.0
689,1047,9,2023-11-08,1,8,21160.0
690,1651,76,2025-09-26,1,12,35200.0
691,1965,5,2026-08-22,1,13,41760.0
692,465,141,2025-07-18,1,9,25480.0
693,276,107,2023-12-26,1,2,24500.0
694,1373,56,2025-04-10,1,2,93100.0
695,37,9,2023-11-07,1,15,19550.0
696,180,48,2026-05-21,1,9,81900.0
697,657,65,2026-07-13,1,1,217800.0
698,993,37,2026-07-24,1,12,16720.0
699,1238,104,2026-08-02,1,3,21340.0
700,797,104,2024-08-29,1,13,19140.0
701,1942,121,2025-03-26,1,2,225400.0
702,1689,58,2026-09-04,1,9,43680.0
703,16,12,2025-02-16,1,12,44000.0
704,1555,21,2026-01-04,1,4,22080.0
705,1515,98,2025-04-20,1,10,45000.0
706,809,134,2026-05-06,1,10,40500.0
707,40,92,2023-12-04,1,5,17100.0
708,493,133,2024-03-08,1,13,26100.0
709,183,92,2024-04-26,1,0,18000.0
710,110,65,2026-07-08,1,14,189200.0
711,1309,18,2024-01-16,1,2,27440.0
712,1960,129,2024-08-09,1,2,83300.0
713,831,87,2025-04-30,1,15,23800.0
714,451,81,2024-06-11,1,12,19360.0
715,272,51,2024-04-30,1,14,41280.0
716,1815,99,2025-01-21,1,9,50050.0
717,362,50,2024-01-08,1,13,50460.0
718,486,88,2026-07-13,1,6,32900.0
719,304,116,2024-07-01,1,7,55800.0
720,862,127,2025-12-18,1,8,50600.0
721,440,1,2026-02-17,1,4,23040.0
722,1189,12,2025-02-23,1,8,46000.0
723,1854,41,2023-09-28,1,4,24000.0
724,1127,66,2024-08-25,1,10,171000.0
725,929,31,2026-01-26,1,11,51620.0
726,556,106,2025-12-11,1,5,19000.0
727,771,15,2026-07-21,1,2,63700.0
728,1053,6,2024-03-27,1,8,57040.0
729,197,64,2025-09-22,1,3,145500.0
730,1232,111,2026-03-07,1,15,46750.0
731,1482,11,2025-07-08,1,6,45120.0
732,689,95,2023-09-29,1,0,15000.0
733,679,87,2024-10-19,1,11,24920.0
734,289,48,2023-11-03,1,0,90000.0
735,115,90,2024-06-17,1,10,19800.0
736,1191,102,2025-06-18,1,1,495000.0
737,102,84,2025-03-14,1,5,33250.0
738,208,82,2025-12-14,1,7,26040.0
739,1679,82,2024-06-21,1,12,24640.0
740,41,63,2026-09-12,1,15,32300.0
741,564,24,2024-06-13,1,7,44640.0
742,1552,124,2025-01-04,1,8,64400.0
743,502,92,2025-05-14,1,14,15480.0
744,741,10,2026-01-14,1,0,45000.0
745,1951,130,2026-08-21,1,11,84550.0
746,1628,55,2026-02-04,1,7,60450.0
747,1694,121,2024-03-27,1,12,202400.0
748,1286,132,2023-12-01,1,4,23040.0
749,1795,131,2024-02-22,1,2,147000.0
750,84,65,2025-01-16,1,5,209000.0
751,1261,98,2024-12-11,1,4,48000.0
752,643,10,2023-11-14,1,1,44550.0
753,1856,46,2025-10-11,1,5,45600.0
754,523,143,2026-01-27,1,12,17600.0
755,680,51,2025-02-14,1,0,48000.0
756,1121,60,2025-12-04,1,0,90000.0
757,484,93,2026-05-29,1,5,13300.0
758,415,93,2023-12-06,1,3,13580.0
759,1412,41,2026-03-21,1,8,23000.0
760,869,140,2026-01-24,1,3,20370.0
761,948,78,2024-03-10,1,9,34580.0
762,1446,49,2026-02-05,1,6,42300.0
763,1496,34,2026-07-14,1,0,32000.0
764,1661,70,2026-06-14,1,11,2670000.0
765,1684,54,2025-10-20,1,11,106800.0
766,486,36,2025-06-21,1,6,39480.0
767,777,14,2025-07-26,1,5,52250.0
768,472,111,2026-02-20,1,11,48950.0
769,500,117,2023-12-30,1,3,72750.0
770,425,9,2024-08-24,1,15,19550.0
771,1533,44,2023-10-09,1,5,47500.0
772,13,72,2025-03-13,1,8,25760.0
773,492,114,2026-05-02,1,8,25760.0
774,1143,123,2024-10-25,1,12,52800.0
775,332,97,2024-08-17,1,0,45000.0
776,1407,47,2025-07-09,1,5,76000.0
777,1379,112,2023-12-06,1,5,20900.0
778,1907,116,2025-10-24,1,14,51600.0
779,1687,20,2025-05-19,1,15,38250.0
780,1062,118,2023-09-19,1,7,2790000.0
781,123,41,2025-01-09,1,8,23000.0
782,14,28,2023-11-10,1,8,44160.0
783,1439,132,2026-07-21,1,6,22560.0
784,764,59,2024-08-09,1,5,47500.0
785,1328,101,2024-07-27,1,13,304500.0
786,1488,59,2024-05-28,1,0,50000.0
787,1218,105,2025-04-19,1,0,30000.0
788,1323,20,2025-06-28,1,2,44100.0
789,887,45,2024-01-08,1,10,37800.0
790,1395,37,2026-09-03,1,5,18050.0
791,532,20,2026-02-14,1,12,39600.0
792,431,123,2026-05-02,1,15,51000.0
793,1961,37,2026-07-28,1,14,16340.0
794,1851,37,2024-03-29,1,5,18050.0
795,1099,27,2024-05-16,1,5,34200.0
796,884,94,2024-05-10,1,0,20000.0
797,725,115,2024-12-04,1,6,42300.0
798,334,43,2024-12-19,1,0,60000.0
799,151,70,2026-05-16,1,14,2580000.0
800,1594,3,2025-10-05,1,14,32680.0
801,1042,50,2023-10-11,1,7,53940.0
802,755,51,2026-06-14,1,12,42240.0
803,168,103,2026-07-05,1,12,15840.0
804,1477,106,2024-06-23,1,14,17200.0
805,698,115,2025-12-30,1,14,38700.0
806,1179,18,2024-04-06,1,6,26320.0
807,168,141,2026-02-16,1,12,24640.0
808,42,7,2024-08-16,1,7,51150.0
809,1209,55,2023-11-23,1,7,60450.0
810,260,26,2025-08-17,1,0,32000.0
811,1429,37,2025-05-06,1,12,16720.0
812,1047,62,2024-12-06,1,5,49400.0
813,101,110,2024-02-21,1,5,57000.0
814,1904,44,2024-12-12,1,13,43500.0
815,907,27,2024-02-14,1,0,36000.0
816,1313,96,2025-03-25,1,13,19140.0
817,443,85,2024-01-07,1,11,42720.0
818,114,130,2024-01-08,1,4,91200.0
819,412,52,2026-03-28,1,14,60200.0
820,1914,22,2025-03-01,1,12,28160.0
821,430,116,2025-10-05,1,12,52800.0
822,1673,16,2025-02-02,1,0,85000.0
823,265,69,2026-02-15,1,6,188000.0
824,232,128,2024-11-09,1,11,71200.0
825,835,78,2025-06-30,1,4,36480.0
826,107,89,2025-08-02,1,1,14850.0
827,1912,79,2026-04-08,1,4,81600.0
828,1203,11,2025-12-03,1,5,45600.0
829,1525,36,2025-08-26,1,13,36540.0
830,1396,127,2025-09-08,1,4,52800.0
831,430,121,2026-04-01,1,1,227700.0
832,1368,45,2024-04-13,1,1,41580.0
833,237,16,2025-12-02,1,7,79050.0
834,62,69,2025-03-18,1,1,198000.0
835,1080,71,2025-03-05,1,11,4450000.0
836,401,84,2024-04-05,1,9,31850.0
837,1399,39,2025-10-20,1,4,33600.0
838,856,36,2024-02-29,1,7,39060.0
839,1279,139,2025-04-02,1,12,26400.0
840,224,60,2024-12-02,1,0,90000.0
841,1166,14,2024-12-26,1,13,47850.0
842,1601,143,2025-09-07,1,14,17200.0
843,1232,116,2024-05-25,1,15,51000.0
844,65,51,2025-11-07,1,3,46560.0
845,70,135,2026-07-07,1,8,230000.0
846,898,98,2025-02-24,1,4,48000.0
847,827,130,2024-06-02,1,13,82650.0
848,580,17,2026-04-07,1,8,20240.0
849,1693,126,2026-07-14,1,8,36800.0
850,1612,105,2025-07-27,1,13,26100.0
851,1196,4,2025-08-22,1,6,79900.0
852,1461,8,2024-04-09,1,7,69750.0
853,1811,4,2024-03-25,1,2,83300.0
854,160,102,2026-08-04,1,1,495000.0
855,932,96,2025-07-02,1,8,20240.0
856,1734,109,2025-05-14,1,15,38250.0
857,126,46,2024-12-08,1,12,42240.0
858,275,80,2024-09-15,1,9,54600.0
859,303,71,2023-12-27,1,3,4850000.0
860,1177,39,2025-12-20,1,13,30450.0
861,1707,38,2026-01-05,1,5,26600.0
862,1181,105,2026-08-11,1,5,28500.0
863,1773,55,2024-01-14,1,13,56550.0
864,1510,89,2025-05-02,1,4,14400.0
865,742,1,2024-03-05,1,15,20400.0
866,1546,101,2023-09-25,1,13,304500.0
867,529,112,2023-09-30,1,15,18700.0
868,214,4,2025-11-27,1,5,80750.0
869,1769,110,2026-06-19,1,4,57600.0
870,1089,128,2024-07-13,1,9,72800.0
871,330,75,2024-03-06,1,3,21340.0
872,1445,46,2023-11-01,1,8,44160.0
873,647,6,2025-02-02,1,6,58280.0
874,549,39,2023-12-15,1,11,31150.0
875,1348,131,2025-11-26,1,14,129000.0
876,1879,7,2025-10-15,1,1,54450.0
877,553,18,2025-03-25,1,5,26600.0
878,1888,70,2023-11-26,1,4,2880000.0
879,1134,115,2025-04-08,1,8,41400.0
880,876,14,2025-07-13,1,14,47300.0
881,276,81,2025-04-13,1,13,19140.0
882,366,104,2024-05-10,1,2,21560.0
883,109,85,2024-07-01,1,10,43200.0
884,1753,59,2023-10-06,1,5,47500.0
885,433,50,2026-08-13,1,15,49300.0
886,367,56,2024-01-09,1,4,91200.0
887,1269,48,2024-08-23,1,8,82800.0
888,22,144,2023-10-16,1,13,24360.0
889,1231,64,2024-11-15,1,2,147000.0
890,557,94,2025-04-09,1,12,17600.0
891,1677,113,2025-10-19,1,3,29100.0
892,650,21,2024-08-06,1,12,20240.0
893,1787,91,2025-04-11,1,15,22100.0
894,53,92,2023-10-20,1,11,16020.0
895,1750,27,2026-04-12,1,10,32400.0
896,1453,30,2023-11-17,1,3,46560.0
897,1940,28,2025-05-02,1,9,43680.0
898,1108,62,2024-04-17,1,15,44200.0
899,1814,68,2025-06-03,1,1,227700.0
900,691,23,2025-08-26,1,6,37600.0
901,1153,76,2025-08-12,1,0,40000.0
902,1220,32,2024-01-29,1,3,75660.0
903,1570,28,2024-07-31,1,13,41760.0
904,1167,36,2025-01-22,1,0,42000.0
905,1229,57,2025-03-13,1,8,38640.0
906,338,33,2026-03-10,1,11,23140.0
907,1376,144,2024-07-04,1,11,24920.0
908,497,116,2023-11-22,1,3,58200.0
909,1437,36,2024-11-16,1,9,38220.0
910,905,62,2024-06-21,1,5,49400.0
911,1314,19,2025-01-09,1,2,32340.0
912,1461,127,2023-11-05,1,4,52800.0
913,1071,11,2025-07-07,1,4,46080.0
914,1566,130,2025-03-20,1,0,95000.0
915,1723,60,2026-06-05,1,14,77400.0
916,843,19,2026-06-13,1,9,30030.0
917,76,79,2025-10-12,1,9,77350.0
918,1097,80,2026-01-08,1,5,57000.0
919,955,37,2026-08-13,1,7,17670.0
920,1036,138,2024-02-26,1,2,34300.0
921,1995,64,2024-03-23,1,13,130500.0
922,1545,39,2026-02-26,1,5,33250.0
923,244,8,2026-01-10,1,14,64500.0
924,910,5,2024-10-13,1,12,42240.0
925,256,138,2024-07-09,1,15,29750.0
926,255,4,2024-12-13,1,0,85000.0
927,271,88,2024-10-22,1,7,32550.0
928,807,132,2025-05-24,1,4,23040.0
929,1583,95,2026-07-03,1,11,13350.0
930,1874,5,2024-10-01,1,10,43200.0
931,1420,1,2025-08-20,1,9,21840.0
932,309,123,2025-02-21,1,5,57000.0
933,785,74,2023-09-13,1,12,39600.0
934,1272,60,2025-01-21,1,5,85500.0
935,927,19,2025-07-09,1,14,28380.0
936,135,41,2024-05-26,1,13,21750.0
937,1665,8,2023-12-09,1,12,66000.0
938,703,54,2026-02-20,1,10,108000.0
939,1573,60,2025-10-29,1,11,80100.0
940,1130,49,2025-12-21,1,1,44550.0
941,806,8,2024-10-27,1,0,75000.0
942,1585,143,2025-07-25,1,13,17400.0
943,3,49,2024-07-18,1,10,40500.0
944,1053,31,2023-10-03,1,5,55100.0
945,909,23,2025-12-08,1,15,34000.0
946,1032,71,2024-04-02,1,8,4600000.0
947,268,106,2026-05-23,1,14,17200.0
948,761,50,2024-04-25,1,2,56840.0
949,224,53,2025-01-31,1,6,61100.0
950,1514,104,2026-04-01,1,14,18920.0
951,599,106,2025-03-01,1,7,18600.0
952,599,49,2026-02-03,1,9,40950.0
953,1866,132,2024-02-12,1,13,20880.0
954,1329,22,2026-02-17,1,4,30720.0
955,616,62,2025-01-04,1,3,50440.0
956,1199,32,2024-05-25,1,15,66300.0
957,1466,55,2023-11-30,1,3,63050.0
958,630,88,2025-12-30,1,2,34300.0
959,1141,2,2025-03-11,1,0,32000.0
960,1956,143,2023-10-02,1,13,17400.0
961,1431,96,2023-10-06,1,15,18700.0
962,851,119,2024-03-02,1,4,1920000.0
963,54,62,2026-03-23,1,7,48360.0
964,86,37,2026-01-26,1,13,16530.0
965,1837,72,2026-03-04,1,9,25480.0
966,1839,137,2023-12-26,1,2,21560.0
967,1351,70,2024-05-03,1,8,2760000.0
968,1080,108,2024-11-22,1,2,29400.0
969,1410,30,2026-04-12,1,6,45120.0
970,133,10,2024-04-18,1,5,42750.0
971,1389,82,2024-12-29,1,14,24080.0
972,1962,47,2024-12-08,1,0,80000.0
973,1038,70,2024-01-18,1,6,2820000.0
974,1583,66,2026-01-24,1,11,169100.0
975,534,109,2026-04-24,1,13,39150.0
976,768,136,2025-11-30,1,8,276000.0
977,930,73,2026-06-09,1,5,33250.0
978,380,90,2026-05-03,1,5,20900.0
979,1711,26,2024-02-21,1,5,30400.0
980,923,68,2024-04-07,1,4,220800.0
981,274,21,2025-09-07,1,6,21620.0
982,94,22,2026-02-13,1,2,31360.0
983,515,89,2023-12-01,1,9,13650.0
984,651,8,2026-09-10,1,2,73500.0
985,1288,70,2026-07-08,1,11,2670000.0
986,43,111,2026-07-28,1,7,51150.0
987,1599,57,2026-01-06,1,3,40740.0
988,1886,46,2026-04-14,1,12,42240.0
989,68,61,2024-01-15,1,3,43650.0
990,1045,19,2024-06-21,1,8,30360.0
991,193,93,2025-01-31,1,10,12600.0
992,802,51,2026-02-09,1,3,46560.0
993,1349,137,2026-01-20,1,2,21560.0
994,1248,66,2025-07-17,1,6,178600.0
995,878,17,2025-04-05,1,0,22000.0
996,159,85,2025-12-05,1,10,43200.0
997,1493,96,2024-03-21,1,6,20680.0
998,1828,102,2025-01-04,1,13,435000.0
999,1758,99,2024-09-30,1,14,47300.0
1000,1153,55,2024-10-06,1,1,64350.0
1001,537,144,2026-06-14,1,9,25480.0
1002,960,4,2025-07-21,1,1,84150.0
1003,1654,96,2025-02-11,1,14,18920.0
1004,90,130,2025-12-20,1,8,87400.0
1005,1332,54,2026-03-27,1,12,105600.0
1006,736,101,2024-09-18,1,7,325500.0
1007,1409,110,2023-11-14,1,8,55200.0
1008,653,86,2026-06-03,1,10,18000.0
1009,1483,36,2023-10-08,1,0,42000.0
1010,1568,19,2025-06-06,1,3,32010.0
1011,1599,37,2023-11-05,1,10,17100.0
1012,35,15,2025-09-16,1,8,59800.0
1013,1204,125,2026-01-22,1,8,101200.0
1014,1895,40,2026-05-25,1,5,28500.0
1015,1761,78,2024-03-28,1,11,33820.0
1016,715,99,2025-02-20,1,8,50600.0
1017,1719,42,2026-05-03,1,9,36400.0
1018,1776,95,2026-02-26,1,11,13350.0
1019,1631,112,2025-01-29,1,2,21560.0
1020,576,132,2026-03-31,1,13,20880.0
1021,325,65,2025-02-13,1,0,220000.0
1022,1638,72,2025-05-10,1,11,24920.0
1023,1226,85,2026-08-27,1,3,46560.0
1024,128,74,2025-08-09,1,8,41400.0
1025,698,73,2025-04-28,1,6,32900.0
1026,1300,35,2024-05-02,1,2,34300.0
1027,873,18,2025-11-22,1,3,27160.0
1028,602,141,2023-09-14,1,14,24080.0
1029,844,62,2024-03-23,1,6,48880.0
1030,108,9,2023-12-12,1,3,22310.0
1031,1105,1,2024-06-09,1,7,22320.0
1032,27,83,2025-04-29,1,11,31150.0
1033,1617,7,2023-10-23,1,11,48950.0
1034,165,74,2024-09-03,1,7,41850.0
1035,572,57,2024-06-16,1,11,37380.0
1036,1254,55,2024-11-04,1,5,61750.0
1037,113,144,2025-05-12,1,6,26320.0
1038,1217,17,2025-11-05,1,8,20240.0
1039,27,141,2024-10-25,1,4,26880.0
1040,614,82,2024-03-14,1,0,28000.0
1041,1834,120,2023-12-05,1,9,227500.0
1042,1694,110,2024-05-22,1,14,51600.0
1043,1058,51,2025-07-14,1,11,42720.0
1044,1889,71,2026-09-11,1,9,4550000.0
1045,1822,30,2024-09-16,1,4,46080.0
1046,1578,18,2024-02-06,1,4,26880.0
1047,1866,76,2023-12-31,1,12,35200.0
1048,622,87,2025-06-01,1,11,24920.0
1049,1595,33,2024-06-04,1,12,22880.0
1050,33,103,2025-03-25,1,0,18000.0
1051,1922,1,2026-06-23,1,3,23280.0
1052,1455,116,2023-09-15,1,2,58800.0
1053,338,34,2024-09-08,1,14,27520.0
1054,400,67,2024-10-13,1,15,212500.0
1055,684,34,2024-10-28,1,15,27200.0
1056,296,96,2024-06-18,1,5,20900.0
1057,39,119,2024-05-01,1,7,1860000.0
1058,1171,80,2026-09-07,1,10,54000.0
1059,317,35,2026-04-08,1,0,35000.0
1060,371,54,2024-03-28,1,15,102000.0
1061,1503,64,2024-11-16,1,0,150000.0
1062,1250,142,2026-04-30,1,0,38000.0
1063,76,88,2025-11-19,1,8,32200.0
1064,1161,117,2026-01-23,1,1,74250.0
1065,177,136,2024-12-27,1,14,258000.0
1066,87,44,2026-02-27,1,11,44500.0
1067,776,87,2023-09-24,1,8,25760.0
1068,552,124,2024-02-27,1,14,60200.0
1069,417,82,2025-08-13,1,15,23800.0
1070,1297,145,2026-07-29,1,10,31500.0
1071,760,132,2026-04-08,1,14,20640.0
1072,1007,59,2025-05-15,1,7,46500.0
1073,195,20,2025-12-11,1,3,43650.0
1074,1811,85,2024-04-25,1,9,43680.0
1075,1293,110,2025-08-02,1,6,56400.0
1076,652,83,2025-07-30,1,3,33950.0
1077,1963,115,2023-10-13,1,10,40500.0
1078,837,142,2025-08-06,1,13,33060.0
1079,1157,105,2024-09-03,1,5,28500.0
1080,1427,39,2025-11-28,1,5,33250.0
1081,720,72,2024-07-14,1,14,24080.0
1082,915,105,2025-09-02,1,2,29400.0
1083,1428,133,2024-12-15,1,6,28200.0
1084,1009,63,2023-09-13,1,2,37240.0
1085,897,134,2025-09-12,1,15,38250.0
1086,65,38,2025-10-29,1,13,24360.0
1087,1178,97,2024-11-05,1,3,43650.0
1088,93,16,2025-10-23,1,15,72250.0
1089,1892,142,2026-06-17,1,2,37240.0
1090,977,90,2025-06-10,1,14,18920.0
1091,1689,24,2025-11-07,1,8,44160.0
1092,1958,86,2026-03-23,1,6,18800.0
1093,433,56,2026-06-10,1,14,81700.0
1094,879,76,2024-11-28,1,2,39200.0
1095,1965,18,2024-09-05,1,11,24920.0
1096,504,73,2026-01-30,1,9,31850.0
1097,1808,28,2024-07-28,1,10,43200.0
1098,1186,117,2024-12-06,1,7,69750.0
1099,1030,35,2023-09-29,1,8,32200.0
1100,687,126,2024-10-21,1,11,35600.0
1101,10,51,2025-08-20,1,14,41280.0
1102,390,50,2024-04-03,1,10,52200.0
1103,1866,126,2024-01-03,1,2,39200.0
1104,1405,63,2025-01-22,1,14,32680.0
1105,367,51,2024-07-22,1,11,42720.0
1106,1520,9,2026-04-29,1,9,20930.0
1107,964,91,2025-03-21,1,10,23400.0
1108,1331,79,2023-11-24,1,5,80750.0
1109,1533,57,2023-12-21,1,5,39900.0
1110,1619,40,2024-07-15,1,7,27900.0
1111,1659,57,2026-08-12,1,3,40740.0
1112,710,66,2024-11-21,1,4,182400.0
1113,87,68,2025-10-14,1,3,223100.0
1114,1105,109,2024-09-29,1,11,40050.0
1115,411,91,2025-04-14,1,6,24440.0
1116,1263,13,2024-09-16,1,10,37800.0
1117,1204,98,2026-04-22,1,7,46500.0
1118,594,99,2026-07-10,1,6,51700.0
1119,440,4,2023-09-24,1,4,81600.0
1120,400,17,2026-08-07,1,11,19580.0
1121,395,33,2024-04-19,1,6,24440.0
1122,1455,141,2025-10-01,1,0,28000.0
1123,576,111,2025-12-05,1,4,52800.0
1124,1892,60,2024-04-21,1,3,87300.0
1125,18,135,2024-12-12,1,0,250000.0
1126,1709,71,2024-07-16,1,4,4800000.0
1127,238,54,2025-05-21,1,14,103200.0
1128,1445,63,2025-06-05,1,2,37240.0
1129,232,97,2025-10-26,1,0,45000.0
1130,1351,45,2024-05-07,1,14,36120.0
1131,431,7,2025-04-20,1,4,52800.0
1132,1247,143,2024-04-06,1,11,17800.0
1133,162,145,2024-08-09,1,4,33600.0
1134,238,14,2023-11-23,1,15,46750.0
1135,697,7,2025-03-07,1,7,51150.0
1136,586,140,2024-06-08,1,0,21000.0
1137,1696,89,2025-04-13,1,2,14700.0
1138,1347,63,2026-02-24,1,6,35720.0
1139,1092,122,2026-05-15,1,13,522000.0
1140,1068,20,2023-12-20,1,0,45000.0
1141,1094,63,2026-02-28,1,7,35340.0
1142,1786,138,2024-02-02,1,11,31150.0
1143,623,13,2024-05-08,1,5,39900.0
1144,1213,68,2024-05-15,1,15,195500.0
1145,1804,66,2023-12-01,1,2,186200.0
1146,228,88,2024-11-09,1,13,30450.0
1147,664,102,2024-08-18,1,13,435000.0
1148,1036,138,2025-03-27,1,8,32200.0
1149,912,23,2025-07-31,1,8,36800.0
1150,1947,111,2025-08-01,1,2,53900.0
1151,885,93,2025-10-15,1,5,13300.0
1152,593,69,2024-05-02,1,13,174000.0
1153,1913,16,2026-02-15,1,1,84150.0
1154,943,100,2025-04-27,1,0,250000.0
1155,812,3,2025-03-04,1,6,35720.0
1156,1061,82,2025-11-12,1,12,24640.0
1157,62,44,2024-12-01,1,3,48500.0
1158,1332,87,2025-04-27,1,6,26320.0
1159,1143,136,2026-01-16,1,4,288000.0
1160,1868,101,2024-10-11,1,14,301000.0
1161,306,37,2023-10-27,1,13,16530.0
1162,477,113,2025-01-21,1,5,28500.0
1163,586,81,2025-06-13,1,12,19360.0
1164,1066,112,2024-08-25,1,15,18700.0
1165,1773,65,2026-01-31,1,10,198000.0
1166,1413,82,2023-12-08,1,13,24360.0
1167,1883,75,2025-10-17,1,9,20020.0
1168,343,91,2026-08-24,1,13,22620.0
1169,1081,87,2026-06-06,1,9,25480.0
1170,21,96,2023-11-16,1,12,19360.0
1171,159,143,2026-04-09,1,13,17400.0
1172,771,24,2023-11-04,1,12,42240.0
1173,775,123,2024-03-01,1,11,53400.0
1174,65,14,2026-04-07,1,6,51700.0
1175,1963,48,2024-01-19,1,0,90000.0
1176,1342,111,2026-03-07,1,7,51150.0
1177,322,3,2024-06-25,1,0,38000.0
1178,1726,75,2025-07-04,1,15,18700.0
1179,104,103,2026-07-04,1,0,18000.0
1180,1780,77,2026-06-17,1,15,29750.0
1181,1991,69,2025-11-24,1,0,200000.0
1182,408,63,2025-04-13,1,9,34580.0
1183,1024,33,2023-12-14,1,3,25220.0
1184,508,134,2025-10-31,1,10,40500.0
1185,1272,3,2025-04-13,1,13,33060.0
1186,846,49,2026-05-26,1,11,40050.0
1187,865,83,2024-10-24,1,5,33250.0
1188,87,66,2024-03-20,1,13,165300.0
1189,687,75,2025-12-13,1,6,20680.0
1190,840,68,2025-05-25,1,9,209300.0
1191,716,136,2025-02-27,1,9,273000.0
1192,1060,111,2023-12-09,1,0,55000.0
1193,417,43,2024-05-24,1,12,52800.0
1194,1910,116,2023-09-27,1,13,52200.0
1195,215,24,2024-12-10,1,7,44640.0
1196,114,22,2025-06-08,1,14,27520.0
1197,293,20,2024-02-09,1,14,38700.0
1198,1340,101,2024-09-18,1,8,322000.0
1199,891,65,2025-07-21,1,13,191400.0
1200,316,71,2023-10-22,1,8,4600000.0
1201,30,44,2024-11-02,1,8,46000.0
1202,1336,43,2025-01-08,1,3,58200.0
1203,1881,69,2026-05-04,1,3,194000.0
1204,1323,64,2023-12-17,1,10,135000.0
1205,1222,51,2023-12-19,1,2,47040.0
1206,427,14,2026-02-01,1,3,53350.0
1207,74,115,2025-10-18,1,0,45000.0
1208,65,8,2023-12-11,1,8,69000.0
1209,1136,57,2025-01-18,1,3,40740.0
1210,275,114,2025-01-05,1,6,26320.0
1211,176,11,2026-02-15,1,11,42720.0
1212,178,96,2023-10-22,1,6,20680.0
1213,777,99,2024-06-01,1,4,52800.0
1214,1397,51,2026-07-12,1,13,41760.0
1215,1890,121,2024-07-22,1,8,211600.0
1216,262,117,2024-04-03,1,11,66750.0
1217,1457,85,2026-01-03,1,6,45120.0
1218,439,8,2025-06-13,1,0,75000.0
1219,576,126,2025-01-07,1,0,40000.0
1220,1512,78,2024-02-17,1,1,37620.0
1221,120,69,2024-02-14,1,3,194000.0
1222,1132,72,2024-12-30,1,6,26320.0
1223,1832,38,2025-11-26,1,13,24360.0
1224,1409,51,2025-10-20,1,6,45120.0
1225,902,122,2024-11-20,1,15,510000.0
1226,1726,103,2026-08-21,1,4,17280.0
1227,1091,112,2025-11-24,1,13,19140.0
1228,1171,91,2025-10-14,1,7,24180.0
1229,1251,67,2024-02-10,1,8,230000.0
1230,27,80,2025-10-10,1,11,53400.0
1231,363,97,2024-12-28,1,11,40050.0
1232,302,79,2025-07-28,1,3,82450.0
1233,1528,95,2024-08-30,1,13,13050.0
1234,939,50,2025-07-10,1,0,58000.0
1235,1360,122,2024-07-17,1,6,564000.0
1236,1162,117,2025-05-04,1,9,68250.0
1237,1796,132,2024-09-28,1,0,24000.0
1238,22,103,2023-10-28,1,1,17820.0
1239,1500,49,2024-06-12,1,12,39600.0
1240,1409,58,2024-08-24,1,12,42240.0
1241,558,70,2026-04-14,1,9,2730000.0
1242,116,28,2024-04-21,1,12,42240.0
1243,570,87,2023-09-13,1,6,26320.0
1244,1277,124,2025-12-06,1,1,69300.0
1245,48,40,2024-12-05,1,3,29100.0
1246,247,132,2026-04-06,1,5,22800.0
1247,982,13,2025-08-28,1,0,42000.0
1248,664,118,2026-01-15,1,6,2820000.0
1249,809,116,2026-04-14,1,15,51000.0
1250,7,27,2024-06-10,1,2,35280.0
1251,194,21,2023-10-16,1,7,21390.0
1252,1491,115,2024-02-28,1,14,38700.0
1253,1850,64,2025-10-08,1,14,129000.0
1254,1251,86,2026-05-04,1,13,17400.0
1255,1411,60,2026-01-28,1,12,79200.0
1256,1548,41,2025-02-16,1,3,24250.0
1257,258,37,2024-10-25,1,11,16910.0
1258,1243,127,2026-01-13,1,9,50050.0
1259,587,66,2024-10-28,1,15,161500.0
1260,1361,129,2026-04-23,1,0,85000.0
1261,146,12,2024-03-01,1,10,45000.0
1262,982,104,2023-12-22,1,13,19140.0
1263,222,119,2026-08-04,1,7,1860000.0
1264,94,111,2025-12-09,1,2,53900.0
1265,963,23,2026-06-06,1,7,37200.0
1266,246,23,2025-09-09,1,4,38400.0
1267,1698,49,2025-04-08,1,4,43200.0
1268,1723,140,2024-08-15,1,2,20580.0
1269,827,137,2025-11-15,1,5,20900.0
1270,1554,1,2024-11-24,1,5,22800.0
1271,528,51,2025-05-06,1,3,46560.0
1272,73,33,2025-12-07,1,14,22360.0
1273,787,138,2023-09-24,1,4,33600.0
1274,311,144,2025-07-08,1,10,25200.0
1275,1340,53,2023-11-27,1,5,61750.0
1276,1883,48,2024-05-26,1,12,79200.0
1277,1975,99,2026-01-21,1,1,54450.0
1278,986,32,2024-08-16,1,3,75660.0
1279,1084,48,2025-03-08,1,5,85500.0
1280,378,10,2025-07-09,1,0,45000.0
1281,392,106,2026-03-16,1,10,18000.0
1282,46,130,2024-10-04,1,14,81700.0
1283,39,115,2025-12-29,1,11,40050.0
1284,62,141,2026-06-01,1,9,25480.0
1285,858,92,2025-10-22,1,2,17640.0
1286,205,29,2024-04-25,1,8,35880.0
1287,391,53,2024-12-23,1,9,59150.0
1288,577,144,2026-05-19,1,2,27440.0
1289,1353,33,2023-09-22,1,14,22360.0
1290,1970,37,2023-11-19,1,3,18430.0
1291,122,113,2026-01-22,1,15,25500.0
1292,1945,75,2025-12-20,1,5,20900.0
1293,1944,43,2025-08-21,1,5,57000.0
1294,1017,106,2025-04-28,1,7,18600.0
1295,970,81,2024-01-08,1,5,20900.0
1296,814,29,2024-11-17,1,13,33930.0
1297,1499,97,2024-05-04,1,0,45000.0
1298,684,140,2026-05-03,1,4,20160.0
1299,197,1,2026-09-04,1,11,21360.0
1300,28,89,2026-05-20,1,3,14550.0
1301,922,100,2025-02-12,1,14,215000.0
1302,390,120,2026-05-26,1,12,220000.0
1303,1524,109,2024-03-13,1,3,43650.0
1304,261,23,2026-08-21,1,15,34000.0
1305,938,42,2025-02-28,1,11,35600.0
1306,1496,110,2024-04-06,1,11,53400.0
1307,1201,63,2024-04-14,1,2,37240.0
1308,1227,49,2025-09-15,1,2,44100.0
1309,113,34,2025-04-07,1,3,31040.0
1310,1363,109,2025-11-18,1,9,40950.0
1311,194,29,2024-09-24,1,4,37440.0
1312,1307,40,2024-05-29,1,0,30000.0
1313,134,134,2025-05-03,1,2,44100.0
1314,552,100,2024-01-26,1,0,250000.0
1315,546,136,2025-06-09,1,11,267000.0
1316,614,36,2024-06-30,1,3,40740.0
1317,1003,14,2024-02-16,1,3,53350.0
1318,1282,16,2024-12-23,1,6,79900.0
1319,1418,36,2024-12-24,1,10,37800.0
1320,162,20,2025-02-22,1,1,44550.0
1321,618,2,2024-07-28,1,15,27200.0
1322,99,3,2025-01-10,1,8,34960.0
1323,1659,129,2024-07-08,1,14,73100.0
1324,715,47,2026-07-19,1,13,69600.0
1325,1560,48,2026-08-03,1,15,76500.0
1326,1145,78,2024-01-14,1,11,33820.0
1327,1546,140,2024-12-17,1,1,20790.0
1328,1709,95,2024-12-21,1,5,14250.0
1329,1337,104,2024-08-18,1,2,21560.0
1330,735,16,2025-03-27,1,0,85000.0
1331,625,103,2026-06-21,1,1,17820.0
1332,1769,57,2023-11-27,1,13,36540.0
1333,618,135,2024-02-25,1,4,240000.0
1334,106,50,2025-11-17,1,8,53360.0
1335,1376,110,2025-02-12,1,3,58200.0
1336,836,120,2026-05-03,1,1,247500.0
1337,1066,96,2026-06-14,1,15,18700.0
1338,755,67,2025-08-08,1,7,232500.0
1339,1218,99,2025-03-10,1,10,49500.0
1340,840,70,2025-07-02,1,0,3000000.0
1341,820,89,2024-08-20,1,14,12900.0
1342,1732,68,2025-09-02,1,4,220800.0
1343,1634,107,2024-09-10,1,0,25000.0
1344,1254,108,2026-06-05,1,7,27900.0
1345,574,1,2026-01-01,1,2,23520.0
1346,1541,81,2026-02-22,1,12,19360.0
1347,104,24,2024-02-02,1,5,45600.0
1348,1057,6,2025-08-18,1,2,60760.0
1349,1616,54,2026-01-23,1,5,114000.0
1350,674,32,2024-03-21,1,0,78000.0
1351,35,97,2026-06-29,1,8,41400.0
1352,1551,51,2025-07-03,1,14,41280.0
1353,1222,102,2024-03-25,1,0,500000.0
1354,240,106,2023-11-08,1,15,17000.0
1355,1447,17,2024-08-03,1,0,22000.0
1356,1290,7,2023-11-07,1,3,53350.0
1357,987,117,2025-07-16,1,3,72750.0
1358,1790,30,2023-12-18,1,14,41280.0
1359,1075,86,2026-03-03,1,3,19400.0
1360,1776,31,2026-06-02,1,15,49300.0
1361,375,95,2025-08-18,1,3,14550.0
1362,691,128,2026-05-17,1,0,80000.0
1363,30,121,2024-08-27,1,15,195500.0
1364,1760,44,2023-12-22,1,7,46500.0
1365,798,6,2023-12-30,1,6,58280.0
1366,1118,10,2024-09-18,1,14,38700.0
1367,472,145,2025-09-07,1,7,32550.0
1368,997,81,2026-01-18,1,6,20680.0
1369,614,97,2025-03-28,1,13,39150.0
1370,570,71,2024-02-25,1,11,4450000.0
1371,872,52,2025-09-06,1,0,70000.0
1372,1468,45,2026-02-09,1,5,39900.0
1373,1671,49,2025-08-21,1,2,44100.0
1374,59,119,2025-12-07,1,0,2000000.0
1375,371,77,2025-12-28,1,2,34300.0
1376,1629,95,2023-12-21,1,9,13650.0
1377,963,134,2025-07-30,1,10,40500.0
1378,1307,43,2026-03-10,1,12,52800.0
1379,38,62,2026-05-30,1,0,52000.0
1380,715,63,2024-08-17,1,14,32680.0
1381,177,96,2024-01-23,1,9,20020.0
1382,426,113,2026-02-16,1,5,28500.0
1383,1651,60,2026-04-05,1,3,87300.0
1384,1367,6,2024-03-01,1,5,58900.0
1385,707,89,2026-05-01,1,3,14550.0
1386,1756,116,2026-08-08,1,5,57000.0
1387,202,120,2024-05-02,1,6,235000.0
1388,478,25,2023-11-09,1,11,22250.0
1389,533,130,2024-09-14,1,15,80750.0
1390,252,81,2026-02-25,1,5,20900.0
1391,1457,39,2024-06-30,1,15,29750.0
1392,537,78,2025-04-06,1,7,35340.0
1393,1020,12,2025-04-16,1,13,43500.0
1394,516,141,2026-05-11,1,5,26600.0
1395,175,96,2023-10-21,1,14,18920.0
1396,1333,69,2026-04-21,1,8,184000.0
1397,849,32,2026-05-27,1,12,68640.0
1398,1162,122,2024-05-12,1,12,528000.0
1399,338,79,2024-02-25,1,14,73100.0
1400,238,36,2026-06-11,1,1,41580.0
1401,1479,130,2025-08-16,1,0,95000.0
1402,1158,7,2026-08-08,1,7,51150.0
1403,429,46,2023-10-19,1,9,43680.0
1404,1239,26,2024-11-22,1,6,30080.0
1405,951,139,2024-02-29,1,5,28500.0
1406,1644,109,2025-07-13,1,9,40950.0
1407,1732,80,2023-12-06,1,15,51000.0
1408,1615,86,2024-02-02,1,1,19800.0
1409,1903,9,2025-08-21,1,3,22310.0
1410,830,130,2026-03-21,1,4,91200.0
1411,881,142,2025-03-19,1,7,35340.0
1412,728,136,2025-10-25,1,15,255000.0
1413,1033,102,2025-02-04,1,15,425000.0
1414,1798,75,2026-01-20,1,3,21340.0
1415,1145,116,2025-02-05,1,12,52800.0
1416,935,92,2025-01-03,1,7,16740.0
1417,577,88,2026-01-13,1,13,30450.0
1418,1489,138,2023-09-17,1,0,35000.0
1419,1877,93,2024-02-10,1,8,12880.0
1420,40,76,2024-04-29,1,10,36000.0
1421,1045,27,2025-07-09,1,10,32400.0
1422,364,74,2024-12-05,1,3,43650.0
1423,1930,120,2023-11-27,1,13,217500.0
1424,1105,39,2025-10-24,1,0,35000.0
1425,210,82,2025-06-13,1,0,28000.0
1426,1647,56,2026-01-29,1,4,91200.0
1427,314,111,2025-08-16,1,7,51150.0
1428,1737,116,2024-09-02,1,11,53400.0
1429,322,114,2025-07-05,1,15,23800.0
1430,184,130,2024-06-04,1,9,86450.0
1431,1363,98,2025-09-19,1,7,46500.0
1432,946,138,2023-09-20,1,8,32200.0
1433,554,25,2025-08-21,1,5,23750.0
1434,6,55,2025-06-05,1,6,61100.0
1435,1295,74,2024-03-05,1,2,44100.0
1436,1166,102,2026-07-13,1,13,435000.0
1437,953,70,2025-03-23,1,7,2790000.0
1438,346,37,2024-08-24,1,12,16720.0
1439,865,98,2024-01-29,1,2,49000.0
1440,411,28,2026-07-23,1,10,43200.0
1441,679,125,2024-06-05,1,12,96800.0
1442,1168,82,2025-07-01,1,4,26880.0
1443,1374,141,2024-05-27,1,8,25760.0
1444,851,87,2024-06-09,1,15,23800.0
1445,1053,116,2026-09-06,1,10,54000.0
1446,336,121,2026-08-12,1,7,213900.0
1447,831,43,2024-08-30,1,1,59400.0
1448,966,118,2024-12-08,1,7,2790000.0
1449,957,2,2026-09-01,1,10,28800.0
1450,902,19,2024-03-14,1,10,29700.0
1451,912,57,2025-10-08,1,6,39480.0
1452,515,69,2024-07-08,1,4,192000.0
1453,725,92,2024-04-23,1,11,16020.0
1454,878,79,2024-02-04,1,11,75650.0
1455,98,10,2026-05-14,1,0,45000.0
1456,1381,58,2023-12-09,1,6,45120.0
1457,631,74,2025-10-21,1,5,42750.0
1458,396,40,2026-08-01,1,0,30000.0
1459,293,83,2025-02-13,1,2,34300.0
1460,1435,40,2026-05-27,1,13,26100.0
1461,1069,140,2024-07-27,1,15,17850.0
1462,1992,67,2024-11-12,1,3,242500.0
1463,693,14,2025-10-21,1,6,51700.0
1464,1159,87,2025-01-05,1,0,28000.0
1465,1840,130,2024-06-28,1,11,84550.0
1466,1595,77,2024-05-10,1,6,32900.0
1467,1542,97,2023-10-07,1,4,43200.0
1468,480,15,2024-10-05,1,8,59800.0
1469,337,13,2025-07-30,1,9,38220.0
1470,1288,32,2025-12-31,1,11,69420.0
1471,994,47,2025-12-31,1,13,69600.0
1472,1658,77,2024-08-06,1,14,30100.0
1473,1843,66,2024-04-12,1,8,174800.0
1474,800,86,2025-09-02,1,12,17600.0
1475,785,62,2026-04-30,1,7,48360.0
1476,17,28,2025-10-22,1,3,46560.0
1477,217,127,2025-12-29,1,2,53900.0
1478,233,135,2025-05-28,1,0,250000.0
1479,647,60,2026-06-09,1,12,79200.0
1480,1075,115,2024-06-07,1,0,45000.0
1481,941,125,2024-08-11,1,8,101200.0
1482,1538,90,2026-01-17,1,12,19360.0
1483,568,12,2024-08-03,1,11,44500.0
1484,1248,141,2023-10-06,1,6,26320.0
1485,1933,36,2024-07-25,1,1,41580.0
1486,608,3,2024-02-16,1,12,33440.0
1487,1353,133,2023-12-27,1,7,27900.0
1488,44,135,2025-02-19,1,3,242500.0
1489,380,55,2024-10-20,1,13,56550.0
1490,521,7,2024-11-23,1,12,48400.0
1491,1376,29,2025-12-14,1,3,37830.0
1492,82,113,2025-04-23,1,10,27000.0
1493,1063,103,2026-02-22,1,2,17640.0
1494,1962,23,2025-12-07,1,15,34000.0
1495,1594,144,2025-06-29,1,10,25200.0
1496,619,114,2024-10-04,1,14,24080.0
1497,1244,11,2025-02-20,1,6,45120.0
1498,1502,81,2024-01-26,1,9,20020.0
1499,1358,127,2024-06-26,1,12,48400.0
1500,35,117,2024-01-04,1,12,66000.0
1501,1825,72,2026-02-07,1,8,25760.0
1502,1626,106,2025-06-02,1,7,18600.0
1503,1918,55,2024-03-24,1,9,59150.0
1504,1974,122,2024-01-15,1,7,558000.0
1505,856,115,2026-08-13,1,3,43650.0
1506,1273,126,2025-08-28,1,0,40000.0
1507,1268,141,2023-12-18,1,3,27160.0
1508,1719,24,2025-08-06,1,1,47520.0
1509,1303,47,2024-03-01,1,10,72000.0
1510,1379,135,2024-05-19,1,10,225000.0
1511,184,133,2024-11-06,1,13,26100.0
1512,1491,33,2025-04-24,1,1,25740.0
1513,336,55,2024-04-10,1,9,59150.0
1514,1347,124,2024-11-22,1,5,66500.0
1515,1133,11,2026-04-02,1,7,44640.0
1516,1381,62,2026-05-02,1,2,50960.0
1517,1080,48,2025-04-15,1,9,81900.0
1518,575,48,2025-11-15,1,0,90000.0
1519,41,116,2025-07-30,1,1,59400.0
1520,1653,90,2024-11-18,1,12,19360.0
1521,1314,41,2024-11-02,1,9,22750.0
1522,1413,91,2026-05-21,1,7,24180.0
1523,1987,99,2025-06-08,1,1,54450.0
1524,282,40,2024-01-21,1,15,25500.0
1525,282,58,2023-10-29,1,2,47040.0
1526,244,45,2024-03-27,1,8,38640.0
1527,1654,10,2025-08-30,1,9,40950.0
1528,1296,71,2023-10-30,1,14,4300000.0
1529,1624,72,2025-02-17,1,9,25480.0
1530,265,86,2025-08-05,1,2,19600.0
1531,527,21,2025-03-18,1,13,20010.0
1532,402,33,2023-10-18,1,4,24960.0
1533,379,103,2024-02-24,1,4,17280.0
1534,1054,134,2023-10-03,1,8,41400.0
1535,1593,46,2023-10-18,1,11,42720.0
1536,1124,85,2025-06-20,1,14,41280.0
1537,409,133,2024-02-06,1,2,29400.0
1538,726,94,2023-11-22,1,13,17400.0
1539,792,20,2023-11-04,1,0,45000.0
1540,752,126,2026-03-05,1,8,36800.0
1541,723,122,2026-05-02,1,4,576000.0
1542,314,76,2025-09-30,1,9,36400.0
1543,905,42,2024-01-24,1,12,35200.0
1544,783,10,2023-12-16,1,6,42300.0
1545,524,116,2025-05-27,1,0,60000.0
1546,927,45,2026-07-19,1,13,36540.0
1547,104,90,2024-07-15,1,7,20460.0
1548,1443,72,2025-11-17,1,5,26600.0
1549,683,104,2026-06-06,1,1,21780.0
1550,1025,104,2026-05-28,1,5,20900.0
1551,205,90,2025-02-27,1,14,18920.0
1552,1387,128,2023-12-22,1,12,70400.0
1553,1491,6,2025-12-16,1,3,60140.0
1554,1195,91,2026-02-08,1,13,22620.0
1555,712,99,2026-05-18,1,0,55000.0
1556,1423,63,2025-04-14,1,9,34580.0
1557,648,123,2024-08-16,1,3,58200.0
1558,1985,18,2025-11-15,1,13,24360.0
1559,1568,106,2025-05-02,1,13,17400.0
1560,1971,4,2024-10-10,1,14,73100.0
1561,191,54,2026-03-18,1,12,105600.0
1562,315,37,2025-05-13,1,11,16910.0
1563,1884,98,2025-07-25,1,1,49500.0
1564,668,79,2023-12-09,1,11,75650.0
1565,109,80,2025-11-18,1,6,56400.0
1566,1879,83,2025-06-07,1,15,29750.0
1567,1040,22,2025-10-07,1,5,30400.0
1568,383,44,2025-10-20,1,15,42500.0
1569,1528,23,2023-11-22,1,8,36800.0
1570,1816,132,2024-03-09,1,11,21360.0
1571,516,118,2025-10-11,1,6,2820000.0
1572,1725,80,2025-02-19,1,5,57000.0
1573,1838,108,2025-05-13,1,5,28500.0
1574,1440,142,2025-05-31,1,6,35720.0
1575,45,72,2025-03-31,1,13,24360.0
1576,1065,89,2023-10-08,1,3,14550.0
1577,1334,1,2024-12-11,1,2,23520.0
1578,852,88,2025-12-01,1,0,35000.0
1579,1691,23,2024-04-16,1,0,40000.0
1580,105,80,2024-09-16,1,2,58800.0
1581,1777,32,2023-10-05,1,9,70980.0
1582,746,58,2024-06-27,1,1,47520.0
1583,452,6,2024-04-27,1,10,55800.0
1584,1907,104,2025-08-04,1,6,20680.0
1585,1891,96,2025-11-12,1,3,21340.0
1586,640,18,2025-05-03,1,11,24920.0
1587,496,28,2024-03-21,1,12,42240.0
1588,979,70,2025-03-12,1,8,2760000.0
1589,893,108,2023-09-22,1,12,26400.0
1590,1065,104,2024-11-03,1,8,20240.0
1591,694,54,2026-04-03,1,13,104400.0
1592,132,52,2025-11-28,1,4,67200.0
1593,1696,69,2024-01-12,1,10,180000.0
1594,1289,10,2026-07-22,1,7,41850.0
1595,1162,130,2024-05-17,1,5,90250.0
1596,864,49,2026-06-21,1,11,40050.0
1597,1700,25,2024-05-16,1,6,23500.0
1598,1982,49,2025-06-03,1,10,40500.0
1599,45,46,2026-08-05,1,12,42240.0
1600,1206,53,2025-12-25,1,13,56550.0
1601,447,72,2026-08-27,1,13,24360.0
1602,895,34,2025-04-26,1,8,29440.0
1603,203,72,2024-09-23,1,3,27160.0
1604,1677,85,2025-08-08,1,13,41760.0
1605,1204,117,2025-01-10,1,3,72750.0
1606,1614,116,2025-10-07,1,8,55200.0
1607,496,51,2025-04-23,1,4,46080.0
1608,1568,58,2026-07-29,1,12,42240.0
1609,249,116,2024-04-12,1,10,54000.0
1610,1139,50,2025-09-11,1,8,53360.0
1611,181,95,2024-09-20,1,6,14100.0
1612,840,125,2026-06-29,1,14,94600.0
1613,922,104,2025-12-21,1,9,20020.0
1614,1264,68,2026-01-10,1,14,197800.0
1615,1073,35,2026-03-15,1,3,33950.0
1616,1398,124,2025-05-12,1,0,70000.0
1617,561,88,2024-05-08,1,9,31850.0
1618,790,67,2023-12-10,1,15,212500.0
1619,512,130,2024-01-20,1,11,84550.0
1620,1283,107,2024-08-28,1,12,22000.0
1621,1786,55,2024-01-17,1,4,62400.0
1622,698,104,2026-02-12,1,3,21340.0
1623,1786,109,2026-03-05,1,4,43200.0
1624,224,145,2024-03-26,1,3,33950.0
1625,444,5,2024-11-23,1,14,41280.0
1626,1646,121,2026-02-08,1,1,227700.0
1627,1409,80,2025-12-02,1,6,56400.0
1628,1774,115,2024-08-21,1,1,44550.0
1629,151,10,2025-02-09,1,3,43650.0
1630,1371,102,2024-12-10,1,14,430000.0
1631,667,107,2023-10-23,1,1,24750.0
1632,1790,113,2025-06-04,1,3,29100.0
1633,1255,130,2024-01-12,1,12,83600.0
1634,1365,129,2025-05-27,1,0,85000.0
1635,421,143,2024-01-06,1,15,17000.0
1636,391,35,2026-08-10,1,8,32200.0
1637,1014,96,2023-12-20,1,7,20460.0
1638,632,136,2024-03-11,1,3,291000.0
1639,1727,54,2025-10-23,1,9,109200.0
1640,1068,9,2024-06-05,1,15,19550.0
1641,1098,102,2023-10-25,1,13,435000.0
1642,1067,47,2023-11-02,1,11,71200.0
1643,1744,145,2025-04-12,1,14,30100.0
1644,1655,37,2024-07-08,1,13,16530.0
1645,1102,132,2024-09-11,1,9,21840.0
1646,1827,11,2025-01-24,1,8,44160.0
1647,152,55,2024-07-05,1,10,58500.0
1648,492,115,2026-09-09,1,10,40500.0
1649,1546,60,2026-03-18,1,3,87300.0
1650,1182,48,2024-06-17,1,6,84600.0
1651,1166,93,2024-04-09,1,8,12880.0
1652,1051,109,2023-12-27,1,10,40500.0
1653,458,35,2024-06-17,1,1,34650.0
1654,1521,77,2024-04-13,1,0,35000.0
1655,1534,59,2024-10-24,1,13,43500.0
1656,308,119,2026-02-04,1,3,1940000.0
1657,631,100,2026-03-24,1,0,250000.0
1658,843,131,2025-07-03,1,9,136500.0
1659,593,88,2026-02-19,1,7,32550.0
1660,549,83,2025-12-18,1,5,33250.0
1661,648,69,2024-04-22,1,4,192000.0
1662,1273,137,2023-12-11,1,14,18920.0
1663,111,90,2025-09-06,1,5,20900.0
1664,1495,15,2025-10-09,1,14,55900.0
1665,1837,96,2025-04-05,1,3,21340.0
1666,1527,17,2024-12-26,1,15,18700.0
1667,451,94,2025-01-10,1,12,17600.0
1668,1060,122,2025-12-24,1,12,528000.0
1669,1471,80,2024-02-05,1,9,54600.0
1670,335,50,2026-04-28,1,3,56260.0
1671,1414,107,2026-07-16,1,10,22500.0
1672,525,27,2026-07-25,1,9,32760.0
1673,1224,66,2024-12-09,1,6,178600.0
1674,359,23,2025-04-16,1,6,37600.0
1675,888,62,2024-07-10,1,9,47320.0
1676,441,83,2023-12-04,1,3,33950.0
1677,1302,48,2025-03-08,1,0,90000.0
1678,6,142,2024-09-17,1,13,33060.0
1679,1041,116,2024-11-11,1,12,52800.0
1680,1219,13,2025-09-29,1,5,39900.0
1681,1254,92,2026-08-03,1,4,17280.0
1682,1998,105,2024-06-12,1,6,28200.0
1683,1727,2,2023-09-29,1,11,28480.0
1684,643,69,2024-06-09,1,6,188000.0
1685,651,85,2026-07-28,1,7,44640.0
1686,787,86,2024-04-01,1,5,19000.0
1687,1727,25,2024-09-19,1,3,24250.0
1688,1702,52,2024-07-11,1,7,65100.0
1689,310,63,2023-09-20,1,14,32680.0
1690,1604,69,2025-04-14,1,4,192000.0
1691,896,42,2025-07-19,1,1,39600.0
1692,1701,67,2025-08-04,1,4,240000.0
1693,1661,1,2025-11-22,1,0,24000.0
1694,216,59,2026-05-29,1,14,43000.0
1695,262,119,2023-09-26,1,10,1800000.0
1696,3,140,2026-04-29,1,4,20160.0
1697,1399,17,2026-09-02,1,11,19580.0
1698,1788,84,2026-09-07,1,8,32200.0
1699,1612,110,2025-01-29,1,7,55800.0
1700,12,138,2024-07-12,1,12,30800.0
1701,1374,55,2025-02-21,1,10,58500.0
1702,336,71,2026-04-12,1,5,4750000.0
1703,747,114,2025-02-27,1,12,24640.0
1704,1870,137,2026-04-23,1,8,20240.0
1705,1989,18,2026-05-01,1,11,24920.0
1706,731,139,2023-11-01,1,2,29400.0
1707,1799,63,2024-05-10,1,11,33820.0
1708,183,140,2025-12-04,1,12,18480.0
1709,322,58,2024-05-25,1,10,43200.0
1710,334,135,2026-07-15,1,12,220000.0
1711,367,27,2026-08-30,1,3,34920.0
1712,1291,64,2026-04-27,1,13,130500.0
1713,1392,65,2024-01-21,1,5,209000.0
1714,65,69,2024-11-15,1,13,174000.0
1715,724,47,2024-02-01,1,13,69600.0
1716,1506,13,2024-04-10,1,15,35700.0
1717,1934,9,2026-09-10,1,0,23000.0
1718,1739,45,2025-08-05,1,13,36540.0
1719,521,90,2025-12-03,1,1,21780.0
1720,112,88,2026-08-14,1,7,32550.0
1721,238,91,2023-09-30,1,3,25220.0
1722,150,12,2024-01-21,1,1,49500.0
1723,527,65,2025-07-16,1,1,217800.0
1724,1616,84,2025-10-10,1,0,35000.0
1725,1095,132,2025-03-26,1,11,21360.0
1726,667,22,2025-06-30,1,8,29440.0
1727,1958,65,2025-08-10,1,0,220000.0
1728,317,35,2024-11-17,1,10,31500.0
1729,315,67,2024-07-29,1,12,220000.0
1730,612,66,2024-05-18,1,7,176700.0
1731,463,140,2026-01-31,1,3,20370.0
1732,1500,120,2026-02-23,1,0,250000.0
1733,1525,65,2026-06-24,1,3,213400.0
1734,811,52,2023-10-08,1,4,67200.0
1735,1547,140,2025-05-15,1,1,20790.0
1736,21,16,2025-09-02,1,0,85000.0
1737,1479,33,2025-06-24,1,3,25220.0
1738,1283,123,2025-04-13,1,10,54000.0
1739,1158,80,2026-08-15,1,12,52800.0
1740,1255,63,2025-11-25,1,14,32680.0
1741,879,97,2024-06-21,1,5,42750.0
1742,1925,144,2026-03-02,1,3,27160.0
1743,1503,31,2023-12-22,1,6,54520.0
1744,1822,21,2026-03-24,1,12,20240.0
1745,1061,42,2024-05-18,1,11,35600.0
1746,1462,144,2024-09-22,1,11,24920.0
1747,518,8,2025-06-14,1,12,66000.0
1748,1764,117,2026-02-06,1,1,74250.0
1749,1282,37,2025-11-13,1,6,17860.0
1750,1153,71,2024-08-09,1,11,4450000.0
1751,1282,41,2023-09-24,1,6,23500.0
1752,783,108,2025-08-19,1,8,27600.0
1753,1590,78,2025-04-28,1,9,34580.0
1754,1593,77,2026-05-04,1,6,32900.0
1755,1449,123,2024-02-20,1,14,51600.0
1756,1645,37,2025-10-03,1,15,16150.0
1757,1059,86,2024-09-26,1,0,20000.0
1758,1847,59,2024-10-21,1,7,46500.0
1759,959,110,2026-03-17,1,0,60000.0
1760,1865,67,2024-01-23,1,12,220000.0
1761,1390,77,2026-01-27,1,15,29750.0
1762,238,68,2025-03-17,1,9,209300.0
1763,825,72,2025-05-29,1,4,26880.0
1764,1693,28,2025-06-04,1,0,48000.0
1765,1082,2,2025-03-03,1,8,29440.0
1766,1652,58,2023-11-12,1,10,43200.0
1767,1802,44,2026-08-31,1,12,44000.0
1768,514,97,2025-09-24,1,1,44550.0
1769,55,31,2025-08-03,1,13,50460.0
1770,1932,124,2024-05-01,1,10,63000.0
1771,53,77,2024-04-11,1,1,34650.0
1772,686,18,2025-04-12,1,11,24920.0
1773,780,132,2023-11-19,1,8,22080.0
1774,1762,53,2024-11-20,1,7,60450.0
1775,618,21,2024-12-01,1,14,19780.0
1776,12,66,2024-08-12,1,12,167200.0
1777,418,83,2025-03-30,1,13,30450.0
1778,1802,135,2024-02-01,1,14,215000.0
1779,221,24,2025-11-17,1,15,40800.0
1780,1451,34,2026-01-30,1,0,32000.0
1781,1898,7,2024-12-27,1,7,51150.0
1782,1517,144,2024-02-16,1,5,26600.0
1783,1034,23,2026-08-26,1,15,34000.0
1784,1384,87,2024-07-10,1,3,27160.0
1785,1327,29,2025-11-23,1,10,35100.0
1786,1021,97,2024-09-25,1,11,40050.0
1787,253,14,2024-09-16,1,12,48400.0
1788,528,122,2025-01-27,1,2,588000.0
1789,202,25,2024-04-21,1,1,24750.0
1790,269,50,2025-04-03,1,7,53940.0
1791,1651,39,2025-08-29,1,1,34650.0
1792,1280,28,2026-06-29,1,1,47520.0
1793,1303,13,2024-12-12,1,11,37380.0
1794,768,35,2025-04-24,1,2,34300.0
1795,668,110,2026-02-20,1,9,54600.0
1796,423,66,2025-10-20,1,12,167200.0
1797,565,137,2026-04-26,1,8,20240.0
1798,1488,121,2025-07-28,1,4,220800.0
1799,896,103,2025-11-25,1,3,17460.0
1800,527,11,2024-03-27,1,1,47520.0
1801,396,82,2026-01-12,1,12,24640.0
1802,556,52,2025-08-12,1,9,63700.0
1803,507,133,2025-01-03,1,8,27600.0
1804,15,134,2025-12-04,1,7,41850.0
1805,510,130,2026-05-07,1,12,83600.0
1806,1548,120,2024-08-11,1,8,230000.0
1807,1682,75,2024-03-11,1,14,18920.0
1808,1688,7,2026-06-18,1,9,50050.0
1809,1167,113,2025-11-25,1,1,29700.0
1810,1403,123,2024-03-24,1,7,55800.0
1811,845,30,2023-11-02,1,13,41760.0
1812,1553,50,2025-11-17,1,12,51040.0
1813,1314,99,2024-08-24,1,14,47300.0
1814,1463,105,2023-11-13,1,8,27600.0
1815,853,23,2026-02-26,1,1,39600.0
1816,438,39,2025-07-28,1,6,32900.0
1817,186,54,2025-05-27,1,6,112800.0
1818,1078,141,2026-08-22,1,11,24920.0
1819,1701,133,2025-12-30,1,5,28500.0
1820,1167,37,2025-10-10,1,5,18050.0
1821,637,5,2026-06-13,1,11,42720.0
1822,328,76,2025-08-28,1,2,39200.0
1823,1891,51,2023-09-15,1,14,41280.0
1824,300,141,2026-05-26,1,12,24640.0
1825,1175,9,2026-06-20,1,12,20240.0
1826,1558,38,2025-12-06,1,3,27160.0
1827,706,143,2024-09-21,1,8,18400.0
1828,1763,20,2026-04-14,1,13,39150.0
1829,227,117,2025-04-17,1,7,69750.0
1830,216,120,2023-12-16,1,13,217500.0
1831,1079,20,2025-01-23,1,9,40950.0
1832,756,55,2025-03-27,1,5,61750.0
1833,1763,32,2024-05-25,1,3,75660.0
1834,273,20,2025-02-09,1,6,42300.0
1835,727,132,2025-02-12,1,3,23280.0
1836,1570,40,2024-12-14,1,2,29400.0
1837,267,49,2024-12-09,1,7,41850.0
1838,1051,6,2026-07-27,1,7,57660.0
1839,1893,6,2024-09-18,1,5,58900.0
1840,1674,32,2024-03-20,1,11,69420.0
1841,492,65,2026-05-08,1,9,200200.0
1842,280,23,2025-09-22,1,1,39600.0
1843,1072,65,2024-04-16,1,0,220000.0
1844,437,91,2024-09-01,1,10,23400.0
1845,1044,54,2024-04-08,1,12,105600.0
1846,847,77,2024-09-12,1,12,30800.0
1847,1755,39,2024-04-24,1,3,33950.0
1848,504,105,2025-01-16,1,6,28200.0
1849,493,1,2023-11-21,1,5,22800.0
1850,166,121,2024-07-23,1,1,227700.0
1851,882,38,2025-05-10,1,13,24360.0
1852,1549,138,2025-11-20,1,15,29750.0
1853,1513,82,2026-02-18,1,10,25200.0
1854,1139,143,2025-08-06,1,7,18600.0
1855,445,95,2023-10-12,1,4,14400.0
1856,983,50,2024-08-14,1,6,54520.0
1857,1453,61,2026-01-25,1,12,39600.0
1858,219,96,2023-10-09,1,4,21120.0
1859,140,49,2024-11-17,1,12,39600.0
1860,1155,141,2024-01-30,1,13,24360.0
1861,1434,14,2024-08-25,1,3,53350.0
1862,92,75,2024-11-01,1,3,21340.0
1863,477,59,2025-05-09,1,3,48500.0
1864,1021,71,2025-08-30,1,10,4500000.0
1865,1144,97,2024-10-18,1,10,40500.0
1866,152,16,2026-01-04,1,7,79050.0
1867,1858,131,2023-12-04,1,3,145500.0
1868,1276,93,2026-01-12,1,1,13860.0
1869,1260,99,2023-11-06,1,6,51700.0
1870,243,91,2024-02-05,1,15,22100.0
1871,695,87,2026-07-27,1,4,26880.0
1872,1250,136,2024-04-29,1,15,255000.0
1873,1932,28,2024-07-03,1,1,47520.0
1874,958,110,2024-01-10,1,11,53400.0
1875,915,61,2024-08-02,1,15,38250.0
1876,1692,125,2026-06-12,1,13,95700.0
1877,923,50,2024-04-17,1,7,53940.0
1878,1151,104,2026-04-29,1,3,21340.0
1879,1382,107,2026-07-27,1,15,21250.0
1880,323,56,2024-11-23,1,5,90250.0
1881,939,127,2024-10-11,1,4,52800.0
1882,169,78,2026-07-23,1,15,32300.0
1883,928,4,2024-05-07,1,9,77350.0
1884,724,9,2025-08-23,1,14,19780.0
1885,1878,2,2025-03-20,1,6,30080.0
1886,234,68,2024-08-18,1,2,225400.0
1887,648,51,2024-04-03,1,10,43200.0
1888,318,71,2026-04-12,1,12,4400000.0
1889,1296,51,2024-01-01,1,15,40800.0
1890,1417,114,2023-10-18,1,1,27720.0
1891,1354,96,2025-04-03,1,15,18700.0
1892,506,49,2025-12-15,1,15,38250.0
1893,493,71,2025-08-06,1,9,4550000.0
1894,1621,1,2023-11-13,1,12,21120.0
1895,1426,5,2025-10-10,1,3,46560.0
1896,1559,58,2025-06-26,1,0,48000.0
1897,754,31,2023-11-18,1,4,55680.0
1898,951,21,2024-10-11,1,4,22080.0
1899,1283,32,2024-09-23,1,9,70980.0
1900,493,112,2025-10-07,1,10,19800.0
1901,1631,50,2026-03-17,1,8,53360.0
1902,705,102,2024-04-04,1,10,450000.0
1903,979,140,2025-04-13,1,1,20790.0
1904,447,27,2025-01-22,1,3,34920.0
1905,786,7,2023-10-14,1,7,51150.0
1906,266,86,2024-07-23,1,2,19600.0
1907,1077,40,2026-03-27,1,7,27900.0
1908,1943,49,2026-07-30,1,11,40050.0
1909,401,41,2025-08-13,1,3,24250.0
1910,1343,128,2025-10-03,1,12,70400.0
1911,793,39,2025-06-09,1,14,30100.0
1912,149,145,2026-08-25,1,8,32200.0
1913,736,53,2023-11-26,1,7,60450.0
1914,1208,44,2024-06-02,1,12,44000.0
1915,1210,52,2026-08-03,1,14,60200.0
1916,1215,74,2024-03-26,1,5,42750.0
1917,1398,71,2024-09-24,1,5,4750000.0
1918,501,34,2025-09-11,1,5,30400.0
1919,1740,101,2026-01-29,1,15,297500.0
1920,125,79,2024-01-18,1,5,80750.0
1921,828,96,2025-11-11,1,9,20020.0
1922,1670,44,2025-11-17,1,14,43000.0
1923,90,57,2025-07-24,1,9,38220.0
1924,1530,7,2023-11-15,1,4,52800.0
1925,1882,48,2023-12-03,1,6,84600.0
1926,1566,20,2024-01-18,1,3,43650.0
1927,1384,110,2025-01-31,1,10,54000.0
1928,800,113,2024-05-12,1,3,29100.0
1929,1837,80,2024-12-27,1,7,55800.0
1930,18,15,2025-06-27,1,11,57850.0
1931,1490,20,2023-11-08,1,11,40050.0
1932,1925,19,2024-05-18,1,5,31350.0
1933,1771,96,2023-11-04,1,15,18700.0
1934,1595,24,2023-12-07,1,7,44640.0
1935,1303,118,2026-04-09,1,13,2610000.0
1936,984,78,2026-08-19,1,3,36860.0
1937,522,124,2023-10-25,1,4,67200.0
1938,1963,96,2024-11-26,1,6,20680.0
1939,1297,137,2026-07-23,1,10,19800.0
1940,67,126,2024-11-07,1,12,35200.0
1941,1676,1,2025-10-14,1,15,20400.0
1942,936,7,2023-12-26,1,10,49500.0
1943,882,81,2025-06-06,1,9,20020.0
1944,1819,37,2026-06-18,1,12,16720.0
1945,1611,23,2024-04-09,1,10,36000.0
1946,315,121,2024-07-29,1,14,197800.0
1947,1017,74,2025-07-15,1,1,44550.0
1948,1929,111,2024-07-27,1,3,53350.0
1949,1579,71,2023-10-10,1,15,4250000.0
1950,1524,79,2026-04-20,1,3,82450.0
1951,422,59,2026-01-01,1,14,43000.0
1952,1577,45,2025-07-03,1,3,40740.0
1953,1829,124,2024-08-10,1,10,63000.0
1954,578,61,2025-11-27,1,13,39150.0
1955,906,104,2025-01-13,1,0,22000.0
1956,1937,90,2025-01-08,1,2,21560.0
1957,1420,89,2025-04-27,1,12,13200.0
1958,1396,61,2026-05-13,1,5,42750.0
1959,192,131,2025-07-19,1,11,133500.0
1960,1915,89,2023-12-13,1,1,14850.0
1961,612,18,2024-03-19,1,13,24360.0
1962,1165,84,2026-02-20,1,12,30800.0
1963,945,85,2024-07-20,1,15,40800.0
1964,1901,31,2024-01-17,1,1,57420.0
1965,579,29,2026-08-27,1,10,35100.0
1966,234,86,2026-05-15,1,14,17200.0
1967,469,62,2024-08-28,1,14,44720.0
1968,1570,29,2026-07-18,1,6,36660.0
1969,1923,128,2026-07-01,1,12,70400.0
1970,1147,124,2024-01-15,1,11,62300.0
1971,1883,120,2026-04-05,1,15,212500.0
1972,1977,15,2026-06-12,1,15,55250.0
1973,1824,66,2024-03-26,1,9,172900.0
1974,1257,119,2026-02-11,1,2,1960000.0
1975,1501,41,2026-06-14,1,8,23000.0
1976,1518,37,2024-11-20,1,7,17670.0
1977,341,75,2026-06-05,1,0,22000.0
1978,960,106,2025-04-16,1,15,17000.0
1979,916,74,2023-11-15,1,15,38250.0
1980,410,72,2025-06-26,1,1,27720.0
1981,1104,113,2025-03-09,1,10,27000.0
1982,660,51,2024-06-02,1,2,47040.0
1983,541,58,2025-01-14,1,9,43680.0
1984,1007,25,2024-07-24,1,9,22750.0
1985,1443,83,2026-09-02,1,7,32550.0
1986,225,110,2026-06-28,1,2,58800.0
1987,1879,28,2025-10-04,1,2,47040.0
1988,848,32,2025-02-12,1,0,78000.0
1989,1372,57,2024-07-31,1,2,41160.0
1990,624,93,2024-04-19,1,5,13300.0
1991,1075,126,2025-11-13,1,3,38800.0
1992,1341,84,2025-10-02,1,0,35000.0
1993,1189,50,2024-08-03,1,10,52200.0
1994,906,72,2024-08-25,1,6,26320.0
1995,1166,126,2025-04-25,1,7,37200.0
1996,1422,23,2025-07-28,1,6,37600.0
1997,1593,131,2023-12-22,1,9,136500.0
1998,874,11,2026-07-10,1,1,47520.0
1999,3,112,2024-07-18,1,8,20240.0
2000,1302,16,2026-05-17,1,2,83300.0
2001,64,16,2026-04-23,1,9,77350.0
2002,644,39,2025-07-26,1,5,33250.0
2003,656,46,2024-02-28,1,1,47520.0
2004,1264,82,2026-01-01,1,4,26880.0
2005,1079,123,2025-06-26,1,14,51600.0
2006,147,70,2025-12-29,1,12,2640000.0
2007,913,41,2025-11-26,1,11,22250.0
2008,1236,67,2024-09-25,1,11,222500.0
2009,447,29,2026-09-06,1,10,35100.0
2010,703,106,2024-04-11,1,12,17600.0
2011,1853,21,2023-10-08,1,13,20010.0
2012,58,67,2025-07-29,1,6,235000.0
2013,153,109,2025-09-11,1,12,39600.0
2014,360,58,2024-08-15,1,11,42720.0
2015,1675,76,2025-01-19,1,9,36400.0
2016,631,82,2026-02-17,1,12,24640.0
2017,1288,69,2025-09-24,1,15,170000.0
2018,1632,145,2024-05-02,1,8,32200.0
2019,1989,6,2024-03-17,1,0,62000.0
2020,950,60,2023-11-27,1,7,83700.0
2021,1793,15,2024-05-31,1,1,64350.0
2022,870,106,2025-07-09,1,7,18600.0
2023,1364,115,2024-07-28,1,6,42300.0
2024,896,57,2026-01-17,1,12,36960.0
2025,1351,57,2023-12-31,1,13,36540.0
2026,71,125,2025-09-23,1,2,107800.0
2027,1,14,2024-01-13,1,14,47300.0
2028,1455,89,2024-02-24,1,6,14100.0
2029,956,47,2024-04-28,1,14,68800.0
2030,1910,3,2024-12-07,1,7,35340.0
2031,1555,107,2024-11-25,1,8,23000.0
2032,1305,145,2026-08-29,1,5,33250.0
2033,413,1,2024-01-18,1,7,22320.0
2034,779,116,2024-05-26,1,1,59400.0
2035,1121,74,2024-10-26,1,5,42750.0
2036,1535,116,2024-08-22,1,7,55800.0
2037,623,32,2025-07-28,1,7,72540.0
2038,108,139,2024-01-18,1,10,27000.0
2039,640,96,2025-01-15,1,9,20020.0
2040,1406,82,2026-02-18,1,5,26600.0
2041,1558,111,2024-04-29,1,10,49500.0
2042,105,42,2024-11-21,1,0,40000.0
2043,1755,31,2024-03-31,1,7,53940.0
2044,892,79,2026-07-05,1,7,79050.0
2045,205,10,2023-11-10,1,9,40950.0
2046,1377,52,2026-07-03,1,7,65100.0
2047,1598,109,2025-06-13,1,14,38700.0
2048,11,6,2026-04-08,1,13,53940.0
2049,1956,17,2024-02-20,1,13,19140.0
2050,885,20,2026-08-22,1,15,38250.0
2051,900,134,2026-06-15,1,9,40950.0
2052,1257,119,2026-01-22,1,13,1740000.0
2053,741,141,2026-04-22,1,3,27160.0
2054,766,30,2023-11-24,1,13,41760.0
2055,957,9,2024-07-19,1,2,22540.0
2056,361,1,2026-01-07,1,5,22800.0
2057,500,1,2025-03-14,1,9,21840.0
2058,70,134,2025-11-04,1,0,45000.0
2059,607,11,2024-01-04,1,11,42720.0
2060,1466,125,2026-05-22,1,13,95700.0
2061,1651,5,2025-12-22,1,1,47520.0
2062,1906,1,2024-02-22,1,14,20640.0
2063,1981,27,2024-09-03,1,0,36000.0
2064,1787,86,2024-09-18,1,10,18000.0
2065,310,11,2024-01-15,1,11,42720.0
2066,898,95,2026-08-14,1,0,15000.0
2067,1711,99,2025-04-22,1,6,51700.0
2068,672,16,2024-01-03,1,13,73950.0
2069,405,82,2024-12-09,1,3,27160.0
2070,1777,96,2024-03-21,1,2,21560.0
2071,1023,100,2024-03-02,1,10,225000.0
2072,773,99,2026-05-16,1,8,50600.0
2073,1773,79,2026-03-03,1,2,83300.0
2074,1710,58,2026-07-22,1,11,42720.0
2075,1285,64,2024-03-02,1,15,127500.0
2076,891,22,2024-01-30,1,4,30720.0
2077,111,123,2025-07-14,1,9,54600.0
2078,858,40,2024-07-20,1,11,26700.0
2079,1925,65,2025-01-18,1,7,204600.0
2080,1317,105,2024-05-18,1,2,29400.0
2081,935,36,2026-05-14,1,1,41580.0
2082,217,64,2025-09-02,1,15,127500.0
2083,331,2,2025-01-01,1,0,32000.0
2084,503,131,2026-01-05,1,8,138000.0
2085,1053,25,2024-08-09,1,3,24250.0
2086,1841,144,2025-02-11,1,1,27720.0
2087,1925,120,2024-09-15,1,0,250000.0
2088,177,109,2024-02-26,1,15,38250.0
2089,303,133,2024-05-01,1,8,27600.0
2090,1472,24,2024-05-07,1,13,41760.0
2091,1598,62,2024-11-11,1,13,45240.0
2092,1107,124,2024-04-16,1,2,68600.0
2093,1790,21,2024-10-19,1,4,22080.0
2094,144,123,2024-04-09,1,7,55800.0
2095,995,62,2025-03-17,1,10,46800.0
2096,1329,75,2024-06-12,1,2,21560.0
2097,1053,4,2023-10-02,1,7,79050.0
2098,1117,92,2024-12-10,1,10,16200.0
2099,445,64,2025-03-06,1,3,145500.0
2100,1842,16,2024-09-15,1,14,73100.0
2101,1609,86,2024-06-02,1,9,18200.0
2102,1919,143,2026-06-02,1,0,20000.0
2103,402,96,2024-04-02,1,10,19800.0
2104,442,110,2026-03-21,1,1,59400.0
2105,1592,71,2026-02-23,1,1,4950000.0
2106,1633,99,2026-09-09,1,13,47850.0
2107,389,124,2026-04-17,1,1,69300.0
2108,465,43,2026-08-13,1,6,56400.0
2109,407,123,2026-02-08,1,3,58200.0
2110,1906,134,2024-08-03,1,7,41850.0
2111,224,136,2025-07-14,1,9,273000.0
2112,767,77,2025-03-09,1,8,32200.0
2113,260,42,2024-03-03,1,13,34800.0
2114,566,135,2024-03-22,1,3,242500.0
2115,1009,88,2026-06-09,1,12,30800.0
2116,1432,41,2023-11-08,1,11,22250.0
2117,1069,4,2023-10-01,1,5,80750.0
2118,1657,80,2024-01-27,1,9,54600.0
2119,728,35,2025-08-07,1,4,33600.0
2120,1828,16,2024-07-12,1,10,76500.0
2121,1855,67,2026-08-22,1,15,212500.0
2122,1987,117,2025-05-23,1,0,75000.0
2123,1684,58,2024-12-03,1,9,43680.0
2124,819,31,2025-05-14,1,0,58000.0
2125,175,137,2025-08-18,1,8,20240.0
2126,1424,49,2024-05-03,1,4,43200.0
2127,342,41,2026-03-24,1,14,21500.0
2128,289,2,2026-04-12,1,7,29760.0
2129,817,39,2026-04-27,1,5,33250.0
2130,1342,35,2026-07-03,1,4,33600.0
2131,1164,30,2024-08-01,1,1,47520.0
2132,1483,127,2024-04-08,1,5,52250.0
2133,770,97,2026-05-08,1,5,42750.0
2134,1730,3,2024-11-01,1,4,36480.0
2135,186,79,2026-08-16,1,10,76500.0
2136,275,21,2025-09-30,1,9,20930.0
2137,1314,56,2025-05-15,1,6,89300.0
2138,917,16,2025-07-01,1,4,81600.0
2139,588,79,2025-09-24,1,15,72250.0
2140,1909,129,2024-05-18,1,12,74800.0
2141,704,118,2026-06-28,1,10,2700000.0
2142,1290,37,2025-01-17,1,10,17100.0
2143,1198,124,2024-08-17,1,2,68600.0
2144,1307,116,2025-08-12,1,9,54600.0
2145,1310,62,2024-12-26,1,7,48360.0
2146,611,19,2025-03-03,1,10,29700.0
2147,1659,36,2024-01-30,1,10,37800.0
2148,827,128,2026-02-18,1,2,78400.0
2149,1428,73,2024-01-16,1,8,32200.0
2150,28,7,2024-04-20,1,4,52800.0
2151,1139,133,2025-07-30,1,1,29700.0
2152,262,94,2025-08-05,1,0,20000.0
2153,238,113,2023-12-16,1,1,29700.0
2154,496,127,2025-09-22,1,0,55000.0
2155,1738,76,2024-07-11,1,10,36000.0
2156,1288,105,2025-08-02,1,12,26400.0
2157,785,3,2025-03-04,1,7,35340.0
2158,1824,91,2026-02-10,1,15,22100.0
2159,1350,24,2025-01-20,1,1,47520.0
2160,1928,21,2024-02-05,1,10,20700.0
2161,1095,124,2024-04-04,1,6,65800.0
2162,1929,34,2025-07-22,1,12,28160.0
2163,661,50,2024-09-30,1,15,49300.0
2164,1712,125,2023-11-25,1,12,96800.0
2165,377,75,2024-11-05,1,6,20680.0
2166,509,5,2023-11-11,1,13,41760.0
2167,1985,142,2025-07-14,1,1,37620.0
2168,484,35,2025-03-05,1,2,34300.0
2169,1836,40,2025-07-09,1,12,26400.0
2170,457,142,2025-06-05,1,3,36860.0
2171,394,68,2025-03-27,1,13,200100.0
2172,542,26,2025-11-06,1,2,31360.0
2173,419,58,2026-03-31,1,10,43200.0
2174,672,72,2025-09-18,1,0,28000.0
2175,1264,58,2026-09-05,1,12,42240.0
2176,1657,30,2024-09-03,1,8,44160.0
2177,1205,36,2024-08-27,1,14,36120.0
2178,1924,102,2026-02-02,1,7,465000.0
2179,834,75,2026-04-21,1,14,18920.0
2180,1154,24,2026-05-23,1,5,45600.0
2181,55,107,2023-10-08,1,5,23750.0
2182,504,81,2025-07-24,1,0,22000.0
2183,1338,4,2024-05-28,1,6,79900.0
2184,1100,45,2025-03-19,1,2,41160.0
2185,833,117,2024-03-01,1,0,75000.0
2186,606,57,2023-11-05,1,4,40320.0
2187,206,15,2026-04-17,1,12,57200.0
2188,1205,9,2024-12-05,1,5,21850.0
2189,206,40,2025-05-26,1,9,27300.0
2190,801,131,2023-10-14,1,10,135000.0
2191,1340,96,2026-01-23,1,13,19140.0
2192,1727,43,2024-12-28,1,5,57000.0
2193,492,130,2024-03-21,1,0,95000.0
2194,547,57,2025-06-06,1,13,36540.0
2195,652,92,2024-02-20,1,6,16920.0
2196,1631,46,2024-02-25,1,6,45120.0
2197,1267,50,2025-05-20,1,14,49880.0
2198,499,24,2025-03-16,1,9,43680.0
2199,1154,46,2024-05-10,1,15,40800.0
2200,1310,126,2024-11-12,1,13,34800.0
2201,1547,37,2023-11-03,1,9,17290.0
2202,1481,16,2025-05-10,1,7,79050.0
2203,1035,144,2025-09-15,1,11,24920.0
2204,1645,106,2026-01-28,1,9,18200.0
2205,596,132,2025-12-17,1,7,22320.0
2206,876,88,2024-10-30,1,6,32900.0
2207,1089,125,2026-08-07,1,9,100100.0
2208,1733,137,2025-12-01,1,4,21120.0
2209,775,47,2025-04-28,1,10,72000.0
2210,180,121,2025-03-29,1,5,218500.0
2211,1707,122,2025-11-15,1,15,510000.0
2212,464,76,2024-02-17,1,10,36000.0
2213,1153,29,2025-06-24,1,7,36270.0
2214,454,39,2024-11-06,1,0,35000.0
2215,1542,24,2026-05-20,1,5,45600.0
2216,133,3,2023-10-12,1,2,37240.0
2217,1556,89,2025-08-08,1,7,13950.0
2218,1234,67,2025-07-13,1,8,230000.0
2219,1072,131,2025-12-07,1,14,129000.0
2220,1622,79,2026-01-02,1,6,79900.0
2221,100,18,2026-07-19,1,8,25760.0
2222,32,82,2025-02-18,1,4,26880.0
2223,649,1,2025-12-30,1,6,22560.0
2224,607,1,2025-01-24,1,2,23520.0
2225,252,53,2026-05-19,1,3,63050.0
2226,976,122,2024-04-07,1,4,576000.0
2227,1923,124,2023-12-05,1,4,67200.0
2228,1614,93,2025-12-22,1,4,13440.0
2229,203,125,2025-11-27,1,7,102300.0
2230,1180,143,2025-10-22,1,14,17200.0
2231,1353,61,2025-04-14,1,14,38700.0
2232,943,108,2025-03-31,1,15,25500.0
2233,1894,124,2026-05-29,1,11,62300.0
2234,402,100,2025-03-28,1,10,225000.0
2235,49,133,2024-04-30,1,0,30000.0
2236,1266,47,2025-12-13,1,13,69600.0
2237,655,98,2025-10-29,1,14,43000.0
2238,1834,142,2023-12-24,1,3,36860.0
2239,732,2,2023-09-21,1,6,30080.0
2240,550,68,2026-09-02,1,7,213900.0
2241,124,82,2024-03-16,1,3,27160.0
2242,1342,40,2023-12-31,1,7,27900.0
2243,1946,28,2023-09-24,1,4,46080.0
2244,1100,25,2025-08-07,1,15,21250.0
2245,1596,105,2026-05-30,1,11,26700.0
2246,260,129,2025-10-04,1,9,77350.0
2247,1503,104,2024-06-16,1,15,18700.0
2248,1356,64,2024-03-25,1,9,136500.0
2249,1654,41,2025-11-09,1,10,22500.0
2250,858,36,2026-02-18,1,6,39480.0
2251,481,27,2024-03-27,1,12,31680.0
2252,257,78,2024-06-18,1,3,36860.0
2253,1332,108,2025-10-31,1,6,28200.0
2254,25,9,2024-07-28,1,15,19550.0
2255,1702,63,2024-10-10,1,15,32300.0
2256,387,55,2023-10-25,1,9,59150.0
2257,1886,74,2025-08-26,1,8,41400.0
2258,1926,121,2024-10-14,1,8,211600.0
2259,1671,18,2025-03-08,1,4,26880.0
2260,1167,114,2024-07-16,1,9,25480.0
2261,711,87,2023-10-21,1,4,26880.0
2262,795,126,2026-07-25,1,14,34400.0
2263,230,50,2026-05-25,1,8,53360.0
2264,523,3,2026-07-23,1,13,33060.0
2265,1100,42,2026-01-17,1,4,38400.0
2266,807,12,2026-01-04,1,3,48500.0
2267,1525,40,2025-04-17,1,8,27600.0
2268,401,89,2023-10-19,1,9,13650.0
2269,416,143,2024-04-10,1,6,18800.0
2270,1468,23,2026-02-26,1,0,40000.0
2271,258,89,2026-08-21,1,11,13350.0
2272,715,38,2025-04-15,1,4,26880.0
2273,1617,10,2026-05-19,1,10,40500.0
2274,709,129,2026-04-10,1,0,85000.0
2275,1196,50,2024-06-30,1,6,54520.0
2276,1545,86,2024-01-06,1,14,17200.0
2277,424,71,2025-07-24,1,14,4300000.0
2278,9,75,2024-02-08,1,0,22000.0
2279,68,99,2026-04-19,1,1,54450.0
2280,1238,33,2026-09-03,1,13,22620.0
2281,1468,70,2025-06-12,1,8,2760000.0
2282,1048,23,2025-06-13,1,4,38400.0
2283,1871,2,2026-08-18,1,1,31680.0
2284,67,120,2026-06-09,1,6,235000.0
2285,1036,30,2025-03-10,1,10,43200.0
2286,370,115,2024-10-14,1,0,45000.0
2287,37,19,2023-10-15,1,12,29040.0
2288,1231,88,2024-10-09,1,14,30100.0
2289,626,115,2026-06-22,1,10,40500.0
2290,450,137,2024-04-02,1,15,18700.0
2291,1932,115,2026-05-25,1,6,42300.0
2292,1043,140,2025-11-14,1,15,17850.0
2293,1265,104,2025-12-22,1,2,21560.0
2294,949,84,2024-08-01,1,1,34650.0
2295,81,42,2026-02-18,1,7,37200.0
2296,880,33,2024-07-26,1,15,22100.0
2297,1972,75,2023-12-17,1,6,20680.0
2298,549,67,2026-04-03,1,8,230000.0
2299,360,87,2025-06-25,1,0,28000.0
2300,130,128,2025-08-19,1,8,73600.0
2301,119,50,2024-06-24,1,6,54520.0
2302,395,135,2025-04-17,1,1,247500.0
2303,630,81,2023-10-31,1,10,19800.0
2304,1832,113,2025-02-13,1,9,27300.0
2305,383,38,2026-03-16,1,13,24360.0
2306,1322,74,2024-10-04,1,1,44550.0
2307,652,90,2025-12-02,1,12,19360.0
2308,1634,107,2024-09-12,1,8,23000.0
2309,417,73,2025-01-25,1,4,33600.0
2310,881,31,2025-12-05,1,9,52780.0
2311,238,98,2025-04-25,1,6,47000.0
2312,1673,64,2025-06-23,1,11,133500.0
2313,1060,133,2025-11-03,1,13,26100.0
2314,60,33,2025-09-28,1,12,22880.0
2315,1506,31,2025-05-14,1,8,53360.0
2316,676,88,2025-12-22,1,8,32200.0
2317,1706,29,2025-04-10,1,4,37440.0
2318,1749,1,2026-01-20,1,2,23520.0
2319,881,38,2025-09-18,1,9,25480.0
2320,32,73,2026-06-04,1,15,29750.0
2321,1742,11,2026-06-18,1,15,40800.0
2322,1764,5,2024-07-04,1,4,46080.0
2323,444,101,2024-06-05,1,6,329000.0
2324,992,58,2024-11-09,1,4,46080.0
2325,537,24,2025-06-08,1,6,45120.0
2326,846,44,2024-03-07,1,15,42500.0
2327,69,55,2026-06-18,1,9,59150.0
2328,836,78,2024-01-01,1,11,33820.0
2329,1074,114,2024-12-29,1,6,26320.0
2330,668,116,2023-11-16,1,10,54000.0
2331,931,80,2024-09-27,1,11,53400.0
2332,206,107,2023-12-17,1,7,23250.0
2333,559,119,2024-09-30,1,13,1740000.0
2334,1121,38,2026-02-18,1,1,27720.0
2335,701,59,2025-07-29,1,3,48500.0
2336,1819,134,2026-03-19,1,0,45000.0
2337,1281,133,2025-08-14,1,5,28500.0
2338,1766,66,2025-07-10,1,1,188100.0
2339,595,47,2026-02-16,1,9,72800.0
2340,1425,9,2024-01-10,1,13,20010.0
2341,1720,24,2024-10-02,1,2,47040.0
2342,1422,55,2026-08-27,1,12,57200.0
2343,1454,48,2024-03-17,1,6,84600.0
2344,1810,113,2025-10-24,1,14,25800.0
2345,392,92,2024-01-06,1,11,16020.0
2346,175,3,2023-11-24,1,11,33820.0
2347,192,25,2025-08-12,1,8,23000.0
2348,1404,114,2024-05-13,1,5,26600.0
2349,1910,56,2024-10-21,1,8,87400.0
2350,1351,91,2023-12-06,1,9,23660.0
2351,1333,29,2025-03-19,1,8,35880.0
2352,291,73,2024-04-05,1,1,34650.0
2353,1057,52,2024-04-07,1,8,64400.0
2354,689,89,2024-04-21,1,14,12900.0
2355,1547,63,2025-01-17,1,11,33820.0
2356,73,139,2024-12-24,1,8,27600.0
2357,560,8,2024-04-09,1,3,72750.0
2358,791,143,2026-03-09,1,1,19800.0
2359,866,143,2024-03-25,1,8,18400.0
2360,208,127,2026-01-30,1,13,47850.0
2361,997,111,2026-08-31,1,4,52800.0
2362,1019,3,2025-09-07,1,15,32300.0
2363,1034,34,2025-08-09,1,12,28160.0
2364,1659,100,2024-07-25,1,3,242500.0
2365,1505,12,2025-04-10,1,7,46500.0
2366,1434,32,2024-08-06,1,5,74100.0
2367,394,111,2023-10-12,1,15,46750.0
2368,911,137,2024-09-07,1,8,20240.0
2369,597,118,2023-10-17,1,0,3000000.0
2370,1014,48,2026-04-23,1,7,83700.0
2371,107,14,2024-07-11,1,2,53900.0
2372,868,91,2025-11-14,1,8,23920.0
2373,1490,140,2024-11-20,1,10,18900.0
2374,1645,82,2026-04-11,1,3,27160.0
2375,1954,79,2026-03-13,1,6,79900.0
2376,1791,43,2024-04-07,1,10,54000.0
2377,1442,25,2023-12-10,1,13,21750.0
2378,1431,19,2025-09-20,1,3,32010.0
2379,1587,57,2026-02-08,1,9,38220.0
2380,1623,134,2026-06-26,1,0,45000.0
2381,1562,24,2025-04-28,1,6,45120.0
2382,879,11,2024-11-17,1,11,42720.0
2383,793,78,2026-05-28,1,15,32300.0
2384,807,21,2023-12-23,1,11,20470.0
2385,1774,41,2025-02-21,1,4,24000.0
2386,589,103,2025-03-11,1,1,17820.0
2387,1630,138,2025-01-21,1,7,32550.0
2388,888,101,2026-05-05,1,7,325500.0
2389,164,5,2024-02-25,1,12,42240.0
2390,1165,18,2026-03-05,1,2,27440.0
2391,1893,57,2023-12-02,1,13,36540.0
2392,944,118,2024-12-21,1,9,2730000.0
2393,1011,79,2024-04-06,1,3,82450.0
2394,1767,77,2025-07-02,1,10,31500.0
2395,83,118,2026-03-01,1,3,2910000.0
2396,1650,93,2026-03-26,1,12,12320.0
2397,1773,73,2024-06-04,1,12,30800.0
2398,1006,67,2025-09-30,1,11,222500.0
2399,392,51,2025-01-03,1,0,48000.0
2400,1181,75,2024-09-08,1,3,21340.0
2401,621,81,2024-12-04,1,4,21120.0
2402,326,19,2024-09-02,1,2,32340.0
2403,1185,96,2025-07-27,1,0,22000.0
2404,965,25,2025-07-06,1,1,24750.0
2405,181,62,2026-03-03,1,6,48880.0
2406,1704,32,2024-02-17,1,11,69420.0
2407,1253,66,2024-05-08,1,7,176700.0
2408,1476,104,2024-03-19,1,5,20900.0
2409,53,31,2025-06-18,1,12,51040.0
2410,1699,65,2023-10-14,1,7,204600.0
2411,688,106,2024-01-26,1,0,20000.0
2412,1238,90,2024-06-28,1,8,20240.0
2413,1024,104,2024-12-06,1,10,19800.0
2414,421,95,2026-01-08,1,11,13350.0
2415,629,51,2024-02-05,1,15,40800.0
2416,68,53,2024-06-04,1,8,59800.0
2417,1478,50,2024-07-05,1,7,53940.0
2418,1187,33,2024-10-18,1,5,24700.0
2419,1101,143,2024-09-19,1,15,17000.0
2420,835,130,2026-02-13,1,11,84550.0
2421,1959,51,2024-05-06,1,5,45600.0
2422,1762,102,2026-07-24,1,12,440000.0
2423,1526,19,2025-07-30,1,2,32340.0
2424,410,4,2026-03-30,1,7,79050.0
2425,413,128,2025-07-07,1,5,76000.0
2426,1772,41,2024-02-10,1,11,22250.0
2427,563,144,2025-05-31,1,11,24920.0
2428,1710,12,2026-06-02,1,9,45500.0
2429,574,145,2023-10-11,1,13,30450.0
2430,1128,71,2024-09-08,1,14,4300000.0
2431,581,70,2026-08-30,1,4,2880000.0
2432,193,95,2024-03-25,1,11,13350.0
2433,860,98,2023-10-05,1,2,49000.0
2434,1401,3,2025-06-04,1,6,35720.0
2435,841,118,2025-03-24,1,14,2580000.0
2436,850,43,2025-04-27,1,6,56400.0
2437,1514,99,2025-10-12,1,2,53900.0
2438,485,10,2026-06-04,1,10,40500.0
2439,1884,134,2025-04-27,1,2,44100.0
2440,667,10,2025-09-13,1,10,40500.0
2441,688,116,2024-05-29,1,12,52800.0
2442,188,34,2026-07-09,1,8,29440.0
2443,793,37,2025-05-03,1,11,16910.0
2444,433,86,2026-07-13,1,0,20000.0
2445,634,10,2026-09-01,1,8,41400.0
2446,1408,130,2024-06-21,1,9,86450.0
2447,1121,125,2023-12-05,1,10,99000.0
2448,1531,112,2025-06-28,1,11,19580.0
2449,1253,87,2024-09-10,1,8,25760.0
2450,435,106,2025-03-04,1,4,19200.0
2451,447,65,2023-09-14,1,11,195800.0
2452,610,78,2024-04-25,1,9,34580.0
2453,1567,20,2023-12-24,1,13,39150.0
2454,1633,21,2025-08-21,1,9,20930.0
2455,701,46,2024-12-28,1,5,45600.0
2456,1315,12,2025-10-16,1,6,47000.0
2457,922,145,2026-02-19,1,12,30800.0
2458,1802,59,2025-02-24,1,3,48500.0
2459,1300,27,2026-04-08,1,7,33480.0
2460,1451,106,2026-07-02,1,15,17000.0
2461,817,54,2024-06-01,1,8,110400.0
2462,330,18,2024-09-16,1,14,24080.0
2463,451,47,2023-09-21,1,3,77600.0
2464,704,10,2025-05-03,1,3,43650.0
2465,552,24,2024-07-27,1,13,41760.0
2466,913,74,2023-10-26,1,15,38250.0
2467,252,24,2026-05-18,1,12,42240.0
2468,1638,132,2023-10-27,1,3,23280.0
2469,613,61,2023-11-01,1,11,40050.0
2470,875,35,2024-12-17,1,14,30100.0
2471,1394,66,2024-10-23,1,12,167200.0
2472,606,28,2026-08-18,1,6,45120.0
2473,1922,81,2023-12-05,1,13,19140.0
2474,1986,15,2023-11-25,1,0,65000.0
2475,398,119,2026-04-30,1,9,1820000.0
2476,494,107,2025-12-21,1,11,22250.0
2477,1157,40,2025-06-03,1,6,28200.0
2478,627,27,2026-03-22,1,10,32400.0
2479,1706,39,2026-03-10,1,7,32550.0
2480,924,68,2023-09-30,1,11,204700.0
2481,1169,45,2025-10-15,1,6,39480.0
2482,1184,11,2024-06-11,1,15,40800.0
2483,919,131,2025-12-14,1,7,139500.0
2484,1731,38,2025-12-20,1,6,26320.0
2485,1597,135,2026-03-22,1,13,217500.0
2486,815,127,2026-08-25,1,8,50600.0
2487,1715,57,2023-11-16,1,3,40740.0
2488,1616,2,2023-12-03,1,9,29120.0
2489,1443,57,2026-03-27,1,6,39480.0
2490,209,56,2026-08-11,1,4,91200.0
2491,1082,76,2025-05-26,1,15,34000.0
2492,1113,97,2024-03-26,1,6,42300.0
2493,1544,39,2024-06-23,1,7,32550.0
2494,638,139,2025-04-05,1,6,28200.0
2495,1679,53,2026-08-09,1,12,57200.0
2496,895,131,2026-03-29,1,7,139500.0
2497,461,103,2024-04-07,1,4,17280.0
2498,1782,38,2026-05-22,1,2,27440.0
2499,27,34,2026-02-24,1,9,29120.0
2500,244,63,2026-04-18,1,2,37240.0
2501,1523,91,2023-11-02,1,1,25740.0
2502,1479,108,2025-07-04,1,13,26100.0
2503,819,5,2024-03-18,1,8,44160.0
2504,1861,115,2026-04-14,1,7,41850.0
2505,857,90,2024-04-01,1,7,20460.0
2506,910,138,2025-08-10,1,7,32550.0
2507,1018,63,2025-07-06,1,15,32300.0
2508,1559,104,2025-12-23,1,8,20240.0
2509,261,3,2023-11-06,1,13,33060.0
2510,1073,2,2025-06-04,1,3,31040.0
2511,1056,68,2025-11-19,1,6,216200.0
2512,1677,67,2025-10-16,1,6,235000.0
2513,1807,87,2024-04-23,1,12,24640.0
2514,754,119,2025-10-09,1,13,1740000.0
2515,172,14,2023-11-21,1,8,50600.0
2516,1777,24,2025-07-27,1,5,45600.0
2517,285,1,2025-12-13,1,8,22080.0
2518,1608,45,2023-12-18,1,6,39480.0
2519,56,77,2025-04-07,1,3,33950.0
2520,917,12,2025-10-11,1,9,45500.0
2521,7,94,2023-12-23,1,5,19000.0
2522,1202,136,2024-02-12,1,11,267000.0
2523,1539,2,2025-08-15,1,15,27200.0
2524,1081,45,2025-06-22,1,10,37800.0
2525,238,74,2026-02-15,1,7,41850.0
2526,61,110,2024-09-04,1,1,59400.0
2527,140,118,2024-07-28,1,0,3000000.0
2528,1972,46,2024-05-04,1,12,42240.0
2529,84,6,2025-03-11,1,14,53320.0
2530,1421,121,2023-09-18,1,6,216200.0
2531,1835,93,2023-11-25,1,8,12880.0
2532,1686,11,2024-06-01,1,7,44640.0
2533,493,31,2025-12-07,1,6,54520.0
2534,978,60,2023-10-18,1,1,89100.0
2535,742,47,2023-10-14,1,0,80000.0
2536,596,134,2026-07-05,1,4,43200.0
2537,1067,71,2026-05-09,1,15,4250000.0
2538,337,61,2024-11-05,1,3,43650.0
2539,846,104,2024-06-17,1,12,19360.0
2540,418,24,2026-03-27,1,13,41760.0
2541,1678,144,2026-02-14,1,7,26040.0
2542,686,14,2024-07-17,1,12,48400.0
2543,1481,45,2024-12-07,1,14,36120.0
2544,996,116,2026-01-28,1,0,60000.0
2545,90,25,2024-01-20,1,0,25000.0
2546,424,2,2024-06-02,1,7,29760.0
2547,1452,15,2024-09-05,1,2,63700.0
2548,1001,79,2023-12-17,1,3,82450.0
2549,1597,95,2025-06-03,1,9,13650.0
2550,54,81,2026-09-12,1,4,21120.0
2551,739,108,2024-05-30,1,9,27300.0
2552,218,126,2024-04-04,1,12,35200.0
2553,321,28,2025-05-30,1,1,47520.0
2554,1526,106,2025-01-14,1,2,19600.0
2555,100,54,2026-02-15,1,3,116400.0
2556,783,46,2023-09-27,1,14,41280.0
2557,918,99,2026-05-29,1,5,52250.0
2558,421,101,2025-04-24,1,1,346500.0
2559,894,102,2024-03-14,1,5,475000.0
2560,1453,76,2025-10-26,1,7,37200.0
2561,647,75,2024-10-27,1,1,21780.0
2562,1368,30,2025-11-20,1,1,47520.0
2563,1817,127,2025-10-03,1,6,51700.0
2564,977,106,2026-04-07,1,8,18400.0
2565,1262,127,2025-11-26,1,4,52800.0
2566,417,9,2024-07-02,1,2,22540.0
2567,499,126,2024-10-09,1,5,38000.0
2568,1884,52,2023-12-19,1,4,67200.0
2569,1957,15,2025-06-07,1,1,64350.0
2570,1875,124,2026-05-27,1,11,62300.0
2571,1446,92,2025-02-24,1,4,17280.0
2572,967,69,2023-10-17,1,11,178000.0
2573,487,47,2024-06-09,1,15,68000.0
2574,290,133,2023-10-03,1,8,27600.0
2575,1719,109,2026-07-26,1,1,44550.0
2576,312,45,2024-06-24,1,10,37800.0
2577,1036,104,2024-12-11,1,5,20900.0
2578,1518,53,2025-07-13,1,7,60450.0
2579,1871,37,2024-01-18,1,1,18810.0
2580,320,131,2024-09-17,1,7,139500.0
2581,86,134,2026-07-30,1,4,43200.0
2582,781,45,2025-09-24,1,4,40320.0
2583,1882,4,2025-03-15,1,2,83300.0
2584,1071,120,2024-11-28,1,7,232500.0
2585,1671,47,2026-05-05,1,15,68000.0
2586,923,134,2026-07-16,1,2,44100.0
2587,527,5,2023-12-15,1,6,45120.0
2588,1446,28,2025-03-12,1,3,46560.0
2589,464,44,2024-08-26,1,4,48000.0
2590,662,124,2024-09-07,1,0,70000.0
2591,1471,2,2024-09-28,1,12,28160.0
2592,1547,78,2025-04-23,1,7,35340.0
2593,1148,141,2025-10-09,1,4,26880.0
2594,1253,20,2024-03-14,1,1,44550.0
2595,798,96,2025-02-05,1,15,18700.0
2596,1433,2,2024-11-06,1,14,27520.0
2597,286,110,2025-12-17,1,15,51000.0
2598,386,55,2024-03-06,1,9,59150.0
2599,1528,65,2024-03-28,1,8,202400.0
2600,257,63,2026-09-07,1,4,36480.0
2601,1754,128,2024-09-19,1,4,76800.0
2602,1623,5,2026-01-25,1,3,46560.0
2603,1810,7,2026-06-18,1,12,48400.0
2604,700,69,2024-02-07,1,1,198000.0
2605,1719,38,2025-09-15,1,12,24640.0
2606,865,44,2025-05-10,1,4,48000.0
2607,1579,111,2025-12-21,1,3,53350.0
2608,1899,139,2025-11-26,1,6,28200.0
2609,837,117,2025-06-17,1,0,75000.0
2610,901,102,2026-05-08,1,13,435000.0
2611,686,25,2024-03-09,1,10,22500.0
2612,1820,116,2023-11-06,1,15,51000.0
2613,1054,68,2025-05-19,1,10,207000.0
2614,1068,117,2024-07-20,1,4,72000.0
2615,1389,30,2025-10-13,1,11,42720.0
2616,1012,109,2026-06-07,1,3,43650.0
2617,1117,36,2025-12-10,1,4,40320.0
2618,1723,56,2023-09-19,1,15,80750.0
2619,857,101,2024-05-28,1,14,301000.0
2620,544,70,2024-08-24,1,9,2730000.0
2621,751,74,2024-09-02,1,4,43200.0
2622,1716,44,2026-02-25,1,4,48000.0
2623,1377,121,2024-06-26,1,10,207000.0
2624,1999,57,2025-12-26,1,7,39060.0
2625,1895,27,2024-06-21,1,13,31320.0
2626,1556,19,2023-10-09,1,9,30030.0
2627,148,84,2026-02-24,1,3,33950.0
2628,236,64,2024-01-20,1,10,135000.0
2629,1214,17,2026-01-17,1,10,19800.0
2630,176,113,2026-07-08,1,7,27900.0
2631,409,123,2024-02-25,1,5,57000.0
2632,129,101,2023-11-27,1,9,318500.0
2633,881,56,2024-06-08,1,9,86450.0
2634,205,40,2023-12-10,1,1,29700.0
2635,1920,130,2026-08-06,1,13,82650.0
2636,1627,119,2025-07-25,1,10,1800000.0
2637,606,40,2025-05-14,1,10,27000.0
2638,1006,144,2026-01-21,1,2,27440.0
2639,652,109,2025-02-03,1,4,43200.0
2640,1769,41,2026-07-01,1,14,21500.0
2641,1414,3,2026-02-07,1,7,35340.0
2642,872,79,2023-11-04,1,2,83300.0
2643,1783,84,2025-11-03,1,11,31150.0
2644,569,52,2026-05-19,1,1,69300.0
2645,1583,138,2023-11-30,1,1,34650.0
2646,748,102,2026-07-23,1,6,470000.0
2647,739,56,2025-10-09,1,9,86450.0
2648,661,12,2024-10-19,1,11,44500.0
2649,1565,140,2023-12-20,1,4,20160.0
2650,455,119,2023-11-04,1,10,1800000.0
2651,614,21,2023-09-28,1,2,22540.0
2652,19,117,2025-07-05,1,1,74250.0
2653,833,41,2025-11-25,1,4,24000.0
2654,369,5,2024-11-02,1,8,44160.0
2655,619,79,2026-03-26,1,11,75650.0
2656,1706,113,2024-12-16,1,11,26700.0
2657,1370,130,2024-04-23,1,0,95000.0
2658,1346,34,2023-11-24,1,12,28160.0
2659,1803,19,2026-05-05,1,1,32670.0
2660,1622,123,2025-08-16,1,8,55200.0
2661,930,33,2023-10-01,1,14,22360.0
2662,866,28,2024-06-03,1,4,46080.0
2663,252,103,2024-05-15,1,10,16200.0
2664,1603,76,2026-02-02,1,14,34400.0
2665,1430,54,2025-11-14,1,15,102000.0
2666,408,4,2026-05-28,1,9,77350.0
2667,810,105,2025-04-30,1,12,26400.0
2668,1206,119,2026-04-30,1,11,1780000.0
2669,1735,142,2024-10-20,1,3,36860.0
2670,663,87,2026-03-28,1,5,26600.0
2671,334,54,2026-07-18,1,0,120000.0
2672,903,121,2025-05-09,1,7,213900.0
2673,395,29,2025-08-03,1,0,39000.0
2674,1097,111,2024-05-28,1,12,48400.0
2675,1922,15,2025-06-26,1,1,64350.0
2676,192,101,2024-10-15,1,13,304500.0
2677,73,52,2026-04-16,1,10,63000.0
2678,1864,78,2024-01-19,1,15,32300.0
2679,1174,33,2023-09-24,1,7,24180.0
2680,376,28,2026-06-30,1,10,43200.0
2681,198,22,2026-08-25,1,2,31360.0
2682,1233,28,2024-12-12,1,4,46080.0
2683,952,137,2025-01-05,1,4,21120.0
2684,750,144,2024-08-21,1,14,24080.0
2685,107,93,2024-03-14,1,1,13860.0
2686,624,76,2024-05-17,1,1,39600.0
2687,1375,39,2025-12-03,1,4,33600.0
2688,1540,99,2026-02-17,1,14,47300.0
2689,1570,21,2024-06-11,1,4,22080.0
2690,1991,108,2024-06-29,1,4,28800.0
2691,838,26,2024-08-25,1,9,29120.0
2692,63,113,2024-03-08,1,5,28500.0
2693,702,3,2024-07-09,1,15,32300.0
2694,719,105,2025-09-04,1,13,26100.0
2695,1308,10,2026-02-09,1,5,42750.0
2696,883,138,2026-05-14,1,5,33250.0
2697,1433,47,2024-04-19,1,14,68800.0
2698,1488,9,2026-07-10,1,7,21390.0
2699,1507,118,2026-07-23,1,3,2910000.0
2700,1474,103,2025-03-11,1,1,17820.0
2701,228,71,2025-03-26,1,3,4850000.0
2702,412,11,2024-11-17,1,2,47040.0
2703,465,56,2024-07-26,1,7,88350.0
2704,623,79,2026-02-18,1,10,76500.0
2705,509,8,2023-11-15,1,10,67500.0
2706,100,18,2025-10-21,1,13,24360.0
2707,1815,144,2026-05-06,1,7,26040.0
2708,1853,44,2024-04-30,1,12,44000.0
2709,1372,145,2025-09-29,1,9,31850.0
2710,824,67,2026-01-11,1,12,220000.0
2711,1256,94,2024-03-01,1,9,18200.0
2712,276,75,2024-04-25,1,9,20020.0
2713,923,59,2026-03-09,1,10,45000.0
2714,204,142,2024-02-01,1,11,33820.0
2715,1868,12,2025-12-18,1,0,50000.0
2716,159,90,2024-04-05,1,13,19140.0
2717,194,139,2024-06-19,1,2,29400.0
2718,1163,114,2026-05-27,1,6,26320.0
2719,741,3,2024-11-18,1,14,32680.0
2720,1087,89,2024-08-07,1,3,14550.0
2721,1246,110,2025-01-28,1,4,57600.0
2722,1390,93,2026-08-31,1,14,12040.0
2723,700,56,2023-10-01,1,10,85500.0
2724,1859,67,2025-12-07,1,1,247500.0
2725,149,6,2023-09-29,1,14,53320.0
2726,517,5,2023-12-18,1,7,44640.0
2727,129,67,2025-09-16,1,10,225000.0
2728,1267,71,2025-07-23,1,2,4900000.0
2729,132,13,2025-10-13,1,4,40320.0
2730,585,119,2025-07-09,1,8,1840000.0
2731,1152,45,2023-09-17,1,0,42000.0
2732,347,30,2026-06-23,1,9,43680.0
2733,772,75,2023-11-18,1,10,19800.0
2734,560,36,2025-03-02,1,10,37800.0
2735,1138,105,2023-10-31,1,13,26100.0
2736,1407,35,2024-11-14,1,6,32900.0
2737,1282,78,2026-05-17,1,2,37240.0
2738,1917,46,2025-07-20,1,0,48000.0
2739,499,48,2026-03-15,1,0,90000.0
2740,465,46,2024-12-20,1,8,44160.0
2741,1797,25,2024-07-20,1,13,21750.0
2742,735,38,2024-12-14,1,4,26880.0
2743,364,15,2026-02-20,1,0,65000.0
2744,631,25,2025-07-15,1,6,23500.0
2745,611,5,2026-04-09,1,4,46080.0
2746,1312,57,2024-09-11,1,2,41160.0
2747,199,111,2023-10-18,1,9,50050.0
2748,850,30,2024-12-21,1,12,42240.0
2749,229,38,2026-08-11,1,6,26320.0
2750,1907,133,2026-05-09,1,1,29700.0
2751,1079,17,2023-10-29,1,14,18920.0
2752,1335,27,2026-07-06,1,9,32760.0
2753,1535,115,2026-04-10,1,2,44100.0
2754,663,56,2026-05-10,1,14,81700.0
2755,1643,5,2025-09-26,1,0,48000.0
2756,1491,8,2024-03-12,1,12,66000.0
2757,511,28,2025-09-26,1,1,47520.0
2758,826,121,2024-07-11,1,4,220800.0
2759,1839,143,2026-07-24,1,15,17000.0
2760,893,74,2024-09-06,1,7,41850.0
2761,1780,36,2026-01-15,1,7,39060.0
2762,1203,87,2024-03-15,1,13,24360.0
2763,1229,71,2024-12-15,1,15,4250000.0
2764,1918,70,2024-01-02,1,7,2790000.0
2765,1858,110,2024-05-18,1,4,57600.0
2766,366,100,2025-06-03,1,10,225000.0
2767,1873,102,2024-10-25,1,2,490000.0
2768,1685,125,2025-07-06,1,3,106700.0
2769,1335,7,2026-06-12,1,0,55000.0
2770,502,95,2024-11-26,1,3,14550.0
2771,1110,99,2025-10-25,1,5,52250.0
2772,414,40,2025-06-15,1,1,29700.0
2773,1819,60,2025-02-09,1,6,84600.0
2774,1084,69,2025-05-18,1,9,182000.0
2775,281,13,2024-09-09,1,2,41160.0
2776,763,12,2024-11-25,1,15,42500.0
2777,224,31,2023-11-20,1,10,52200.0
2778,315,105,2025-03-06,1,2,29400.0
2779,755,130,2026-04-25,1,9,86450.0
2780,578,127,2024-08-20,1,7,51150.0
2781,1298,10,2024-02-09,1,12,39600.0
2782,254,110,2024-10-06,1,1,59400.0
2783,1943,52,2026-08-08,1,6,65800.0
2784,157,7,2023-12-28,1,9,50050.0
2785,949,84,2026-01-29,1,13,30450.0
2786,279,75,2026-04-19,1,4,21120.0
2787,1278,52,2026-04-18,1,2,68600.0
2788,1369,118,2025-08-21,1,1,2970000.0
2789,851,1,2025-08-29,1,5,22800.0
2790,748,118,2025-02-02,1,2,2940000.0
2791,661,18,2026-05-05,1,3,27160.0
2792,832,48,2024-10-18,1,2,88200.0
2793,402,8,2024-09-16,1,1,74250.0
2794,879,18,2025-08-04,1,12,24640.0
2795,1158,132,2024-10-08,1,7,22320.0
2796,915,98,2025-12-27,1,3,48500.0
2797,318,53,2023-10-25,1,11,57850.0
2798,606,13,2026-04-10,1,0,42000.0
2799,341,126,2024-05-26,1,10,36000.0
2800,56,42,2026-01-09,1,3,38800.0
2801,1427,125,2024-06-28,1,9,100100.0
2802,1914,61,2023-11-25,1,15,38250.0
2803,695,107,2026-04-16,1,8,23000.0
2804,1200,51,2024-07-06,1,7,44640.0
2805,100,100,2025-08-28,1,6,235000.0
2806,391,67,2026-01-06,1,3,242500.0
2807,83,21,2024-05-27,1,4,22080.0
2808,1698,125,2026-05-08,1,12,96800.0
2809,1227,15,2026-03-30,1,2,63700.0
2810,340,12,2025-05-30,1,13,43500.0
2811,392,108,2024-08-26,1,0,30000.0
2812,1605,70,2024-04-16,1,14,2580000.0
2813,1233,90,2026-04-10,1,1,21780.0
2814,1336,15,2026-09-12,1,9,59150.0
2815,945,74,2023-12-26,1,11,40050.0
2816,639,3,2024-02-27,1,3,36860.0
2817,175,67,2026-05-09,1,2,245000.0
2818,1478,37,2026-07-12,1,6,17860.0
2819,1680,15,2025-08-06,1,7,60450.0
2820,1125,7,2024-07-19,1,11,48950.0
2821,1557,130,2025-02-22,1,4,91200.0
2822,1038,10,2026-06-29,1,12,39600.0
2823,487,119,2024-05-28,1,2,1960000.0
2824,677,16,2024-12-26,1,3,82450.0
2825,1251,84,2024-11-25,1,3,33950.0
2826,46,141,2025-10-28,1,8,25760.0
2827,1654,17,2026-02-13,1,10,19800.0
2828,1884,99,2024-01-08,1,1,54450.0
2829,965,110,2024-12-13,1,0,60000.0
2830,1303,134,2024-06-06,1,3,43650.0
2831,587,88,2023-09-22,1,11,31150.0
2832,132,35,2026-04-29,1,9,31850.0
2833,551,142,2024-01-14,1,11,33820.0
2834,1725,68,2024-02-14,1,1,227700.0
2835,185,9,2024-11-05,1,10,20700.0
2836,379,46,2025-12-28,1,6,45120.0
2837,1509,138,2024-01-08,1,9,31850.0
2838,1282,16,2025-07-13,1,15,72250.0
2839,509,119,2026-02-13,1,11,1780000.0
2840,1752,55,2025-11-22,1,8,59800.0
2841,886,10,2024-04-21,1,0,45000.0
2842,1249,15,2024-01-06,1,1,64350.0
2843,77,68,2024-11-14,1,3,223100.0
2844,435,122,2024-06-03,1,4,576000.0
2845,180,21,2025-06-04,1,9,20930.0
2846,859,5,2023-09-17,1,3,46560.0
2847,1372,145,2024-06-15,1,8,32200.0
2848,58,6,2025-04-06,1,14,53320.0
2849,1082,55,2024-11-29,1,13,56550.0
2850,1436,115,2024-06-08,1,8,41400.0
2851,846,64,2025-08-14,1,13,130500.0
2852,1816,128,2024-07-17,1,4,76800.0
2853,1343,93,2024-08-06,1,2,13720.0
2854,197,105,2025-01-22,1,4,28800.0
2855,607,66,2025-07-04,1,6,178600.0
2856,236,91,2024-04-01,1,13,22620.0
2857,981,2,2025-05-03,1,9,29120.0
2858,28,130,2024-05-06,1,13,82650.0
2859,783,19,2025-10-09,1,0,33000.0
2860,219,5,2024-03-26,1,10,43200.0
2861,1818,29,2025-02-26,1,13,33930.0
2862,1331,90,2026-06-27,1,2,21560.0
2863,1641,2,2025-04-28,1,12,28160.0
2864,340,32,2025-12-24,1,8,71760.0
2865,759,100,2024-07-29,1,9,227500.0
2866,1504,51,2025-11-11,1,6,45120.0
2867,1061,129,2025-02-22,1,7,79050.0
2868,1410,28,2026-03-25,1,4,46080.0
2869,1633,73,2025-05-06,1,2,34300.0
2870,1697,64,2024-08-23,1,4,144000.0
2871,134,3,2024-01-24,1,7,35340.0
2872,975,18,2023-12-24,1,12,24640.0
2873,1944,118,2026-01-15,1,11,2670000.0
2874,567,13,2026-03-26,1,3,40740.0
2875,1809,107,2024-04-09,1,5,23750.0
2876,1680,104,2024-12-16,1,2,21560.0
2877,1766,101,2023-11-20,1,8,322000.0
2878,717,76,2025-12-10,1,12,35200.0
2879,594,54,2024-11-03,1,1,118800.0
2880,516,42,2025-06-18,1,4,38400.0
2881,1353,129,2026-07-16,1,10,76500.0
2882,1408,20,2025-12-12,1,11,40050.0
2883,289,100,2026-04-05,1,2,245000.0
2884,1170,136,2026-07-27,1,9,273000.0
2885,1410,36,2024-09-09,1,13,36540.0
2886,131,57,2025-01-27,1,4,40320.0
2887,1419,43,2024-06-30,1,3,58200.0
2888,1353,6,2025-07-13,1,10,55800.0
2889,1356,82,2025-04-25,1,5,26600.0
2890,1600,141,2026-09-06,1,8,25760.0
2891,1568,102,2024-08-24,1,7,465000.0
2892,872,145,2025-03-09,1,6,32900.0
2893,336,65,2026-04-13,1,3,213400.0
2894,609,128,2023-10-20,1,12,70400.0
2895,668,84,2025-04-26,1,7,32550.0
2896,741,93,2024-01-08,1,6,13160.0
2897,908,67,2026-09-03,1,10,225000.0
2898,1397,92,2024-03-26,1,4,17280.0
2899,761,105,2024-07-27,1,4,28800.0
2900,1539,86,2024-04-08,1,7,18600.0
2901,94,5,2024-10-23,1,12,42240.0
2902,269,141,2025-12-12,1,12,24640.0
2903,1490,38,2024-03-01,1,11,24920.0
2904,1395,138,2026-04-11,1,10,31500.0
2905,490,76,2026-05-03,1,12,35200.0
2906,780,134,2026-02-28,1,3,43650.0
2907,1320,79,2024-05-24,1,1,84150.0
2908,701,36,2026-08-10,1,10,37800.0
2909,691,20,2024-11-16,1,6,42300.0
2910,107,116,2025-07-29,1,15,51000.0
2911,1198,27,2024-09-28,1,4,34560.0
2912,1480,12,2024-04-16,1,14,43000.0
2913,149,69,2026-07-22,1,15,170000.0
2914,1794,50,2024-08-05,1,13,50460.0
2915,1243,49,2026-08-02,1,7,41850.0
2916,760,48,2024-10-18,1,0,90000.0
2917,1661,23,2025-08-25,1,13,34800.0
2918,645,4,2023-09-16,1,2,83300.0
2919,1927,129,2026-06-17,1,8,78200.0
2920,1188,141,2024-10-28,1,5,26600.0
2921,1695,95,2025-01-07,1,1,14850.0
2922,975,64,2026-05-28,1,14,129000.0
2923,645,122,2025-05-11,1,13,522000.0
2924,1251,92,2026-07-06,1,5,17100.0
2925,1756,60,2023-12-15,1,1,89100.0
2926,156,73,2024-01-23,1,11,31150.0
2927,615,37,2024-12-26,1,2,18620.0
2928,1012,109,2023-11-18,1,7,41850.0
2929,33,60,2025-02-08,1,2,88200.0
2930,884,113,2024-10-24,1,12,26400.0
2931,1733,28,2026-02-28,1,12,42240.0
2932,174,90,2024-02-02,1,10,19800.0
2933,239,54,2024-11-22,1,0,120000.0
2934,1113,104,2026-08-29,1,12,19360.0
2935,1626,77,2025-02-03,1,0,35000.0
2936,1303,75,2025-06-06,1,0,22000.0
2937,1997,24,2024-02-01,1,7,44640.0
2938,506,55,2026-08-07,1,2,63700.0
2939,103,86,2026-06-15,1,8,18400.0
2940,323,136,2024-04-23,1,8,276000.0
2941,733,95,2025-06-27,1,10,13500.0
2942,192,37,2025-12-10,1,8,17480.0
2943,325,127,2024-07-11,1,12,48400.0
2944,1401,28,2025-11-06,1,5,45600.0
2945,1511,113,2025-08-09,1,7,27900.0
2946,1086,68,2025-06-26,1,11,204700.0
2947,1964,11,2025-05-09,1,9,43680.0
2948,130,32,2025-02-24,1,5,74100.0
2949,395,58,2025-04-07,1,2,47040.0
2950,230,8,2024-11-09,1,7,69750.0
2951,652,98,2024-09-23,1,4,48000.0
2952,129,83,2026-03-04,1,14,30100.0
2953,1668,23,2024-04-02,1,14,34400.0
2954,1539,113,2023-10-21,1,9,27300.0
2955,58,91,2025-05-02,1,15,22100.0
2956,1685,74,2023-10-25,1,10,40500.0
2957,1217,53,2024-01-30,1,8,59800.0
2958,1213,113,2026-05-06,1,9,27300.0
2959,766,132,2025-11-14,1,13,20880.0
2960,1613,51,2024-06-29,1,6,45120.0
2961,1618,18,2023-10-22,1,7,26040.0
2962,190,26,2025-12-21,1,5,30400.0
2963,1152,56,2024-09-04,1,6,89300.0
2964,965,39,2024-01-11,1,11,31150.0
2965,376,39,2024-01-21,1,1,34650.0
2966,81,42,2025-06-26,1,0,40000.0
2967,679,36,2025-01-01,1,15,35700.0
2968,1811,2,2024-05-03,1,13,27840.0
2969,857,110,2025-12-21,1,10,54000.0
2970,1715,7,2026-07-17,1,13,47850.0
2971,872,42,2026-08-01,1,3,38800.0
2972,646,72,2024-10-18,1,12,24640.0
2973,1417,132,2026-04-11,1,15,20400.0
2974,1225,17,2026-05-06,1,11,19580.0
2975,652,130,2024-09-10,1,7,88350.0
2976,731,108,2024-11-24,1,3,29100.0
2977,755,2,2026-04-23,1,10,28800.0
2978,856,105,2024-10-16,1,0,30000.0
2979,1127,41,2026-05-30,1,12,22000.0
2980,1215,81,2025-09-05,1,0,22000.0
2981,331,88,2026-08-11,1,4,33600.0
2982,1071,36,2026-06-07,1,13,36540.0
2983,655,15,2026-02-01,1,3,63050.0
2984,175,117,2026-01-10,1,13,65250.0
2985,549,53,2024-12-12,1,14,55900.0
2986,1211,57,2023-11-03,1,11,37380.0
2987,1074,42,2023-09-15,1,6,37600.0
2988,1208,25,2026-08-18,1,6,23500.0
2989,264,114,2026-02-24,1,0,28000.0
2990,217,60,2025-03-10,1,5,85500.0
2991,501,138,2025-11-21,1,2,34300.0
2992,1055,145,2024-04-06,1,13,30450.0
2993,140,39,2026-07-09,1,14,30100.0
2994,633,66,2026-04-23,1,10,171000.0
2995,338,86,2024-04-18,1,12,17600.0
2996,1822,57,2025-10-05,1,4,40320.0
2997,1938,121,2024-01-29,1,15,195500.0
2998,1163,51,2026-06-16,1,9,43680.0
2999,1810,94,2026-01-11,1,13,17400.0
3000,1600,51,2026-02-10,1,11,42720.0
3001,952,122,2024-07-31,1,8,552000.0
3002,178,72,2025-04-10,1,7,26040.0
3003,1913,100,2026-07-06,1,13,217500.0
3004,1115,1,2026-02-11,1,2,23520.0
3005,347,88,2024-04-22,1,9,31850.0
3006,1693,76,2025-12-26,1,10,36000.0
3007,1345,26,2024-09-14,1,7,29760.0
3008,1774,26,2024-01-23,1,3,31040.0
3009,1762,89,2025-10-01,1,4,14400.0
3010,620,98,2025-05-31,1,3,48500.0
3011,1796,37,2024-04-20,1,7,17670.0
3012,1741,96,2025-11-10,1,12,19360.0
3013,1146,29,2026-03-25,1,11,34710.0
3014,2000,104,2026-06-16,1,4,21120.0
3015,1009,44,2024-07-24,1,14,43000.0
3016,419,118,2024-12-28,1,10,2700000.0
3017,219,94,2024-12-03,1,0,20000.0
3018,302,95,2025-10-25,1,9,13650.0
3019,659,130,2023-09-28,1,4,91200.0
3020,1059,53,2025-03-30,1,8,59800.0
3021,1999,78,2025-07-22,1,9,34580.0
3022,437,36,2024-02-06,1,2,41160.0
3023,120,4,2024-02-10,1,3,82450.0
3024,552,17,2025-09-03,1,8,20240.0
3025,1259,18,2025-11-06,1,0,28000.0
3026,924,142,2023-12-13,1,2,37240.0
3027,956,19,2024-10-09,1,12,29040.0
3028,1863,85,2026-04-19,1,6,45120.0
3029,1817,105,2025-03-09,1,14,25800.0
3030,1838,9,2025-11-07,1,14,19780.0
3031,1235,83,2025-07-25,1,2,34300.0
3032,1608,76,2026-05-28,1,14,34400.0
3033,1461,94,2024-12-13,1,4,19200.0
3034,1762,115,2024-05-06,1,10,40500.0
3035,1167,64,2023-09-14,1,7,139500.0
3036,1427,116,2024-09-03,1,9,54600.0
3037,853,47,2026-02-07,1,10,72000.0
3038,697,32,2026-07-06,1,7,72540.0
3039,872,118,2024-07-31,1,7,2790000.0
3040,1647,97,2024-02-11,1,4,43200.0
3041,1741,31,2024-11-26,1,3,56260.0
3042,383,131,2026-07-05,1,11,133500.0
3043,464,117,2024-02-25,1,6,70500.0
3044,572,32,2025-06-24,1,7,72540.0
3045,1105,13,2024-02-15,1,2,41160.0
3046,706,135,2025-03-07,1,4,240000.0
3047,893,144,2025-02-15,1,3,27160.0
3048,294,130,2025-01-25,1,12,83600.0
3049,1631,22,2024-07-12,1,1,31680.0
3050,1104,121,2025-02-26,1,5,218500.0
3051,907,4,2025-06-20,1,4,81600.0
3052,819,5,2026-01-05,1,1,47520.0
3053,921,21,2026-04-01,1,14,19780.0
3054,961,143,2023-11-01,1,5,19000.0
3055,1662,54,2025-08-15,1,0,120000.0
3056,1580,126,2025-01-26,1,2,39200.0
3057,1553,51,2024-11-18,1,11,42720.0
3058,1187,25,2024-04-24,1,12,22000.0
3059,1960,129,2023-11-21,1,2,83300.0
3060,780,44,2025-01-13,1,5,47500.0
3061,631,95,2026-04-15,1,7,13950.0
3062,887,14,2025-04-12,1,15,46750.0
3063,1828,61,2026-04-20,1,7,41850.0
3064,669,37,2023-11-28,1,13,16530.0
3065,1631,85,2024-09-27,1,1,47520.0
3066,1115,139,2024-12-15,1,6,28200.0
3067,172,53,2025-11-24,1,1,64350.0
3068,1918,143,2025-08-19,1,8,18400.0
3069,1536,78,2025-09-15,1,7,35340.0
3070,120,58,2025-02-27,1,7,44640.0
3071,839,136,2026-05-09,1,2,294000.0
3072,1085,113,2025-02-10,1,11,26700.0
3073,1349,36,2025-12-23,1,3,40740.0
3074,414,134,2024-10-21,1,15,38250.0
3075,227,11,2024-04-06,1,14,41280.0
3076,1044,2,2026-02-24,1,7,29760.0
3077,239,35,2024-05-23,1,1,34650.0
3078,584,124,2026-09-03,1,3,67900.0
3079,52,27,2024-08-28,1,3,34920.0
3080,1808,26,2025-01-13,1,15,27200.0
3081,887,58,2023-10-05,1,10,43200.0
3082,666,127,2025-05-23,1,6,51700.0
3083,1089,143,2024-04-11,1,5,19000.0
3084,1952,9,2024-05-24,1,6,21620.0
3085,972,141,2026-02-25,1,14,24080.0
3086,268,139,2023-12-08,1,7,27900.0
3087,812,14,2025-01-24,1,1,54450.0
3088,1105,114,2024-12-16,1,7,26040.0
3089,1615,10,2025-03-03,1,7,41850.0
3090,362,21,2024-06-22,1,7,21390.0
3091,809,69,2025-08-11,1,11,178000.0
3092,1839,68,2025-04-09,1,7,213900.0
3093,187,118,2026-03-12,1,5,2850000.0
3094,1462,84,2025-01-09,1,14,30100.0
3095,317,110,2024-04-03,1,10,54000.0
3096,1930,9,2024-09-16,1,10,20700.0
3097,886,75,2025-07-24,1,3,21340.0
3098,1832,73,2024-05-01,1,0,35000.0
3099,99,90,2025-11-18,1,3,21340.0
3100,138,7,2026-06-06,1,7,51150.0
3101,880,44,2024-08-20,1,5,47500.0
3102,1512,100,2026-03-15,1,8,230000.0
3103,676,134,2024-12-06,1,15,38250.0
3104,762,25,2026-04-03,1,11,22250.0
3105,1778,29,2024-01-09,1,11,34710.0
3106,644,11,2024-12-18,1,13,41760.0
3107,1043,17,2025-12-02,1,3,21340.0
3108,979,129,2025-01-20,1,8,78200.0
3109,1632,99,2024-06-18,1,7,51150.0
3110,541,132,2024-08-01,1,15,20400.0
3111,1948,33,2025-08-27,1,7,24180.0
3112,1999,60,2024-02-11,1,13,78300.0
3113,1797,79,2024-05-03,1,15,72250.0
3114,1970,1,2025-01-19,1,12,21120.0
3115,61,119,2026-07-07,1,7,1860000.0
3116,1649,87,2024-04-25,1,10,25200.0
3117,492,85,2023-12-20,1,1,47520.0
3118,1,28,2026-08-30,1,4,46080.0
3119,1988,102,2025-11-28,1,12,440000.0
3120,756,17,2023-10-17,1,7,20460.0
3121,698,129,2024-10-21,1,12,74800.0
3122,1346,101,2024-03-15,1,3,339500.0
3123,1052,117,2024-08-25,1,3,72750.0
3124,921,140,2024-07-23,1,15,17850.0
3125,164,66,2024-02-26,1,3,184300.0
3126,360,138,2026-09-10,1,2,34300.0
3127,445,66,2025-10-24,1,6,178600.0
3128,104,7,2023-12-11,1,1,54450.0
3129,735,121,2024-08-22,1,1,227700.0
3130,1434,85,2026-02-03,1,12,42240.0
3131,1610,11,2023-12-18,1,13,41760.0
3132,913,101,2024-11-14,1,7,325500.0
3133,1675,122,2024-07-14,1,5,570000.0
3134,107,124,2026-02-23,1,7,65100.0
3135,1877,69,2024-04-06,1,15,170000.0
3136,1560,67,2025-10-14,1,3,242500.0
3137,1906,83,2024-01-08,1,8,32200.0
3138,487,93,2026-06-27,1,10,12600.0
3139,826,21,2026-01-02,1,0,23000.0
3140,1504,131,2023-12-06,1,6,141000.0
3141,1048,108,2026-08-24,1,11,26700.0
3142,118,15,2025-06-06,1,11,57850.0
3143,1802,61,2024-06-13,1,2,44100.0
3144,1869,53,2026-03-19,1,4,62400.0
3145,604,41,2024-03-07,1,11,22250.0
3146,1430,24,2024-03-22,1,15,40800.0
3147,1082,30,2024-09-15,1,15,40800.0
3148,901,32,2025-08-29,1,10,70200.0
3149,1369,118,2026-07-09,1,15,2550000.0
3150,280,144,2025-04-22,1,0,28000.0
3151,1722,105,2024-06-08,1,7,27900.0
3152,1242,43,2023-11-23,1,11,53400.0
3153,122,13,2024-03-07,1,1,41580.0
3154,56,85,2025-03-29,1,13,41760.0
3155,184,67,2024-03-03,1,14,215000.0
3156,647,93,2026-01-15,1,2,13720.0
3157,1757,5,2024-05-28,1,11,42720.0
3158,963,73,2025-02-16,1,12,30800.0
3159,737,81,2024-02-20,1,0,22000.0
3160,1368,12,2025-11-08,1,12,44000.0
3161,224,103,2026-08-12,1,9,16380.0
3162,1396,129,2023-10-14,1,2,83300.0
3163,562,126,2025-10-12,1,10,36000.0
3164,185,117,2024-03-06,1,12,66000.0
3165,1855,23,2025-08-22,1,2,39200.0
3166,627,25,2026-08-29,1,14,21500.0
3167,1628,31,2024-03-08,1,11,51620.0
3168,1227,8,2025-04-26,1,10,67500.0
3169,638,97,2026-01-18,1,8,41400.0
3170,609,84,2026-04-10,1,3,33950.0
3171,1937,39,2026-07-23,1,10,31500.0
3172,195,141,2025-11-04,1,4,26880.0
3173,1940,28,2024-01-11,1,0,48000.0
3174,1200,70,2024-12-01,1,8,2760000.0
3175,1202,99,2025-08-06,1,1,54450.0
3176,127,123,2025-01-19,1,9,54600.0
3177,1179,112,2025-07-21,1,3,21340.0
3178,1041,90,2025-10-31,1,11,19580.0
3179,1867,145,2024-12-28,1,10,31500.0
3180,568,105,2025-07-31,1,12,26400.0
3181,42,79,2026-09-09,1,4,81600.0
3182,1861,7,2025-04-25,1,15,46750.0
3183,594,42,2023-11-20,1,1,39600.0
3184,1038,25,2024-09-24,1,1,24750.0
3185,135,15,2025-08-21,1,0,65000.0
3186,1656,134,2025-01-07,1,15,38250.0
3187,1543,3,2024-01-01,1,3,36860.0
3188,223,56,2026-05-07,1,2,93100.0
3189,1196,55,2024-11-24,1,2,63700.0
3190,1607,20,2025-05-03,1,6,42300.0
3191,1020,83,2026-05-17,1,7,32550.0
3192,1590,122,2026-05-07,1,15,510000.0
3193,328,20,2023-10-15,1,0,45000.0
3194,1361,100,2023-10-02,1,8,230000.0
3195,555,106,2024-08-10,1,9,18200.0
3196,1976,91,2026-08-13,1,6,24440.0
3197,855,98,2025-01-07,1,10,45000.0
3198,1074,122,2025-11-04,1,11,534000.0
3199,1447,58,2025-09-28,1,13,41760.0
3200,1538,116,2026-07-27,1,3,58200.0
3201,975,48,2024-08-18,1,3,87300.0
3202,1256,115,2024-08-25,1,15,38250.0
3203,1237,16,2023-12-15,1,14,73100.0
3204,201,104,2025-03-14,1,2,21560.0
3205,417,76,2026-05-03,1,7,37200.0
3206,895,16,2025-05-08,1,7,79050.0
3207,1798,111,2025-03-24,1,6,51700.0
3208,1817,42,2025-01-21,1,1,39600.0
3209,296,66,2023-11-29,1,2,186200.0
3210,1514,125,2024-06-25,1,5,104500.0
3211,1500,39,2025-05-03,1,8,32200.0
3212,769,127,2024-07-22,1,10,49500.0
3213,1859,95,2024-04-13,1,6,14100.0
3214,1052,14,2026-07-27,1,13,47850.0
3215,1377,25,2024-01-11,1,10,22500.0
3216,1951,142,2025-04-02,1,7,35340.0
3217,1414,134,2026-03-29,1,1,44550.0
3218,928,24,2025-04-28,1,4,46080.0
3219,954,89,2024-10-01,1,11,13350.0
3220,1972,77,2023-10-03,1,11,31150.0
3221,167,32,2024-07-11,1,14,67080.0
3222,1204,9,2025-02-05,1,6,21620.0
3223,883,110,2026-04-19,1,0,60000.0
3224,720,122,2026-06-07,1,2,588000.0
3225,249,5,2025-12-29,1,1,47520.0
3226,983,111,2026-06-26,1,5,52250.0
3227,588,143,2026-04-29,1,14,17200.0
3228,818,27,2024-05-25,1,12,31680.0
3229,1723,51,2025-06-09,1,5,45600.0
3230,733,91,2024-07-20,1,10,23400.0
3231,1383,10,2026-01-24,1,2,44100.0
3232,659,124,2026-05-24,1,8,64400.0
3233,1404,71,2024-01-13,1,7,4650000.0
3234,204,139,2025-11-09,1,10,27000.0
3235,1840,10,2024-04-05,1,1,44550.0
3236,1238,77,2024-02-03,1,1,34650.0
3237,39,142,2026-07-31,1,0,38000.0
3238,727,53,2024-03-29,1,15,55250.0
3239,1708,109,2025-12-27,1,4,43200.0
3240,636,97,2023-12-12,1,6,42300.0
3241,1144,44,2024-11-19,1,7,46500.0
3242,1197,108,2026-05-17,1,5,28500.0
3243,328,50,2026-02-04,1,12,51040.0
3244,1723,101,2024-02-05,1,8,322000.0
3245,680,52,2024-11-20,1,10,63000.0
3246,198,78,2023-10-24,1,0,38000.0
3247,1102,69,2025-10-15,1,5,190000.0
3248,852,62,2026-01-03,1,14,44720.0
3249,139,8,2026-08-18,1,0,75000.0
3250,790,112,2024-06-13,1,0,22000.0
3251,465,102,2024-10-08,1,9,455000.0
3252,657,58,2024-08-31,1,3,46560.0
3253,1736,54,2025-07-17,1,11,106800.0
3254,1671,26,2025-12-01,1,6,30080.0
3255,675,73,2024-12-12,1,11,31150.0
3256,1727,36,2024-04-02,1,15,35700.0
3257,920,130,2026-07-17,1,6,89300.0
3258,191,108,2025-05-11,1,7,27900.0
3259,1279,103,2026-02-07,1,13,15660.0
3260,465,48,2024-12-08,1,6,84600.0
3261,1754,69,2025-10-11,1,15,170000.0
3262,1427,66,2024-12-16,1,11,169100.0
3263,174,90,2024-04-12,1,13,19140.0
3264,1077,78,2024-09-23,1,9,34580.0
3265,1855,139,2026-06-25,1,8,27600.0
3266,660,104,2025-04-08,1,3,21340.0
3267,1341,111,2026-06-25,1,8,50600.0
3268,1703,139,2025-08-21,1,2,29400.0
3269,535,41,2023-10-08,1,15,21250.0
3270,101,24,2025-01-02,1,8,44160.0
3271,1778,41,2025-10-18,1,11,22250.0
3272,1284,5,2025-08-26,1,6,45120.0
3273,310,117,2023-12-23,1,1,74250.0
3274,1688,28,2026-03-13,1,3,46560.0
3275,275,140,2026-07-26,1,14,18060.0
3276,1040,40,2024-04-18,1,1,29700.0
3277,951,31,2025-10-06,1,14,49880.0
3278,433,54,2023-09-30,1,9,109200.0
3279,1003,27,2025-06-20,1,5,34200.0
3280,579,50,2024-07-24,1,9,52780.0
3281,549,107,2026-05-09,1,5,23750.0
3282,1141,65,2026-02-26,1,5,209000.0
3283,201,24,2025-09-02,1,0,48000.0
3284,839,67,2025-05-16,1,6,235000.0
3285,344,56,2024-06-03,1,15,80750.0
3286,1717,4,2026-03-08,1,6,79900.0
3287,1629,10,2025-11-13,1,4,43200.0
3288,172,112,2024-09-28,1,13,19140.0
3289,478,105,2026-08-27,1,6,28200.0
3290,1048,144,2024-10-31,1,6,26320.0
3291,1876,131,2026-07-10,1,2,147000.0
3292,13,19,2024-04-24,1,7,30690.0
3293,977,119,2024-02-07,1,4,1920000.0
3294,903,37,2026-02-25,1,3,18430.0
3295,1046,136,2026-07-13,1,4,288000.0
3296,1584,21,2026-01-19,1,8,21160.0
3297,399,82,2023-12-29,1,13,24360.0
3298,1385,48,2025-10-31,1,7,83700.0
3299,1111,7,2024-04-15,1,2,53900.0
3300,1762,90,2026-06-19,1,10,19800.0
3301,1777,137,2023-10-24,1,1,21780.0
3302,583,90,2024-11-10,1,8,20240.0
3303,1418,137,2024-10-31,1,12,19360.0
3304,536,2,2026-07-30,1,10,28800.0
3305,1719,110,2025-02-23,1,14,51600.0
3306,741,16,2026-05-28,1,11,75650.0
3307,403,59,2023-10-11,1,4,48000.0
3308,866,73,2025-08-24,1,8,32200.0
3309,339,124,2023-10-15,1,4,67200.0
3310,1932,93,2024-03-01,1,7,13020.0
3311,477,88,2025-08-04,1,8,32200.0
3312,1518,109,2025-04-25,1,14,38700.0
3313,1634,112,2023-11-26,1,11,19580.0
3314,1065,86,2025-04-23,1,2,19600.0
3315,131,79,2025-02-04,1,2,83300.0
3316,888,135,2026-08-13,1,12,220000.0
3317,1338,33,2025-01-30,1,0,26000.0
3318,1071,82,2024-01-23,1,12,24640.0
3319,667,34,2026-05-12,1,10,28800.0
3320,1104,130,2023-12-26,1,13,82650.0
3321,650,53,2025-09-23,1,14,55900.0
3322,218,100,2025-02-16,1,11,222500.0
3323,1664,44,2025-10-11,1,12,44000.0
3324,318,25,2026-07-29,1,3,24250.0
3325,1813,27,2025-05-13,1,14,30960.0
3326,1353,8,2025-07-21,1,1,74250.0
3327,1574,26,2025-07-03,1,12,28160.0
3328,1633,145,2024-11-06,1,7,32550.0
3329,1178,54,2026-08-02,1,5,114000.0
3330,593,95,2024-04-29,1,1,14850.0
3331,1019,51,2026-06-04,1,12,42240.0
3332,999,55,2026-01-28,1,13,56550.0
3333,382,60,2025-12-05,1,5,85500.0
3334,546,27,2025-06-10,1,10,32400.0
3335,1782,89,2026-05-25,1,9,13650.0
3336,1837,122,2025-07-06,1,1,594000.0
3337,177,67,2024-11-29,1,2,245000.0
3338,1328,59,2026-06-10,1,2,49000.0
3339,190,46,2025-02-24,1,15,40800.0
3340,1726,87,2026-07-18,1,12,24640.0
3341,1053,76,2025-10-15,1,15,34000.0
3342,1790,20,2024-09-27,1,7,41850.0
3343,1879,101,2026-04-05,1,2,343000.0
3344,1306,43,2024-02-26,1,10,54000.0
3345,1565,32,2023-10-23,1,8,71760.0
3346,1168,97,2026-01-31,1,6,42300.0
3347,1586,64,2023-12-19,1,6,141000.0
3348,629,58,2024-03-25,1,10,43200.0
3349,1842,127,2025-01-30,1,6,51700.0
3350,1300,18,2026-03-21,1,11,24920.0
3351,397,112,2024-02-23,1,5,20900.0
3352,1935,67,2025-02-05,1,4,240000.0
3353,1022,28,2026-08-05,1,1,47520.0
3354,205,135,2025-05-30,1,12,220000.0
3355,142,60,2025-02-03,1,14,77400.0
3356,1254,139,2023-12-07,1,4,28800.0
3357,1235,37,2024-09-10,1,1,18810.0
3358,471,59,2024-03-20,1,12,44000.0
3359,1852,117,2025-02-20,1,9,68250.0
3360,1960,59,2023-12-20,1,3,48500.0
3361,444,64,2025-01-04,1,1,148500.0
3362,897,127,2024-09-26,1,1,54450.0
3363,605,34,2025-10-05,1,9,29120.0
3364,138,7,2025-12-13,1,8,50600.0
3365,988,24,2025-03-26,1,11,42720.0
3366,1777,40,2026-02-11,1,1,29700.0
3367,1588,57,2024-09-05,1,3,40740.0
3368,1577,62,2024-01-21,1,1,51480.0
3369,170,48,2026-09-03,1,2,88200.0
3370,1716,38,2025-10-08,1,11,24920.0
3371,1680,32,2024-01-01,1,15,66300.0
3372,901,59,2025-12-27,1,3,48500.0
3373,663,61,2024-01-19,1,4,43200.0
3374,410,47,2024-12-06,1,1,79200.0
3375,695,40,2026-08-23,1,13,26100.0
3376,980,31,2024-08-15,1,1,57420.0
3377,644,127,2026-08-17,1,9,50050.0
3378,518,135,2026-05-26,1,7,232500.0
3379,1521,135,2025-06-29,1,9,227500.0
3380,823,128,2024-10-25,1,13,69600.0
3381,1513,22,2024-09-05,1,3,31040.0
3382,1370,65,2025-03-16,1,2,215600.0
3383,1315,24,2023-10-03,1,11,42720.0
3384,438,43,2025-08-28,1,14,51600.0
3385,1189,13,2026-04-30,1,3,40740.0
3386,1429,105,2026-07-22,1,7,27900.0
3387,454,8,2026-08-07,1,9,68250.0
3388,1985,114,2025-07-02,1,0,28000.0
3389,211,69,2026-03-13,1,9,182000.0
3390,413,113,2024-04-29,1,8,27600.0
3391,1973,144,2023-09-13,1,4,26880.0
3392,769,121,2024-07-20,1,4,220800.0
3393,956,54,2025-02-17,1,6,112800.0
3394,1316,115,2023-11-03,1,15,38250.0
3395,458,78,2024-06-11,1,5,36100.0
3396,1150,44,2025-04-08,1,12,44000.0
3397,1025,69,2026-01-06,1,9,182000.0
3398,1162,83,2023-12-22,1,12,30800.0
3399,1169,46,2024-05-17,1,14,41280.0
3400,1443,133,2025-08-22,1,12,26400.0
3401,344,11,2024-11-05,1,15,40800.0
3402,431,60,2026-02-19,1,5,85500.0
3403,1317,70,2025-02-06,1,6,2820000.0
3404,1794,139,2025-02-21,1,12,26400.0
3405,640,111,2023-10-27,1,6,51700.0
3406,1595,99,2026-04-22,1,8,50600.0
3407,1920,17,2024-06-26,1,7,20460.0
3408,507,29,2024-11-18,1,14,33540.0
3409,1164,6,2025-08-06,1,0,62000.0
3410,1411,40,2024-08-31,1,2,29400.0
3411,1724,1,2026-09-12,1,12,21120.0
3412,1659,15,2026-05-02,1,7,60450.0
3413,511,51,2025-11-20,1,14,41280.0
3414,1191,118,2024-06-26,1,12,2640000.0
3415,1673,52,2024-11-23,1,0,70000.0
3416,1668,24,2025-04-11,1,11,42720.0
3417,1784,89,2024-09-27,1,3,14550.0
3418,1849,113,2026-08-05,1,1,29700.0
3419,104,65,2025-09-08,1,12,193600.0
3420,1155,112,2024-01-31,1,9,20020.0
3421,1063,111,2024-01-07,1,8,50600.0
3422,749,114,2024-06-12,1,6,26320.0
3423,1001,68,2026-06-07,1,12,202400.0
3424,248,69,2024-04-28,1,11,178000.0
3425,1728,108,2025-08-10,1,6,28200.0
3426,847,88,2025-12-09,1,2,34300.0
3427,714,107,2026-07-22,1,11,22250.0
3428,472,11,2025-11-21,1,3,46560.0
3429,1628,93,2026-08-17,1,7,13020.0
3430,98,60,2025-12-30,1,7,83700.0
3431,1627,119,2023-11-16,1,8,1840000.0
3432,926,16,2025-06-19,1,4,81600.0
3433,1422,131,2024-09-21,1,8,138000.0
3434,1938,37,2025-05-04,1,0,19000.0
3435,1785,23,2026-08-03,1,1,39600.0
3436,1341,26,2024-08-12,1,3,31040.0
3437,1430,17,2025-06-08,1,4,21120.0
3438,1021,78,2024-05-06,1,6,35720.0
3439,30,47,2025-04-21,1,9,72800.0
3440,445,4,2026-06-21,1,4,81600.0
3441,966,11,2026-08-08,1,13,41760.0
3442,1074,110,2024-10-18,1,6,56400.0
3443,1594,34,2025-12-27,1,3,31040.0
3444,1269,51,2025-06-09,1,5,45600.0
3445,461,22,2024-10-22,1,4,30720.0
3446,599,102,2024-08-28,1,8,460000.0
3447,1630,69,2025-03-20,1,7,186000.0
3448,1037,123,2025-08-03,1,8,55200.0
3449,151,122,2025-12-01,1,6,564000.0
3450,1814,6,2025-05-11,1,2,60760.0
3451,894,84,2024-03-15,1,5,33250.0
3452,349,108,2023-12-08,1,13,26100.0
3453,952,66,2024-12-08,1,7,176700.0
3454,1734,102,2026-01-05,1,8,460000.0
3455,431,119,2025-11-23,1,15,1700000.0
3456,1606,15,2025-05-22,1,0,65000.0
3457,1802,71,2026-08-02,1,9,4550000.0
3458,724,123,2026-04-19,1,7,55800.0
3459,1913,14,2024-08-18,1,9,50050.0
3460,1736,32,2023-12-24,1,9,70980.0
3461,929,27,2024-12-24,1,10,32400.0
3462,62,15,2025-06-27,1,5,61750.0
3463,1345,83,2023-12-19,1,0,35000.0
3464,1816,143,2024-03-08,1,3,19400.0
3465,289,22,2024-07-12,1,13,27840.0
3466,628,108,2026-05-27,1,14,25800.0
3467,1335,126,2024-07-30,1,1,39600.0
3468,808,42,2025-07-02,1,14,34400.0
3469,266,59,2023-12-09,1,11,44500.0
3470,1366,106,2025-11-30,1,10,18000.0
3471,1601,53,2025-10-22,1,5,61750.0
3472,1795,96,2024-03-06,1,14,18920.0
3473,1828,130,2024-07-31,1,4,91200.0
3474,308,105,2024-02-11,1,12,26400.0
3475,580,44,2023-12-01,1,13,43500.0
3476,1255,97,2023-10-05,1,10,40500.0
3477,1485,132,2024-01-06,1,0,24000.0
3478,601,137,2023-10-21,1,6,20680.0
3479,360,6,2025-01-07,1,6,58280.0
3480,1075,48,2025-07-27,1,8,82800.0
3481,615,144,2024-07-11,1,0,28000.0
3482,183,30,2025-01-21,1,11,42720.0
3483,462,138,2026-02-11,1,5,33250.0
3484,515,114,2024-02-15,1,3,27160.0
3485,1134,79,2026-04-08,1,8,78200.0
3486,1267,105,2024-07-09,1,1,29700.0
3487,1246,129,2025-12-01,1,5,80750.0
3488,1602,23,2025-08-31,1,13,34800.0
3489,146,16,2024-03-27,1,1,84150.0
3490,1857,143,2024-08-12,1,13,17400.0
3491,1630,13,2026-01-14,1,0,42000.0
3492,1133,115,2024-10-30,1,13,39150.0
3493,1745,104,2026-07-01,1,8,20240.0
3494,1268,71,2025-03-06,1,9,4550000.0
3495,156,101,2026-06-30,1,4,336000.0
3496,32,134,2024-06-14,1,4,43200.0
3497,1602,55,2026-04-07,1,14,55900.0
3498,778,43,2023-12-19,1,10,54000.0
3499,57,80,2024-12-05,1,0,60000.0
3500,423,134,2025-01-12,1,13,39150.0
3501,1193,70,2025-07-04,1,1,2970000.0
3502,393,59,2024-06-04,1,12,44000.0
3503,1296,60,2024-08-05,1,7,83700.0
3504,412,57,2024-04-23,1,3,40740.0
3505,688,34,2024-04-29,1,12,28160.0
3506,1395,131,2025-09-01,1,7,139500.0
3507,1192,33,2025-10-23,1,5,24700.0
3508,1884,136,2025-07-19,1,15,255000.0
3509,428,104,2024-03-31,1,4,21120.0
3510,1652,106,2024-10-16,1,13,17400.0
3511,960,115,2024-10-12,1,2,44100.0
3512,1346,16,2024-11-10,1,2,83300.0
3513,1551,6,2024-01-23,1,10,55800.0
3514,149,91,2025-04-20,1,14,22360.0
3515,1429,142,2026-04-18,1,6,35720.0
3516,188,33,2023-09-23,1,4,24960.0
3517,1361,131,2025-02-06,1,2,147000.0
3518,1330,113,2025-04-18,1,5,28500.0
3519,625,12,2025-12-11,1,3,48500.0
3520,1254,110,2023-10-07,1,9,54600.0
3521,1909,92,2025-09-21,1,0,18000.0
3522,100,110,2025-01-21,1,14,51600.0
3523,663,15,2024-03-13,1,0,65000.0
3524,1212,75,2026-08-05,1,8,20240.0
3525,436,110,2024-04-08,1,5,57000.0
3526,740,57,2026-08-15,1,7,39060.0
3527,1493,92,2024-08-13,1,13,15660.0
3528,189,57,2023-10-10,1,13,36540.0
3529,978,114,2024-02-22,1,8,25760.0
3530,1659,7,2025-12-22,1,6,51700.0
3531,535,103,2026-02-25,1,9,16380.0
3532,1037,87,2024-04-07,1,12,24640.0
3533,1806,29,2024-11-28,1,8,35880.0
3534,675,128,2026-01-01,1,12,70400.0
3535,919,96,2024-03-07,1,6,20680.0
3536,547,52,2025-09-25,1,12,61600.0
3537,381,105,2024-05-20,1,11,26700.0
3538,1940,145,2023-11-01,1,13,30450.0
3539,838,35,2024-11-16,1,7,32550.0
3540,1379,138,2024-10-14,1,7,32550.0
3541,1676,8,2026-03-18,1,1,74250.0
3542,109,37,2024-06-09,1,2,18620.0
3543,325,128,2025-02-04,1,13,69600.0
3544,1777,6,2024-12-23,1,13,53940.0
3545,372,113,2023-12-08,1,15,25500.0
3546,535,95,2024-10-22,1,14,12900.0
3547,1973,43,2025-11-13,1,12,52800.0
3548,1599,65,2024-08-31,1,4,211200.0
3549,1071,85,2024-09-04,1,12,42240.0
3550,1752,82,2025-10-17,1,12,24640.0
3551,1379,64,2024-03-14,1,2,147000.0
3552,680,4,2024-04-01,1,12,74800.0
3553,1256,38,2025-02-15,1,2,27440.0
3554,126,15,2025-04-01,1,1,64350.0
3555,521,120,2024-02-25,1,15,212500.0
3556,97,137,2026-07-17,1,1,21780.0
3557,1460,39,2024-07-23,1,15,29750.0
3558,779,43,2024-08-03,1,3,58200.0
3559,459,52,2023-12-28,1,1,69300.0
3560,10,127,2023-12-13,1,1,54450.0
3561,442,21,2026-04-05,1,6,21620.0
3562,567,116,2024-10-20,1,3,58200.0
3563,1357,135,2024-01-25,1,11,222500.0
3564,1596,47,2024-12-23,1,4,76800.0
3565,1284,144,2026-06-11,1,5,26600.0
3566,885,2,2023-09-30,1,10,28800.0
3567,770,52,2025-09-11,1,15,59500.0
3568,1427,33,2026-07-18,1,3,25220.0
3569,1577,93,2025-02-20,1,3,13580.0
3570,733,75,2024-05-09,1,3,21340.0
3571,326,110,2023-12-17,1,12,52800.0
3572,537,39,2026-02-10,1,13,30450.0
3573,70,47,2025-03-21,1,4,76800.0
3574,1732,141,2026-01-11,1,1,27720.0
3575,387,63,2025-04-12,1,12,33440.0
3576,1404,54,2025-12-06,1,0,120000.0
3577,1598,10,2026-06-26,1,12,39600.0
3578,205,38,2025-03-31,1,7,26040.0
3579,1050,28,2025-04-28,1,13,41760.0
3580,1016,101,2024-09-10,1,0,350000.0
3581,1807,121,2025-04-23,1,4,220800.0
3582,58,114,2024-09-05,1,6,26320.0
3583,110,87,2024-10-14,1,2,27440.0
3584,343,16,2024-09-04,1,9,77350.0
3585,67,121,2026-08-01,1,12,202400.0
3586,1249,68,2025-02-11,1,0,230000.0
3587,1257,142,2026-07-08,1,8,34960.0
3588,1694,101,2024-02-28,1,0,350000.0
3589,182,92,2024-09-25,1,1,17820.0
3590,1464,6,2024-08-02,1,12,54560.0
3591,351,89,2026-01-26,1,14,12900.0
3592,1999,78,2025-05-10,1,12,33440.0
3593,1524,73,2023-11-16,1,12,30800.0
3594,608,112,2024-03-11,1,14,18920.0
3595,640,84,2026-05-26,1,5,33250.0
3596,12,48,2024-04-07,1,2,88200.0
3597,1194,35,2025-10-02,1,1,34650.0
3598,1719,18,2024-08-04,1,6,26320.0
3599,418,136,2026-08-25,1,10,270000.0
3600,624,33,2026-05-23,1,15,22100.0
3601,775,62,2025-11-27,1,3,50440.0
3602,717,54,2025-01-05,1,15,102000.0
3603,1568,36,2025-09-22,1,6,39480.0
3604,499,109,2025-09-18,1,12,39600.0
3605,1619,145,2025-04-29,1,6,32900.0
3606,1809,19,2026-08-30,1,5,31350.0
3607,1751,5,2024-10-20,1,14,41280.0
3608,445,68,2026-02-21,1,7,213900.0
3609,1972,66,2026-02-27,1,8,174800.0
3610,247,94,2026-03-27,1,11,17800.0
3611,1090,113,2025-04-29,1,11,26700.0
3612,1119,3,2024-01-24,1,10,34200.0
3613,1756,59,2024-08-20,1,9,45500.0
3614,1725,128,2023-12-29,1,3,77600.0
3615,906,24,2024-06-10,1,7,44640.0
3616,942,79,2023-09-30,1,9,77350.0
3617,12,85,2025-07-22,1,0,48000.0
3618,170,37,2024-01-28,1,1,18810.0
3619,780,9,2025-06-09,1,9,20930.0
3620,457,31,2025-12-23,1,5,55100.0
3621,793,115,2023-12-18,1,15,38250.0
3622,722,94,2026-06-13,1,8,18400.0
3623,812,109,2025-04-25,1,14,38700.0
3624,1881,69,2023-12-31,1,2,196000.0
3625,1086,34,2025-06-08,1,1,31680.0
3626,357,16,2024-11-24,1,0,85000.0
3627,778,59,2025-05-29,1,2,49000.0
3628,1193,82,2023-09-30,1,8,25760.0
3629,591,28,2023-09-24,1,8,44160.0
3630,1748,90,2024-02-16,1,8,20240.0
3631,793,14,2025-05-27,1,10,49500.0
3632,377,91,2025-08-24,1,7,24180.0
3633,1394,43,2025-09-12,1,2,58800.0
3634,1885,59,2025-07-15,1,11,44500.0
3635,448,118,2024-11-24,1,2,2940000.0
3636,1241,54,2025-05-05,1,9,109200.0
3637,348,137,2023-10-26,1,14,18920.0
3638,220,52,2026-09-06,1,1,69300.0
3639,1693,87,2025-07-01,1,5,26600.0
3640,1171,64,2024-11-24,1,3,145500.0
3641,637,108,2025-01-04,1,15,25500.0
3642,581,134,2026-04-01,1,4,43200.0
3643,1682,81,2026-01-03,1,1,21780.0
3644,1439,54,2025-12-31,1,2,117600.0
3645,387,12,2026-08-11,1,12,44000.0
3646,193,40,2025-01-31,1,7,27900.0
3647,1246,38,2026-08-28,1,0,28000.0
3648,962,36,2025-02-12,1,2,41160.0
3649,1336,93,2026-02-21,1,12,12320.0
3650,709,92,2025-04-02,1,11,16020.0
3651,82,142,2026-02-13,1,10,34200.0
3652,1443,96,2024-02-12,1,2,21560.0
3653,211,96,2024-05-15,1,11,19580.0
3654,1979,31,2026-02-23,1,3,56260.0
3655,443,138,2024-03-02,1,12,30800.0
3656,1279,104,2024-06-27,1,1,21780.0
3657,1262,124,2025-09-07,1,7,65100.0
3658,1821,108,2025-08-10,1,0,30000.0
3659,650,32,2024-07-23,1,3,75660.0
3660,904,38,2023-09-29,1,0,28000.0
3661,1414,124,2023-12-07,1,8,64400.0
3662,246,106,2026-03-25,1,15,17000.0
3663,964,28,2024-06-29,1,14,41280.0
3664,1489,29,2026-02-25,1,10,35100.0
3665,239,47,2024-03-27,1,9,72800.0
3666,1284,10,2023-12-05,1,10,40500.0
3667,1371,93,2025-05-29,1,13,12180.0
3668,1141,8,2025-04-03,1,3,72750.0
3669,846,114,2025-08-12,1,4,26880.0
3670,607,105,2026-02-21,1,5,28500.0
3671,885,72,2026-07-03,1,3,27160.0
3672,1663,52,2025-12-28,1,12,61600.0
3673,1331,132,2025-04-25,1,7,22320.0
3674,1307,11,2026-07-23,1,5,45600.0
3675,1973,1,2024-05-28,1,4,23040.0
3676,16,42,2024-02-03,1,14,34400.0
3677,1133,133,2025-08-12,1,5,28500.0
3678,148,64,2023-12-02,1,5,142500.0
3679,1431,19,2024-02-05,1,10,29700.0
3680,639,107,2023-09-18,1,14,21500.0
3681,1101,95,2024-07-21,1,1,14850.0
3682,1113,104,2025-12-31,1,1,21780.0
3683,1362,36,2025-11-24,1,13,36540.0
3684,647,92,2023-09-25,1,12,15840.0
3685,1975,59,2026-01-28,1,9,45500.0
3686,1195,82,2024-06-29,1,14,24080.0
3687,243,78,2023-09-17,1,7,35340.0
3688,993,101,2024-03-26,1,0,350000.0
3689,1896,38,2023-09-21,1,15,23800.0
3690,1802,63,2025-09-05,1,9,34580.0
3691,447,18,2023-10-13,1,3,27160.0
3692,1147,97,2026-08-18,1,4,43200.0
3693,1687,118,2024-04-23,1,8,2760000.0
3694,1214,58,2024-06-24,1,1,47520.0
3695,1207,85,2025-01-25,1,1,47520.0
3696,1355,117,2025-10-28,1,8,69000.0
3697,1390,58,2024-09-24,1,6,45120.0
3698,1683,132,2024-10-07,1,8,22080.0
3699,666,48,2026-06-07,1,1,89100.0
3700,1308,132,2026-01-05,1,7,22320.0
3701,1350,123,2025-03-26,1,6,56400.0
3702,343,68,2023-11-09,1,13,200100.0
3703,534,82,2024-11-10,1,15,23800.0
3704,585,81,2024-09-02,1,7,20460.0
3705,5,91,2024-03-24,1,10,23400.0
3706,756,62,2025-11-13,1,15,44200.0
3707,1819,117,2023-09-30,1,11,66750.0
3708,1431,80,2025-11-05,1,6,56400.0
3709,1438,84,2024-12-06,1,12,30800.0
3710,1105,17,2024-01-19,1,6,20680.0
3711,475,119,2025-01-09,1,7,1860000.0
3712,1187,33,2023-12-29,1,2,25480.0
3713,497,124,2026-01-07,1,3,67900.0
3714,329,84,2026-04-25,1,12,30800.0
3715,1262,25,2026-06-21,1,4,24000.0
3716,1936,123,2023-10-22,1,15,51000.0
3717,260,28,2026-03-16,1,15,40800.0
3718,1956,16,2025-09-01,1,7,79050.0
3719,1627,7,2023-10-07,1,6,51700.0
3720,816,39,2024-07-07,1,15,29750.0
3721,120,99,2023-10-17,1,2,53900.0
3722,1220,81,2026-03-16,1,12,19360.0
3723,231,132,2025-03-12,1,4,23040.0
3724,362,55,2025-06-21,1,5,61750.0
3725,1884,108,2023-10-08,1,0,30000.0
3726,327,127,2025-03-31,1,12,48400.0
3727,699,11,2025-11-11,1,9,43680.0
3728,1925,91,2025-11-22,1,1,25740.0
3729,1208,106,2024-05-25,1,13,17400.0
3730,1323,129,2024-10-08,1,2,83300.0
3731,1742,50,2026-09-10,1,9,52780.0
3732,1262,139,2024-11-30,1,14,25800.0
3733,1970,38,2025-04-25,1,8,25760.0
3734,620,10,2025-12-21,1,8,41400.0
3735,268,104,2025-12-06,1,1,21780.0
3736,1300,115,2025-01-21,1,5,42750.0
3737,692,91,2025-10-20,1,12,22880.0
3738,1381,63,2024-03-28,1,1,37620.0
3739,1272,1,2025-07-08,1,14,20640.0
3740,1167,47,2024-03-12,1,6,75200.0
3741,1664,35,2026-08-07,1,2,34300.0
3742,419,93,2025-10-13,1,5,13300.0
3743,687,16,2024-11-01,1,8,78200.0
3744,113,119,2024-09-27,1,2,1960000.0
3745,1695,38,2026-07-03,1,9,25480.0
3746,363,63,2025-12-17,1,2,37240.0
3747,905,31,2026-02-18,1,15,49300.0
3748,370,31,2024-01-22,1,2,56840.0
3749,969,113,2024-07-23,1,3,29100.0
3750,207,133,2024-03-23,1,13,26100.0
3751,1893,102,2025-06-21,1,8,460000.0
3752,116,30,2024-07-26,1,1,47520.0
3753,1792,51,2024-10-29,1,4,46080.0
3754,984,8,2023-10-16,1,9,68250.0
3755,1487,41,2024-10-19,1,15,21250.0
3756,809,2,2024-03-27,1,8,29440.0
3757,575,27,2023-09-21,1,13,31320.0
3758,1927,34,2024-08-15,1,8,29440.0
3759,187,86,2025-08-10,1,5,19000.0
3760,988,85,2024-05-17,1,1,47520.0
3761,183,14,2025-09-05,1,1,54450.0
3762,1115,103,2025-10-05,1,15,15300.0
3763,1473,43,2026-07-17,1,0,60000.0
3764,838,36,2024-03-15,1,12,36960.0
3765,1394,48,2026-06-28,1,1,89100.0
3766,997,30,2025-03-04,1,7,44640.0
3767,756,96,2024-04-22,1,5,20900.0
3768,1428,63,2023-10-03,1,11,33820.0
3769,1310,36,2024-12-08,1,2,41160.0
3770,881,106,2024-05-11,1,13,17400.0
3771,1587,38,2025-07-04,1,13,24360.0
3772,1462,104,2023-10-15,1,10,19800.0
3773,73,48,2025-11-07,1,6,84600.0
3774,58,125,2024-12-13,1,13,95700.0
3775,1590,99,2026-07-02,1,9,50050.0
3776,1301,57,2024-01-05,1,11,37380.0
3777,1024,129,2024-09-10,1,10,76500.0
3778,744,116,2025-11-15,1,0,60000.0
3779,1577,31,2024-10-28,1,2,56840.0
3780,652,135,2024-06-23,1,2,245000.0
3781,148,5,2024-04-16,1,11,42720.0
3782,958,16,2025-07-16,1,8,78200.0
3783,1017,76,2024-07-03,1,4,38400.0
3784,1577,122,2026-04-24,1,9,546000.0
3785,1054,16,2026-01-13,1,14,73100.0
3786,110,76,2025-03-11,1,9,36400.0
3787,1067,115,2026-06-30,1,14,38700.0
3788,1656,105,2023-11-19,1,10,27000.0
3789,783,119,2024-02-04,1,4,1920000.0
3790,947,10,2024-06-11,1,13,39150.0
3791,687,88,2026-09-01,1,0,35000.0
3792,1068,133,2025-01-17,1,1,29700.0
3793,1775,18,2025-03-22,1,15,23800.0
3794,857,47,2026-05-01,1,4,76800.0
3795,550,128,2025-06-16,1,4,76800.0
3796,222,43,2025-02-28,1,9,54600.0
3797,907,63,2025-10-06,1,10,34200.0
3798,1299,140,2024-03-14,1,0,21000.0
3799,814,127,2023-10-06,1,15,46750.0
3800,1619,35,2025-03-24,1,1,34650.0
3801,984,35,2025-10-06,1,14,30100.0
3802,1250,11,2023-09-24,1,11,42720.0
3803,1806,70,2025-12-11,1,1,2970000.0
3804,1803,145,2024-02-12,1,6,32900.0
3805,1062,105,2026-08-15,1,14,25800.0
3806,1649,90,2025-07-07,1,11,19580.0
3807,1930,30,2023-11-15,1,11,42720.0
3808,1609,70,2026-09-12,1,12,2640000.0
3809,107,105,2024-07-15,1,6,28200.0
3810,181,88,2025-12-24,1,0,35000.0
3811,1550,104,2024-04-21,1,11,19580.0
3812,1294,21,2025-11-10,1,10,20700.0
3813,1761,33,2025-06-30,1,8,23920.0
3814,1213,22,2025-01-11,1,2,31360.0
3815,1182,47,2023-10-08,1,0,80000.0
3816,783,120,2026-08-08,1,7,232500.0
3817,412,121,2026-09-01,1,9,209300.0
3818,1544,25,2026-05-25,1,10,22500.0
3819,1910,11,2025-02-18,1,3,46560.0
3820,952,1,2024-08-02,1,14,20640.0
3821,948,29,2026-05-19,1,7,36270.0
3822,204,93,2024-02-07,1,11,12460.0
3823,571,137,2026-07-10,1,11,19580.0
3824,313,57,2023-11-20,1,10,37800.0
3825,1823,3,2023-10-21,1,0,38000.0
3826,61,145,2025-08-14,1,14,30100.0
3827,160,62,2025-09-07,1,14,44720.0
3828,196,1,2025-05-29,1,1,23760.0
3829,1875,144,2024-01-24,1,5,26600.0
3830,1576,123,2024-12-11,1,3,58200.0
3831,1710,99,2024-05-11,1,14,47300.0
3832,249,69,2024-06-30,1,13,174000.0
3833,681,106,2023-12-06,1,15,17000.0
3834,912,31,2026-03-27,1,12,51040.0
3835,664,42,2026-08-25,1,4,38400.0
3836,1181,86,2026-05-25,1,11,17800.0
3837,1366,40,2026-05-13,1,14,25800.0
3838,1032,145,2026-02-02,1,3,33950.0
3839,1398,51,2024-09-11,1,7,44640.0
3840,1460,28,2025-01-07,1,10,43200.0
3841,488,44,2023-12-02,1,1,49500.0
3842,1900,47,2026-02-09,1,11,71200.0
3843,83,54,2024-05-10,1,2,117600.0
3844,129,14,2024-01-07,1,14,47300.0
3845,1569,56,2025-01-30,1,10,85500.0
3846,517,50,2023-10-27,1,12,51040.0
3847,804,123,2024-10-20,1,11,53400.0
3848,706,135,2024-10-12,1,9,227500.0
3849,1117,68,2024-01-14,1,5,218500.0
3850,1886,21,2024-06-04,1,3,22310.0
3851,1922,86,2025-03-04,1,3,19400.0
3852,1453,90,2026-07-28,1,9,20020.0
3853,1918,115,2025-07-10,1,4,43200.0
3854,1074,121,2025-03-05,1,14,197800.0
3855,1578,103,2023-10-19,1,15,15300.0
3856,792,18,2024-01-24,1,14,24080.0
3857,1191,120,2025-02-21,1,1,247500.0
3858,1076,75,2026-02-06,1,7,20460.0
3859,1671,102,2025-02-17,1,15,425000.0
3860,1888,141,2026-03-06,1,8,25760.0
3861,546,69,2023-09-28,1,4,192000.0
3862,1845,44,2025-01-19,1,9,45500.0
3863,1156,28,2026-02-11,1,8,44160.0
3864,1486,9,2024-02-17,1,1,22770.0
3865,1987,17,2025-06-09,1,0,22000.0
3866,407,33,2023-11-09,1,8,23920.0
3867,1537,30,2024-01-04,1,6,45120.0
3868,485,34,2025-03-25,1,3,31040.0
3869,692,135,2025-09-26,1,7,232500.0
3870,1338,113,2025-10-08,1,3,29100.0
3871,1848,20,2024-05-06,1,8,41400.0
3872,729,56,2026-05-16,1,8,87400.0
3873,988,42,2024-09-23,1,2,39200.0
3874,1536,131,2023-11-04,1,6,141000.0
3875,737,40,2024-10-06,1,2,29400.0
3876,788,34,2024-11-12,1,2,31360.0
3877,1008,73,2023-12-26,1,2,34300.0
3878,351,85,2025-04-01,1,3,46560.0
3879,700,50,2023-11-08,1,0,58000.0
3880,1061,118,2024-05-27,1,9,2730000.0
3881,1036,106,2026-08-06,1,14,17200.0
3882,1781,52,2023-11-13,1,3,67900.0
3883,602,83,2025-04-10,1,1,34650.0
3884,57,43,2025-05-15,1,4,57600.0
3885,1015,111,2026-03-17,1,10,49500.0
3886,872,49,2024-01-09,1,15,38250.0
3887,1405,122,2024-09-28,1,12,528000.0
3888,370,19,2025-10-05,1,15,28050.0
3889,1513,92,2025-04-13,1,14,15480.0
3890,689,78,2025-09-02,1,1,37620.0
3891,1810,8,2024-06-06,1,3,72750.0
3892,888,47,2024-03-15,1,15,68000.0
3893,490,46,2023-09-13,1,2,47040.0
3894,1117,39,2025-06-05,1,12,30800.0
3895,879,73,2025-05-28,1,12,30800.0
3896,1494,89,2026-01-16,1,1,14850.0
3897,671,45,2026-01-13,1,13,36540.0
3898,94,18,2024-07-13,1,10,25200.0
3899,877,131,2025-04-28,1,13,130500.0
3900,1498,65,2025-11-08,1,15,187000.0
3901,1171,66,2026-03-15,1,0,190000.0
3902,1930,87,2025-06-09,1,7,26040.0
3903,1794,114,2024-08-10,1,6,26320.0
3904,1537,64,2024-04-17,1,10,135000.0
3905,1339,120,2024-03-25,1,0,250000.0
3906,1902,29,2026-08-02,1,10,35100.0
3907,1231,139,2024-07-12,1,7,27900.0
3908,731,130,2026-06-08,1,11,84550.0
3909,947,102,2025-04-03,1,15,425000.0
3910,1209,143,2024-11-29,1,3,19400.0
3911,1361,19,2024-06-03,1,10,29700.0
3912,1446,31,2023-09-18,1,5,55100.0
3913,1076,129,2024-03-15,1,13,73950.0
3914,654,83,2024-04-14,1,14,30100.0
3915,1404,130,2025-06-06,1,5,90250.0
3916,179,103,2026-01-08,1,10,16200.0
3917,727,32,2026-03-09,1,1,77220.0
3918,353,35,2025-11-22,1,15,29750.0
3919,1131,111,2025-12-07,1,12,48400.0
3920,254,38,2025-07-13,1,1,27720.0
3921,454,13,2024-07-17,1,10,37800.0
3922,531,53,2025-10-27,1,9,59150.0
3923,261,116,2023-11-29,1,8,55200.0
3924,1518,3,2025-09-13,1,13,33060.0
3925,1880,76,2024-10-06,1,0,40000.0
3926,1992,41,2025-05-22,1,9,22750.0
3927,1629,104,2026-06-23,1,10,19800.0
3928,1331,12,2025-01-21,1,14,43000.0
3929,216,33,2025-11-15,1,15,22100.0
3930,626,144,2026-03-07,1,11,24920.0
3931,1948,141,2024-08-23,1,8,25760.0
3932,916,99,2025-06-12,1,10,49500.0
3933,740,21,2024-11-29,1,14,19780.0
3934,1200,75,2026-02-04,1,12,19360.0
3935,149,53,2025-08-13,1,15,55250.0
3936,181,53,2024-01-17,1,13,56550.0
3937,69,48,2026-08-10,1,13,78300.0
3938,497,57,2024-09-28,1,6,39480.0
3939,327,137,2026-03-15,1,11,19580.0
3940,41,90,2023-11-12,1,1,21780.0
3941,367,10,2023-12-14,1,5,42750.0
3942,1368,98,2026-01-25,1,15,42500.0
3943,1209,26,2024-07-13,1,1,31680.0
3944,76,102,2026-06-25,1,10,450000.0
3945,1256,53,2025-11-18,1,10,58500.0
3946,1684,38,2026-06-20,1,5,26600.0
3947,1298,100,2025-02-05,1,0,250000.0
3948,1051,73,2024-12-09,1,2,34300.0
3949,177,108,2023-12-05,1,12,26400.0
3950,54,57,2025-05-22,1,8,38640.0
3951,920,13,2024-08-29,1,2,41160.0
3952,1288,98,2025-06-08,1,6,47000.0
3953,1212,99,2025-06-16,1,3,53350.0
3954,32,33,2026-01-08,1,1,25740.0
3955,1162,43,2025-10-26,1,4,57600.0
3956,63,121,2026-01-10,1,10,207000.0
3957,4,75,2024-05-05,1,0,22000.0
3958,1482,22,2024-10-28,1,0,32000.0
3959,978,59,2026-05-11,1,9,45500.0
3960,536,104,2025-07-26,1,5,20900.0
3961,143,73,2025-09-30,1,15,29750.0
3962,1979,16,2025-07-17,1,9,77350.0
3963,1873,86,2025-02-08,1,2,19600.0
3964,301,86,2026-04-29,1,7,18600.0
3965,961,40,2025-10-17,1,8,27600.0
3966,298,123,2025-09-05,1,2,58800.0
3967,163,47,2024-09-19,1,5,76000.0
3968,437,105,2026-01-09,1,14,25800.0
3969,868,10,2026-06-05,1,13,39150.0
3970,1265,12,2024-11-15,1,0,50000.0
3971,336,106,2026-04-26,1,9,18200.0
3972,1175,98,2026-01-11,1,9,45500.0
3973,1063,89,2023-10-05,1,11,13350.0
3974,644,88,2024-08-22,1,9,31850.0
3975,1365,125,2025-01-04,1,13,95700.0
3976,993,144,2024-04-23,1,7,26040.0
3977,1533,129,2024-09-06,1,7,79050.0
3978,1365,14,2023-09-13,1,0,55000.0
3979,1340,41,2024-06-30,1,11,22250.0
3980,1260,140,2024-02-29,1,14,18060.0
3981,1621,65,2026-05-05,1,2,215600.0
3982,654,18,2024-05-15,1,11,24920.0
3983,1885,77,2026-09-07,1,3,33950.0
3984,1430,51,2025-07-18,1,6,45120.0
3985,1985,49,2026-06-04,1,1,44550.0
3986,1944,90,2025-08-10,1,1,21780.0
3987,206,12,2025-10-03,1,7,46500.0
3988,1502,22,2023-10-22,1,2,31360.0
3989,486,106,2024-02-25,1,0,20000.0
3990,16,57,2024-12-21,1,8,38640.0
3991,542,49,2024-04-30,1,6,42300.0
3992,1281,79,2026-04-18,1,11,75650.0
3993,173,75,2026-05-23,1,2,21560.0
3994,391,101,2026-01-15,1,12,308000.0
3995,1747,102,2025-08-27,1,15,425000.0
3996,1563,69,2024-09-16,1,3,194000.0
3997,1182,88,2024-05-01,1,0,35000.0
3998,807,51,2025-02-25,1,14,41280.0
3999,1300,75,2026-04-05,1,1,21780.0
4000,838,20,2024-08-21,1,13,39150.0
4001,649,106,2025-03-10,1,13,17400.0
4002,1238,139,2026-07-19,1,6,28200.0
4003,1543,34,2025-11-30,1,5,30400.0
4004,1851,76,2024-05-28,1,3,38800.0
4005,574,118,2026-06-02,1,1,2970000.0
4006,1117,119,2024-05-09,1,2,1960000.0
4007,140,143,2026-07-12,1,6,18800.0
4008,253,15,2024-12-08,1,2,63700.0
4009,453,8,2024-08-12,1,9,68250.0
4010,1924,92,2026-09-11,1,10,16200.0
4011,1284,31,2026-03-30,1,10,52200.0
4012,675,51,2024-05-03,1,2,47040.0
4013,2000,47,2025-11-04,1,7,74400.0
4014,490,123,2023-11-05,1,12,52800.0
4015,1520,52,2025-07-08,1,7,65100.0
4016,13,60,2023-09-14,1,9,81900.0
4017,1635,138,2026-07-08,1,1,34650.0
4018,845,56,2024-09-18,1,5,90250.0
4019,541,136,2025-08-27,1,4,288000.0
4020,1499,16,2024-12-17,1,4,81600.0
4021,563,139,2024-03-07,1,2,29400.0
4022,1882,13,2024-05-01,1,8,38640.0
4023,34,84,2026-07-06,1,4,33600.0
4024,893,134,2024-04-27,1,7,41850.0
4025,1137,16,2025-07-26,1,11,75650.0
4026,435,53,2023-12-02,1,15,55250.0
4027,1989,109,2024-12-11,1,14,38700.0
4028,1967,125,2026-02-02,1,7,102300.0
4029,675,69,2025-04-11,1,12,176000.0
4030,974,122,2023-10-19,1,13,522000.0
4031,441,111,2025-04-15,1,13,47850.0
4032,955,136,2024-06-17,1,6,282000.0
4033,693,138,2025-06-14,1,2,34300.0
4034,1806,42,2024-11-03,1,8,36800.0
4035,1480,33,2024-11-24,1,3,25220.0
4036,829,138,2024-04-15,1,5,33250.0
4037,574,133,2024-04-10,1,1,29700.0
4038,1053,61,2024-01-09,1,14,38700.0
4039,495,103,2024-03-15,1,11,16020.0
4040,1052,121,2024-07-25,1,1,227700.0
4041,1079,24,2025-05-30,1,13,41760.0
4042,1274,136,2026-04-05,1,9,273000.0
4043,1054,130,2023-12-30,1,5,90250.0
4044,514,135,2024-11-17,1,13,217500.0
4045,1240,64,2024-12-02,1,8,138000.0
4046,131,38,2024-12-10,1,2,27440.0
4047,980,8,2025-08-16,1,11,66750.0
4048,1145,111,2024-07-25,1,0,55000.0
4049,441,61,2025-11-16,1,3,43650.0
4050,1451,78,2025-01-11,1,5,36100.0
4051,829,86,2025-12-28,1,1,19800.0
4052,235,51,2025-09-17,1,5,45600.0
4053,853,66,2026-08-21,1,7,176700.0
4054,1748,7,2024-01-03,1,7,51150.0
4055,1453,135,2023-11-30,1,8,230000.0
4056,1198,49,2025-10-05,1,12,39600.0
4057,1403,120,2024-10-30,1,10,225000.0
4058,1520,120,2023-11-05,1,7,232500.0
4059,1707,22,2026-06-30,1,0,32000.0
4060,1406,63,2026-04-28,1,3,36860.0
4061,109,1,2024-05-18,1,0,24000.0
4062,1629,1,2025-02-12,1,13,20880.0
4063,1247,55,2024-12-05,1,1,64350.0
4064,74,71,2026-04-30,1,12,4400000.0
4065,1175,80,2026-08-10,1,6,56400.0
4066,770,106,2026-07-13,1,13,17400.0
4067,997,125,2025-09-09,1,11,97900.0
4068,1349,103,2024-01-30,1,2,17640.0
4069,590,98,2025-08-23,1,2,49000.0
4070,1188,8,2024-11-21,1,10,67500.0
4071,703,54,2026-02-27,1,10,108000.0
4072,454,21,2024-11-18,1,0,23000.0
4073,388,68,2025-01-19,1,2,225400.0
4074,1930,77,2024-06-13,1,14,30100.0
4075,1842,51,2025-04-24,1,3,46560.0
4076,813,88,2026-02-03,1,7,32550.0
4077,1632,140,2024-06-05,1,15,17850.0
4078,1531,59,2023-11-24,1,7,46500.0
4079,924,122,2026-06-18,1,7,558000.0
4080,1975,35,2025-11-09,1,1,34650.0
4081,1125,16,2026-05-27,1,1,84150.0
4082,1223,134,2025-07-10,1,4,43200.0
4083,1441,107,2025-04-25,1,7,23250.0
4084,1124,42,2026-06-07,1,13,34800.0
4085,451,21,2025-11-25,1,4,22080.0
4086,1892,13,2025-02-25,1,6,39480.0
4087,607,137,2024-07-12,1,0,22000.0
4088,51,78,2025-11-25,1,8,34960.0
4089,100,137,2025-03-11,1,1,21780.0
4090,252,123,2026-03-12,1,6,56400.0
4091,1490,44,2026-06-16,1,0,50000.0
4092,1560,15,2024-02-10,1,2,63700.0
4093,817,38,2026-08-05,1,12,24640.0
4094,1475,56,2025-06-03,1,8,87400.0
4095,1137,69,2025-02-24,1,11,178000.0
4096,443,132,2023-12-25,1,12,21120.0
4097,1172,47,2024-03-17,1,1,79200.0
4098,1938,66,2023-12-12,1,6,178600.0
4099,8,17,2024-06-02,1,11,19580.0
4100,1206,87,2025-03-10,1,10,25200.0
4101,38,37,2024-02-22,1,11,16910.0
4102,1556,71,2024-11-08,1,5,4750000.0
4103,77,56,2023-10-17,1,13,82650.0
4104,1431,35,2025-02-15,1,9,31850.0
4105,409,99,2026-08-03,1,3,53350.0
4106,1382,39,2024-11-17,1,10,31500.0
4107,930,96,2024-05-19,1,2,21560.0
4108,645,50,2025-01-22,1,2,56840.0
4109,1174,95,2026-05-03,1,8,13800.0
4110,1102,74,2025-08-18,1,8,41400.0
4111,1347,102,2026-01-13,1,12,440000.0
4112,4,52,2024-03-18,1,4,67200.0
4113,400,63,2023-10-20,1,13,33060.0
4114,636,119,2025-10-23,1,15,1700000.0
4115,1391,123,2025-01-22,1,1,59400.0
4116,363,137,2024-07-07,1,5,20900.0
4117,150,103,2026-06-15,1,1,17820.0
4118,1696,59,2026-05-20,1,0,50000.0
4119,881,102,2023-12-09,1,12,440000.0
4120,290,14,2024-11-04,1,10,49500.0
4121,871,41,2024-05-22,1,3,24250.0
4122,871,13,2025-04-03,1,3,40740.0
4123,340,53,2024-06-02,1,15,55250.0
4124,287,41,2025-09-29,1,6,23500.0
4125,412,50,2026-02-01,1,15,49300.0
4126,1355,28,2025-03-12,1,0,48000.0
4127,59,20,2025-01-04,1,3,43650.0
4128,1686,87,2025-08-07,1,2,27440.0
4129,853,118,2024-10-20,1,7,2790000.0
4130,174,52,2026-01-20,1,9,63700.0
4131,1984,39,2025-01-02,1,7,32550.0
4132,1991,80,2026-05-16,1,6,56400.0
4133,296,20,2026-06-22,1,2,44100.0
4134,1379,91,2025-05-19,1,7,24180.0
4135,522,50,2024-10-27,1,10,52200.0
4136,1412,109,2025-04-26,1,14,38700.0
4137,268,142,2024-09-30,1,15,32300.0
4138,918,69,2026-05-07,1,4,192000.0
4139,883,112,2024-12-16,1,11,19580.0
4140,9,17,2024-11-27,1,8,20240.0
4141,1854,75,2024-08-02,1,6,20680.0
4142,1110,33,2025-12-30,1,0,26000.0
4143,1613,117,2025-05-26,1,7,69750.0
4144,602,17,2026-08-21,1,12,19360.0
4145,1477,87,2024-06-03,1,9,25480.0
4146,1517,92,2024-01-04,1,0,18000.0
4147,1743,119,2024-07-03,1,0,2000000.0
4148,1634,106,2024-01-24,1,12,17600.0
4149,1754,127,2025-06-18,1,11,48950.0
4150,606,96,2024-07-31,1,9,20020.0
4151,442,127,2025-08-10,1,12,48400.0
4152,751,79,2026-06-29,1,7,79050.0
4153,1518,114,2023-09-19,1,1,27720.0
4154,298,5,2026-04-20,1,14,41280.0
4155,1665,66,2026-02-06,1,2,186200.0
4156,1671,50,2025-03-31,1,9,52780.0
4157,255,33,2025-06-12,1,13,22620.0
4158,1103,8,2026-08-30,1,7,69750.0
4159,916,66,2025-01-23,1,8,174800.0
4160,361,71,2026-05-08,1,6,4700000.0
4161,273,102,2024-08-07,1,8,460000.0
4162,702,11,2024-11-21,1,15,40800.0
4163,1015,43,2024-01-21,1,2,58800.0
4164,703,63,2024-12-29,1,15,32300.0
4165,1791,122,2026-04-10,1,2,588000.0
4166,1621,11,2025-09-15,1,12,42240.0
4167,173,51,2025-09-24,1,12,42240.0
4168,1150,141,2025-05-13,1,13,24360.0
4169,1572,126,2023-12-17,1,8,36800.0
4170,70,73,2026-03-25,1,12,30800.0
4171,136,12,2026-05-11,1,11,44500.0
4172,1557,53,2024-11-29,1,12,57200.0
4173,44,123,2025-09-28,1,10,54000.0
4174,1383,33,2025-08-11,1,3,25220.0
4175,1408,106,2024-07-22,1,3,19400.0
4176,358,72,2023-10-10,1,10,25200.0
4177,1456,39,2026-06-03,1,12,30800.0
4178,1210,46,2024-07-04,1,7,44640.0
4179,2000,93,2024-03-14,1,9,12740.0
4180,1303,7,2025-07-02,1,7,51150.0
4181,478,16,2025-08-27,1,13,73950.0
4182,1392,38,2024-02-15,1,15,23800.0
4183,563,32,2024-10-11,1,5,74100.0
4184,1375,12,2024-08-30,1,15,42500.0
4185,1115,4,2026-08-27,1,0,85000.0
4186,483,10,2025-07-16,1,13,39150.0
4187,1081,98,2026-07-24,1,6,47000.0
4188,1561,52,2024-11-05,1,9,63700.0
4189,1940,95,2026-08-03,1,3,14550.0
4190,639,122,2024-11-08,1,6,564000.0
4191,524,104,2024-01-21,1,3,21340.0
4192,1925,68,2024-03-20,1,5,218500.0
4193,1246,142,2023-12-14,1,1,37620.0
4194,1068,125,2024-10-02,1,11,97900.0
4195,1384,23,2026-02-08,1,14,34400.0
4196,84,131,2025-05-24,1,10,135000.0
4197,1766,17,2025-12-07,1,8,20240.0
4198,378,27,2026-04-01,1,6,33840.0
4199,24,79,2023-12-21,1,12,74800.0
4200,1897,96,2023-10-04,1,1,21780.0
4201,1889,55,2024-08-16,1,11,57850.0
4202,360,67,2024-04-19,1,6,235000.0
4203,1647,88,2026-09-11,1,4,33600.0
4204,1999,26,2024-09-29,1,0,32000.0
4205,71,64,2024-11-24,1,12,132000.0
4206,728,46,2025-01-27,1,0,48000.0
4207,1668,70,2025-09-06,1,10,2700000.0
4208,1123,56,2025-08-06,1,9,86450.0
4209,938,62,2026-07-02,1,11,46280.0
4210,3,36,2025-05-30,1,15,35700.0
4211,278,123,2026-02-01,1,10,54000.0
4212,398,83,2026-06-24,1,5,33250.0
4213,368,45,2023-11-11,1,2,41160.0
4214,1058,37,2024-06-20,1,2,18620.0
4215,739,21,2025-05-31,1,15,19550.0
4216,1240,112,2026-08-20,1,13,19140.0
4217,1775,57,2025-06-18,1,6,39480.0
4218,851,70,2026-02-25,1,15,2550000.0
4219,1391,53,2023-12-30,1,4,62400.0
4220,1862,89,2025-07-13,1,10,13500.0
4221,1893,127,2024-12-26,1,1,54450.0
4222,472,59,2025-02-17,1,8,46000.0
4223,755,23,2025-06-25,1,1,39600.0
4224,115,63,2026-01-25,1,4,36480.0
4225,224,39,2024-04-17,1,7,32550.0
4226,1177,124,2024-09-12,1,11,62300.0
4227,1738,103,2024-08-08,1,12,15840.0
4228,52,141,2025-05-09,1,12,24640.0
4229,201,74,2024-06-30,1,10,40500.0
4230,1104,47,2025-07-09,1,10,72000.0
4231,298,6,2025-10-17,1,11,55180.0
4232,834,50,2026-04-21,1,3,56260.0
4233,1724,36,2026-08-30,1,0,42000.0
4234,782,106,2025-10-19,1,3,19400.0
4235,1611,67,2026-01-25,1,6,235000.0
4236,1519,136,2023-12-18,1,3,291000.0
4237,700,40,2024-03-31,1,6,28200.0
4238,1405,19,2024-04-14,1,15,28050.0
4239,186,59,2024-01-29,1,2,49000.0
4240,1138,132,2024-08-25,1,11,21360.0
4241,838,42,2024-12-30,1,15,34000.0
4242,1654,28,2024-06-30,1,6,45120.0
4243,197,66,2026-08-07,1,9,172900.0
4244,1595,96,2025-12-25,1,13,19140.0
4245,704,140,2024-09-01,1,1,20790.0
4246,354,105,2026-05-05,1,13,26100.0
4247,697,132,2026-08-17,1,9,21840.0
4248,1903,47,2026-01-05,1,8,73600.0
4249,1310,106,2025-03-15,1,2,19600.0
4250,1090,41,2026-01-30,1,0,25000.0
4251,1649,20,2025-01-19,1,9,40950.0
4252,624,85,2024-09-12,1,3,46560.0
4253,631,55,2024-02-18,1,8,59800.0
4254,1848,131,2026-03-09,1,1,148500.0
4255,1415,113,2024-01-22,1,5,28500.0
4256,954,16,2024-12-18,1,10,76500.0
4257,1927,96,2026-07-02,1,6,20680.0
4258,608,125,2025-11-08,1,12,96800.0
4259,1442,117,2026-02-27,1,15,63750.0
4260,809,108,2026-04-26,1,4,28800.0
4261,1960,67,2024-03-29,1,2,245000.0
4262,1190,31,2026-05-09,1,12,51040.0
4263,1850,131,2025-04-06,1,12,132000.0
4264,1847,50,2024-01-08,1,4,55680.0
4265,1590,79,2023-12-30,1,6,79900.0
4266,250,14,2023-10-24,1,13,47850.0
4267,347,1,2026-07-16,1,14,20640.0
4268,1072,131,2026-08-02,1,5,142500.0
4269,1921,20,2024-10-10,1,8,41400.0
4270,1693,35,2023-09-14,1,14,30100.0
4271,1673,34,2024-07-07,1,5,30400.0
4272,54,114,2026-02-03,1,4,26880.0
4273,1127,54,2026-06-18,1,1,118800.0
4274,1564,13,2024-12-22,1,8,38640.0
4275,866,2,2023-10-01,1,13,27840.0
4276,1563,124,2026-05-08,1,4,67200.0
4277,1736,127,2023-09-19,1,10,49500.0
4278,1542,90,2026-01-10,1,2,21560.0
4279,1691,48,2026-02-10,1,2,88200.0
4280,1410,31,2026-05-25,1,15,49300.0
4281,1924,8,2024-08-29,1,0,75000.0
4282,97,121,2024-06-07,1,7,213900.0
4283,1274,31,2026-07-27,1,1,57420.0
4284,598,116,2024-10-23,1,8,55200.0
4285,456,90,2025-01-16,1,15,18700.0
4286,231,47,2024-06-12,1,12,70400.0
4287,1418,54,2025-10-17,1,4,115200.0
4288,1731,36,2024-12-03,1,9,38220.0
4289,1631,5,2025-04-15,1,15,40800.0
4290,370,104,2023-11-17,1,5,20900.0
4291,1769,47,2025-08-25,1,5,76000.0
4292,1661,70,2024-05-01,1,0,3000000.0
4293,753,33,2023-12-03,1,9,23660.0
4294,1065,90,2026-01-24,1,14,18920.0
4295,1712,32,2024-08-14,1,14,67080.0
4296,842,136,2025-05-31,1,9,273000.0
4297,1190,7,2023-10-02,1,5,52250.0
4298,754,136,2026-06-19,1,5,285000.0
4299,421,89,2026-09-08,1,9,13650.0
4300,263,136,2024-03-07,1,4,288000.0
4301,727,31,2024-07-24,1,8,53360.0
4302,1585,80,2026-03-10,1,8,55200.0
4303,1342,82,2025-07-15,1,5,26600.0
4304,56,25,2026-06-07,1,7,23250.0
4305,413,143,2024-07-13,1,8,18400.0
4306,1490,31,2023-09-27,1,4,55680.0
4307,1117,39,2025-08-06,1,14,30100.0
4308,1181,85,2025-09-10,1,9,43680.0
4309,1291,103,2023-09-30,1,15,15300.0
4310,1895,5,2025-09-30,1,14,41280.0
4311,903,11,2025-11-28,1,0,48000.0
4312,1741,11,2025-09-22,1,2,47040.0
4313,1536,119,2023-09-15,1,12,1760000.0
4314,1169,68,2023-12-06,1,9,209300.0
4315,1983,66,2026-08-30,1,6,178600.0
4316,407,39,2023-12-20,1,11,31150.0
4317,280,3,2026-07-16,1,8,34960.0
4318,1834,128,2026-02-04,1,15,68000.0
4319,176,57,2024-07-30,1,7,39060.0
4320,1684,75,2023-10-09,1,10,19800.0
4321,519,35,2025-06-18,1,5,33250.0
4322,199,109,2026-02-22,1,3,43650.0
4323,1176,134,2023-10-08,1,4,43200.0
4324,1275,22,2024-06-16,1,13,27840.0
4325,1422,112,2024-02-12,1,5,20900.0
4326,608,107,2024-01-22,1,8,23000.0
4327,1682,81,2026-01-26,1,11,19580.0
4328,1399,123,2025-12-14,1,1,59400.0
4329,351,103,2023-12-03,1,8,16560.0
4330,887,87,2024-02-18,1,11,24920.0
4331,1557,50,2024-04-07,1,4,55680.0
4332,554,44,2025-03-29,1,10,45000.0
4333,1177,66,2023-10-14,1,8,174800.0
4334,1923,63,2024-10-08,1,13,33060.0
4335,517,20,2025-12-01,1,2,44100.0
4336,418,53,2026-09-05,1,14,55900.0
4337,591,56,2026-04-14,1,13,82650.0
4338,930,143,2025-03-08,1,11,17800.0
4339,703,132,2024-02-14,1,13,20880.0
4340,367,129,2025-12-09,1,3,82450.0
4341,1636,144,2023-11-20,1,14,24080.0
4342,437,29,2025-10-03,1,11,34710.0
4343,765,39,2025-01-07,1,0,35000.0
4344,1812,93,2024-05-04,1,7,13020.0
4345,228,20,2026-05-25,1,11,40050.0
4346,714,2,2025-08-08,1,1,31680.0
4347,1474,63,2025-03-29,1,0,38000.0
4348,828,24,2023-10-31,1,8,44160.0
4349,1635,95,2025-01-31,1,4,14400.0
4350,255,116,2025-05-27,1,15,51000.0
4351,645,126,2025-03-25,1,8,36800.0
4352,261,100,2024-07-08,1,13,217500.0
4353,806,80,2024-08-21,1,8,55200.0
4354,1656,51,2024-05-01,1,14,41280.0
4355,1346,56,2024-11-12,1,10,85500.0
4356,140,35,2026-08-23,1,5,33250.0
4357,637,110,2026-02-13,1,9,54600.0
4358,591,24,2023-12-02,1,11,42720.0
4359,1975,46,2025-03-08,1,2,47040.0
4360,1251,10,2025-10-17,1,11,40050.0
4361,1483,139,2025-01-08,1,3,29100.0
4362,798,68,2023-11-17,1,0,230000.0
4363,698,106,2026-04-30,1,5,19000.0
4364,938,61,2025-12-18,1,14,38700.0
4365,122,64,2023-09-21,1,8,138000.0
4366,1841,93,2024-09-26,1,0,14000.0
4367,344,115,2026-01-18,1,11,40050.0
4368,585,75,2025-05-02,1,2,21560.0
4369,1605,124,2026-01-25,1,15,59500.0
4370,1818,5,2025-08-09,1,13,41760.0
4371,934,100,2025-05-01,1,2,245000.0
4372,479,142,2025-03-15,1,13,33060.0
4373,804,120,2024-09-16,1,3,242500.0
4374,319,12,2025-10-01,1,5,47500.0
4375,1402,29,2024-11-29,1,7,36270.0
4376,698,136,2026-01-29,1,7,279000.0
4377,1078,94,2025-03-27,1,13,17400.0
4378,201,2,2024-03-19,1,5,30400.0
4379,1607,106,2024-05-14,1,0,20000.0
4380,118,92,2024-01-13,1,15,15300.0
4381,263,38,2026-07-17,1,0,28000.0
4382,1006,125,2026-05-29,1,14,94600.0
4383,614,143,2025-01-01,1,14,17200.0
4384,1369,2,2026-08-20,1,11,28480.0
4385,1199,54,2024-03-29,1,6,112800.0
4386,1064,142,2024-12-07,1,2,37240.0
4387,53,15,2025-09-02,1,5,61750.0
4388,563,10,2024-07-01,1,7,41850.0
4389,513,91,2024-09-27,1,14,22360.0
4390,1828,14,2025-02-24,1,5,52250.0
4391,276,33,2024-05-04,1,15,22100.0
4392,1618,118,2026-04-21,1,3,2910000.0
4393,865,113,2025-03-17,1,3,29100.0
4394,348,94,2026-06-06,1,7,18600.0
4395,197,98,2024-08-07,1,11,44500.0
4396,458,106,2025-07-02,1,10,18000.0
4397,1943,106,2023-12-07,1,2,19600.0
4398,1954,25,2025-08-12,1,14,21500.0
4399,1221,10,2026-07-29,1,11,40050.0
4400,822,131,2026-07-18,1,10,135000.0
4401,646,103,2024-08-10,1,14,15480.0
4402,241,85,2026-02-12,1,9,43680.0
4403,1674,129,2024-10-11,1,4,81600.0
4404,1073,23,2024-02-28,1,3,38800.0
4405,1808,79,2025-02-05,1,3,82450.0
4406,1924,1,2024-05-22,1,15,20400.0
4407,1312,28,2026-01-13,1,12,42240.0
4408,345,135,2025-08-26,1,12,220000.0
4409,1726,127,2024-12-06,1,13,47850.0
4410,540,141,2026-02-11,1,8,25760.0
4411,1125,73,2025-10-24,1,8,32200.0
4412,1454,3,2025-08-28,1,0,38000.0
4413,1350,67,2025-06-07,1,6,235000.0
4414,298,142,2026-08-13,1,6,35720.0
4415,1598,1,2024-10-20,1,2,23520.0
4416,909,104,2026-01-05,1,13,19140.0
4417,1907,12,2024-05-13,1,0,50000.0
4418,1800,17,2025-08-24,1,15,18700.0
4419,941,60,2026-03-13,1,9,81900.0
4420,359,26,2026-06-11,1,13,27840.0
4421,1312,110,2026-03-13,1,6,56400.0
4422,1191,115,2024-05-27,1,4,43200.0
4423,1836,6,2023-12-21,1,9,56420.0
4424,1665,100,2025-01-12,1,6,235000.0
4425,1089,36,2026-06-28,1,0,42000.0
4426,738,65,2026-05-11,1,6,206800.0
4427,96,23,2025-05-17,1,4,38400.0
4428,1352,2,2024-08-15,1,11,28480.0
4429,117,66,2025-03-26,1,11,169100.0
4430,345,98,2025-02-01,1,2,49000.0
4431,158,1,2026-03-26,1,12,21120.0
4432,1722,67,2024-09-27,1,12,220000.0
4433,1499,117,2026-07-19,1,12,66000.0
4434,1273,82,2026-04-11,1,10,25200.0
4435,471,61,2024-06-11,1,13,39150.0
4436,1527,46,2024-12-06,1,0,48000.0
4437,753,114,2026-06-27,1,12,24640.0
4438,1969,72,2024-10-17,1,4,26880.0
4439,1693,19,2024-02-13,1,13,28710.0
4440,186,62,2024-12-30,1,7,48360.0
4441,233,31,2024-04-10,1,7,53940.0
4442,1929,114,2025-10-12,1,6,26320.0
4443,191,33,2025-07-28,1,7,24180.0
4444,1185,134,2026-03-22,1,2,44100.0
4445,709,66,2024-04-28,1,6,178600.0
4446,9,76,2026-02-03,1,15,34000.0
4447,779,77,2024-02-21,1,2,34300.0
4448,149,47,2025-01-20,1,4,76800.0
4449,1565,118,2025-03-22,1,4,2880000.0
4450,223,50,2025-06-16,1,4,55680.0
4451,1906,39,2024-01-26,1,6,32900.0
4452,1196,119,2024-01-04,1,4,1920000.0
4453,512,5,2026-06-27,1,13,41760.0
4454,1428,74,2024-09-24,1,0,45000.0
4455,1732,49,2025-05-08,1,0,45000.0
4456,257,135,2026-03-15,1,11,222500.0
4457,1153,97,2026-05-04,1,6,42300.0
4458,1150,95,2024-05-30,1,9,13650.0
4459,1018,92,2025-05-14,1,11,16020.0
4460,1453,136,2024-01-10,1,2,294000.0
4461,1806,145,2024-10-31,1,9,31850.0
4462,1425,144,2024-07-13,1,7,26040.0
4463,1998,6,2024-07-14,1,15,52700.0
4464,213,118,2024-04-26,1,5,2850000.0
4465,1671,75,2026-05-07,1,15,18700.0
4466,1606,27,2025-10-03,1,15,30600.0
4467,1403,16,2025-10-13,1,9,77350.0
4468,1005,62,2025-02-28,1,11,46280.0
4469,1737,94,2026-04-14,1,4,19200.0
4470,513,65,2024-04-02,1,14,189200.0
4471,1193,72,2024-09-29,1,13,24360.0
4472,1867,3,2023-10-07,1,9,34580.0
4473,477,10,2026-03-30,1,4,43200.0
4474,539,48,2024-07-22,1,14,77400.0
4475,1874,109,2024-05-05,1,0,45000.0
4476,1030,103,2025-12-12,1,9,16380.0
4477,60,135,2026-06-20,1,10,225000.0
4478,84,127,2023-10-31,1,15,46750.0
4479,869,120,2025-05-24,1,14,215000.0
4480,392,15,2024-10-09,1,12,57200.0
4481,1016,43,2025-10-04,1,0,60000.0
4482,1486,60,2024-04-11,1,3,87300.0
4483,1938,86,2026-03-03,1,9,18200.0
4484,1555,122,2026-06-25,1,5,570000.0
4485,1755,119,2025-08-24,1,3,1940000.0
4486,357,18,2023-11-16,1,10,25200.0
4487,672,70,2025-01-26,1,8,2760000.0
4488,1693,82,2026-05-21,1,7,26040.0
4489,1404,103,2025-07-26,1,4,17280.0
4490,432,29,2024-11-25,1,7,36270.0
4491,1652,110,2026-08-10,1,10,54000.0
4492,618,30,2024-09-27,1,3,46560.0
4493,231,118,2025-06-19,1,1,2970000.0
4494,1515,102,2026-05-28,1,8,460000.0
4495,786,82,2025-10-16,1,13,24360.0
4496,1110,132,2025-07-07,1,7,22320.0
4497,810,10,2025-12-04,1,8,41400.0
4498,950,65,2025-03-03,1,7,204600.0
4499,1402,78,2024-02-28,1,2,37240.0
4500,925,36,2023-10-02,1,14,36120.0
4501,712,2,2024-11-03,1,11,28480.0
4502,1703,46,2023-12-05,1,0,48000.0
4503,650,107,2025-11-30,1,13,21750.0
4504,265,71,2024-08-03,1,13,4350000.0
4505,1741,101,2025-09-27,1,4,336000.0
4506,999,12,2026-05-02,1,7,46500.0
4507,1885,19,2024-06-08,1,7,30690.0
4508,83,110,2024-05-05,1,7,55800.0
4509,565,130,2023-12-30,1,8,87400.0
4510,24,49,2024-05-21,1,8,41400.0
4511,153,135,2024-03-11,1,3,242500.0
4512,1590,32,2025-07-15,1,10,70200.0
4513,1570,2,2026-01-14,1,5,30400.0
4514,305,100,2026-03-31,1,14,215000.0
4515,1332,129,2024-09-09,1,7,79050.0
4516,1448,57,2025-02-03,1,3,40740.0
4517,1869,99,2025-08-06,1,2,53900.0
4518,527,110,2024-07-01,1,15,51000.0
4519,1712,33,2025-02-19,1,5,24700.0
4520,65,59,2025-04-18,1,6,47000.0
4521,1835,76,2024-09-14,1,7,37200.0
4522,1932,71,2024-06-05,1,15,4250000.0
4523,701,50,2024-04-25,1,5,55100.0
4524,1752,4,2026-04-15,1,3,82450.0
4525,1547,22,2025-12-27,1,10,28800.0
4526,1513,105,2024-08-29,1,4,28800.0
4527,1554,54,2025-11-20,1,2,117600.0
4528,554,49,2025-09-12,1,3,43650.0
4529,1153,101,2025-09-21,1,10,315000.0
4530,102,100,2024-03-23,1,11,222500.0
4531,470,81,2024-12-23,1,3,21340.0
4532,376,61,2025-12-11,1,9,40950.0
4533,137,55,2023-12-27,1,11,57850.0
4534,575,106,2023-10-28,1,10,18000.0
4535,1902,19,2024-05-07,1,14,28380.0
4536,23,35,2026-07-17,1,2,34300.0
4537,227,15,2026-08-21,1,12,57200.0
4538,1336,145,2024-10-24,1,6,32900.0
4539,698,75,2026-02-10,1,7,20460.0
4540,1797,41,2025-11-02,1,6,23500.0
4541,1866,34,2025-09-27,1,13,27840.0
4542,766,104,2026-07-12,1,9,20020.0
4543,497,71,2026-01-09,1,11,4450000.0
4544,1188,133,2026-02-05,1,11,26700.0
4545,912,71,2023-12-01,1,5,4750000.0
4546,1892,75,2026-01-26,1,8,20240.0
4547,1425,89,2023-12-13,1,5,14250.0
4548,656,94,2024-12-17,1,0,20000.0
4549,446,14,2026-02-02,1,4,52800.0
4550,1558,35,2025-04-19,1,14,30100.0
4551,854,59,2024-08-31,1,10,45000.0
4552,1374,34,2025-05-09,1,0,32000.0
4553,1815,128,2024-02-07,1,2,78400.0
4554,1772,58,2024-08-01,1,14,41280.0
4555,1025,29,2026-05-31,1,8,35880.0
4556,1922,105,2023-11-07,1,11,26700.0
4557,1123,72,2025-01-13,1,6,26320.0
4558,233,80,2026-07-26,1,15,51000.0
4559,733,109,2025-01-08,1,1,44550.0
4560,1585,41,2025-05-22,1,5,23750.0
4561,97,128,2026-03-29,1,6,75200.0
4562,849,2,2025-06-18,1,13,27840.0
4563,1041,44,2024-12-30,1,14,43000.0
4564,1326,119,2024-10-20,1,5,1900000.0
4565,1631,68,2024-08-02,1,14,197800.0
4566,1720,82,2024-08-15,1,13,24360.0
4567,694,83,2023-12-12,1,11,31150.0
4568,619,66,2024-08-17,1,8,174800.0
4569,1050,120,2024-02-18,1,11,222500.0
4570,1635,92,2024-03-02,1,13,15660.0
4571,1295,26,2024-09-08,1,11,28480.0
4572,823,74,2025-07-17,1,3,43650.0
4573,1660,82,2026-07-31,1,14,24080.0
4574,1438,87,2025-07-30,1,6,26320.0
4575,1430,70,2023-09-22,1,1,2970000.0
4576,38,123,2025-08-17,1,9,54600.0
4577,301,30,2024-04-18,1,12,42240.0
4578,832,57,2025-06-20,1,9,38220.0
4579,1058,140,2025-11-14,1,5,19950.0
4580,501,94,2024-03-16,1,12,17600.0
4581,87,67,2025-08-01,1,0,250000.0
4582,307,41,2025-03-02,1,2,24500.0
4583,136,17,2024-10-16,1,13,19140.0
4584,1770,141,2024-12-02,1,5,26600.0
4585,1564,6,2026-03-21,1,2,60760.0
4586,436,103,2025-01-23,1,10,16200.0
4587,746,118,2024-07-03,1,8,2760000.0
4588,1790,99,2025-04-16,1,8,50600.0
4589,928,24,2026-06-29,1,4,46080.0
4590,1275,84,2025-09-07,1,15,29750.0
4591,401,135,2024-10-01,1,8,230000.0
4592,65,49,2026-01-26,1,12,39600.0
4593,1523,7,2025-01-17,1,1,54450.0
4594,1768,6,2026-09-07,1,2,60760.0
4595,1891,84,2026-08-19,1,7,32550.0
4596,1758,31,2024-08-10,1,1,57420.0
4597,640,138,2024-12-12,1,7,32550.0
4598,1855,76,2024-11-22,1,0,40000.0
4599,1468,48,2024-10-10,1,8,82800.0
4600,961,75,2024-08-29,1,13,19140.0
4601,1182,42,2024-05-21,1,9,36400.0
4602,1785,124,2025-07-14,1,13,60900.0
4603,138,77,2026-04-05,1,5,33250.0
4604,9,83,2026-06-29,1,1,34650.0
4605,1557,80,2026-07-25,1,11,53400.0
4606,1441,137,2023-11-18,1,6,20680.0
4607,780,92,2026-05-17,1,11,16020.0
4608,1906,8,2025-05-11,1,15,63750.0
4609,1627,37,2024-06-26,1,5,18050.0
4610,570,11,2024-03-24,1,7,44640.0
4611,461,68,2026-02-22,1,13,200100.0
4612,958,31,2026-03-25,1,9,52780.0
4613,1641,73,2025-05-15,1,8,32200.0
4614,1321,27,2024-12-18,1,11,32040.0
4615,757,86,2025-09-09,1,6,18800.0
4616,777,50,2024-04-08,1,7,53940.0
4617,1205,9,2024-10-10,1,11,20470.0
4618,1554,107,2024-01-31,1,14,21500.0
4619,1701,98,2026-06-17,1,4,48000.0
4620,128,112,2025-10-04,1,2,21560.0
4621,191,42,2025-06-05,1,4,38400.0
4622,377,3,2025-03-20,1,3,36860.0
4623,1316,111,2024-06-27,1,9,50050.0
4624,974,98,2024-04-14,1,10,45000.0
4625,1240,122,2023-11-11,1,9,546000.0
4626,1302,3,2025-03-07,1,13,33060.0
4627,1226,121,2024-08-10,1,6,216200.0
4628,364,47,2025-07-04,1,15,68000.0
4629,1536,92,2025-09-19,1,11,16020.0
4630,1990,32,2025-02-28,1,5,74100.0
4631,654,82,2024-08-19,1,12,24640.0
4632,27,143,2026-04-05,1,1,19800.0
4633,1314,31,2025-09-13,1,0,58000.0
4634,1295,93,2024-06-05,1,9,12740.0
4635,1385,8,2024-02-04,1,5,71250.0
4636,1060,3,2026-01-29,1,10,34200.0
4637,1212,89,2024-10-14,1,2,14700.0
4638,1486,37,2026-09-08,1,9,17290.0
4639,950,50,2026-04-09,1,4,55680.0
4640,1656,69,2024-04-16,1,9,182000.0
4641,892,113,2026-07-13,1,15,25500.0
4642,726,12,2026-03-14,1,0,50000.0
4643,1995,66,2025-05-18,1,2,186200.0
4644,342,94,2024-09-01,1,15,17000.0
4645,534,100,2025-04-13,1,15,212500.0
4646,1349,10,2025-03-31,1,5,42750.0
4647,169,123,2023-10-16,1,13,52200.0
4648,1190,43,2025-08-09,1,2,58800.0
4649,1846,25,2026-03-19,1,6,23500.0
4650,668,115,2024-01-13,1,4,43200.0
4651,330,39,2025-09-30,1,3,33950.0
4652,1760,125,2023-10-14,1,3,106700.0
4653,1601,40,2024-04-18,1,1,29700.0
4654,1135,130,2025-09-17,1,4,91200.0
4655,76,71,2024-02-06,1,7,4650000.0
4656,650,43,2023-10-11,1,13,52200.0
4657,1829,31,2026-09-09,1,6,54520.0
4658,35,70,2026-03-10,1,1,2970000.0
4659,1146,43,2026-07-17,1,13,52200.0
4660,1035,20,2026-05-18,1,9,40950.0
4661,1141,41,2024-08-05,1,11,22250.0
4662,1537,94,2025-09-28,1,14,17200.0
4663,1041,128,2024-01-17,1,3,77600.0
4664,760,32,2024-11-20,1,10,70200.0
4665,410,25,2024-10-15,1,8,23000.0
4666,456,98,2025-02-11,1,8,46000.0
4667,493,12,2025-06-22,1,8,46000.0
4668,1029,13,2025-10-29,1,1,41580.0
4669,455,108,2023-09-21,1,3,29100.0
4670,1276,78,2025-08-15,1,2,37240.0
4671,33,12,2024-05-14,1,12,44000.0
4672,50,11,2024-04-25,1,15,40800.0
4673,1925,56,2023-11-19,1,14,81700.0
4674,293,131,2024-07-25,1,4,144000.0
4675,408,96,2024-10-05,1,13,19140.0
4676,1887,31,2024-06-15,1,3,56260.0
4677,1622,26,2025-06-22,1,0,32000.0
4678,1316,109,2024-10-26,1,11,40050.0
4679,365,63,2026-08-29,1,1,37620.0
4680,1281,115,2025-12-12,1,3,43650.0
4681,92,33,2026-07-12,1,10,23400.0
4682,1307,130,2026-06-10,1,10,85500.0
4683,339,111,2026-08-03,1,2,53900.0
4684,1250,93,2026-02-16,1,7,13020.0
4685,1614,88,2025-11-17,1,2,34300.0
4686,198,145,2025-05-01,1,0,35000.0
4687,323,120,2026-04-04,1,7,232500.0
4688,156,143,2025-03-03,1,10,18000.0
4689,1045,61,2025-11-07,1,9,40950.0
4690,43,27,2024-08-18,1,3,34920.0
4691,747,21,2025-02-02,1,1,22770.0
4692,1638,46,2026-08-19,1,9,43680.0
4693,1799,16,2024-05-25,1,3,82450.0
4694,697,126,2026-05-29,1,6,37600.0
4695,618,8,2024-04-23,1,5,71250.0
4696,1220,140,2026-05-25,1,1,20790.0
4697,522,32,2024-12-23,1,9,70980.0
4698,130,2,2025-07-14,1,7,29760.0
4699,192,122,2023-10-08,1,2,588000.0
4700,892,36,2025-08-28,1,14,36120.0
4701,383,95,2026-02-13,1,4,14400.0
4702,1964,9,2023-10-07,1,11,20470.0
4703,1475,71,2024-03-27,1,4,4800000.0
4704,972,143,2025-01-21,1,13,17400.0
4705,1151,9,2024-11-24,1,13,20010.0
4706,1857,100,2026-07-11,1,4,240000.0
4707,1176,109,2026-04-16,1,1,44550.0
4708,254,144,2026-02-06,1,14,24080.0
4709,1350,2,2026-01-20,1,2,31360.0
4710,205,48,2024-08-05,1,0,90000.0
4711,673,107,2025-11-18,1,14,21500.0
4712,550,52,2025-04-24,1,7,65100.0
4713,1241,142,2023-12-14,1,8,34960.0
4714,1957,11,2026-04-27,1,15,40800.0
4715,1578,87,2025-06-05,1,14,24080.0
4716,1174,37,2025-01-18,1,3,18430.0
4717,1964,139,2026-04-19,1,3,29100.0
4718,1466,138,2025-04-09,1,8,32200.0
4719,1019,76,2025-08-07,1,13,34800.0
4720,1048,26,2026-06-27,1,10,28800.0
4721,159,46,2026-06-14,1,3,46560.0
4722,676,100,2024-04-04,1,1,247500.0
4723,1820,55,2026-03-12,1,7,60450.0
4724,608,45,2025-06-14,1,2,41160.0
4725,1518,54,2025-04-20,1,1,118800.0
4726,1919,79,2025-08-28,1,0,85000.0
4727,568,111,2023-10-26,1,10,49500.0
4728,1800,25,2023-12-15,1,12,22000.0
4729,94,27,2025-05-08,1,8,33120.0
4730,552,20,2023-10-06,1,1,44550.0
4731,1316,49,2025-06-28,1,6,42300.0
4732,1680,24,2025-06-26,1,0,48000.0
4733,1034,60,2023-10-16,1,6,84600.0
4734,1250,39,2023-11-04,1,2,34300.0
4735,422,114,2024-08-05,1,15,23800.0
4736,1318,129,2026-06-06,1,0,85000.0
4737,288,4,2023-09-26,1,9,77350.0
4738,1033,123,2026-01-26,1,6,56400.0
4739,1922,138,2023-11-26,1,0,35000.0
4740,1268,32,2025-07-28,1,3,75660.0
4741,1650,141,2023-10-14,1,14,24080.0
4742,1203,29,2025-11-25,1,9,35490.0
4743,1974,107,2025-08-15,1,11,22250.0
4744,1345,97,2023-10-25,1,4,43200.0
4745,25,84,2024-12-29,1,7,32550.0
4746,627,47,2024-04-15,1,3,77600.0
4747,433,107,2025-10-22,1,6,23500.0
4748,858,109,2026-08-29,1,1,44550.0
4749,74,82,2026-01-27,1,7,26040.0
4750,1718,112,2024-11-14,1,6,20680.0
4751,365,87,2024-04-07,1,4,26880.0
4752,1669,2,2024-12-17,1,5,30400.0
4753,1591,37,2026-06-24,1,9,17290.0
4754,226,63,2026-01-09,1,3,36860.0
4755,1213,89,2025-07-22,1,9,13650.0
4756,1736,34,2024-09-15,1,1,31680.0
4757,1630,49,2026-03-08,1,10,40500.0
4758,42,49,2026-06-17,1,5,42750.0
4759,1848,20,2025-11-30,1,6,42300.0
4760,174,118,2025-05-11,1,13,2610000.0
4761,620,117,2025-01-07,1,15,63750.0
4762,1622,104,2026-08-10,1,5,20900.0
4763,708,22,2024-07-09,1,7,29760.0
4764,1772,90,2024-10-10,1,2,21560.0
4765,1184,121,2024-06-27,1,7,213900.0
4766,706,94,2025-02-27,1,8,18400.0
4767,130,41,2024-07-25,1,2,24500.0
4768,832,142,2026-05-01,1,0,38000.0
4769,257,131,2025-09-25,1,10,135000.0
4770,320,25,2024-02-21,1,5,23750.0
4771,932,134,2025-03-04,1,11,40050.0
4772,691,96,2024-02-13,1,6,20680.0
4773,977,62,2026-01-21,1,2,50960.0
4774,891,84,2024-03-13,1,4,33600.0
4775,228,106,2024-08-23,1,1,19800.0
4776,1630,5,2024-06-15,1,15,40800.0
4777,1458,88,2024-09-02,1,13,30450.0
4778,1931,65,2026-02-12,1,15,187000.0
4779,1187,145,2025-08-16,1,1,34650.0
4780,977,83,2023-10-26,1,8,32200.0
4781,1354,108,2024-06-30,1,10,27000.0
4782,1173,102,2026-06-17,1,0,500000.0
4783,989,55,2024-09-22,1,0,65000.0
4784,1422,86,2024-08-19,1,3,19400.0
4785,202,7,2025-08-14,1,8,50600.0
4786,150,125,2025-10-08,1,14,94600.0
4787,1735,118,2025-07-10,1,2,2940000.0
4788,102,13,2024-08-17,1,6,39480.0
4789,500,40,2025-12-05,1,8,27600.0
4790,1662,52,2023-11-10,1,12,61600.0
4791,1395,12,2024-11-19,1,3,48500.0
4792,1662,27,2025-07-28,1,3,34920.0
4793,1932,30,2024-08-22,1,2,47040.0
4794,1715,19,2024-12-13,1,10,29700.0
4795,1626,83,2025-04-16,1,11,31150.0
4796,1445,77,2026-05-23,1,15,29750.0
4797,926,88,2026-03-04,1,9,31850.0
4798,1901,23,2023-10-23,1,2,39200.0
4799,733,128,2024-08-08,1,15,68000.0
4800,460,4,2025-05-31,1,0,85000.0
4801,996,85,2026-05-15,1,15,40800.0
4802,400,50,2025-07-29,1,13,50460.0
4803,1823,52,2023-09-30,1,5,66500.0
4804,1020,50,2023-09-30,1,10,52200.0
4805,1793,22,2026-04-11,1,11,28480.0
4806,721,75,2025-11-24,1,11,19580.0
4807,712,4,2025-04-01,1,7,79050.0
4808,1385,44,2024-12-14,1,8,46000.0
4809,1263,60,2026-03-28,1,5,85500.0
4810,1641,7,2024-01-26,1,12,48400.0
4811,753,30,2025-04-09,1,7,44640.0
4812,1382,108,2025-06-27,1,6,28200.0
4813,1251,47,2026-03-09,1,14,68800.0
4814,1708,86,2026-03-18,1,14,17200.0
4815,814,66,2024-04-20,1,6,178600.0
4816,315,44,2024-06-28,1,3,48500.0
4817,334,95,2024-04-25,1,4,14400.0
4818,1020,88,2026-01-09,1,4,33600.0
4819,1155,69,2024-02-09,1,6,188000.0
4820,589,130,2026-07-22,1,1,94050.0
4821,1427,138,2026-06-17,1,5,33250.0
4822,1713,53,2025-02-06,1,1,64350.0
4823,1001,9,2025-09-06,1,14,19780.0
4824,1861,68,2026-01-16,1,4,220800.0
4825,132,101,2025-03-24,1,7,325500.0
4826,657,53,2024-01-17,1,3,63050.0
4827,830,10,2025-10-14,1,4,43200.0
4828,725,12,2025-03-13,1,6,47000.0
4829,585,124,2024-02-17,1,13,60900.0
4830,487,11,2024-12-24,1,14,41280.0
4831,1095,83,2026-02-13,1,15,29750.0
4832,252,33,2023-09-17,1,13,22620.0
4833,986,14,2023-09-17,1,14,47300.0
4834,1780,14,2024-02-08,1,7,51150.0
4835,1707,101,2026-01-31,1,8,322000.0
4836,1905,99,2026-03-18,1,6,51700.0
4837,1736,26,2026-03-02,1,2,31360.0
4838,1339,96,2025-07-08,1,0,22000.0
4839,674,26,2025-05-21,1,11,28480.0
4840,1597,18,2025-09-10,1,3,27160.0
4841,1012,2,2024-12-23,1,9,29120.0
4842,443,48,2026-02-22,1,11,80100.0
4843,923,30,2026-05-01,1,8,44160.0
4844,1746,94,2023-11-06,1,13,17400.0
4845,1356,62,2024-04-04,1,10,46800.0
4846,1516,78,2025-10-26,1,12,33440.0
4847,905,127,2025-08-14,1,14,47300.0
4848,83,30,2024-04-27,1,8,44160.0
4849,1363,120,2026-01-20,1,8,230000.0
4850,214,7,2024-12-02,1,1,54450.0
4851,1348,2,2025-03-07,1,7,29760.0
4852,640,49,2025-12-22,1,0,45000.0
4853,1372,22,2023-12-12,1,3,31040.0
4854,1896,71,2024-01-20,1,11,4450000.0
4855,1865,73,2024-12-22,1,4,33600.0
4856,686,11,2023-09-23,1,1,47520.0
4857,545,16,2025-02-07,1,8,78200.0
4858,851,89,2024-04-19,1,9,13650.0
4859,1411,76,2024-09-09,1,7,37200.0
4860,1052,16,2025-03-25,1,4,81600.0
4861,604,98,2024-07-13,1,3,48500.0
4862,1877,51,2026-08-02,1,4,46080.0
4863,1700,106,2024-01-04,1,3,19400.0
4864,1156,28,2025-12-17,1,1,47520.0
4865,1940,140,2025-07-21,1,15,17850.0
4866,1387,128,2024-02-25,1,15,68000.0
4867,814,25,2024-08-15,1,9,22750.0
4868,320,83,2025-12-13,1,0,35000.0
4869,1267,75,2026-01-28,1,7,20460.0
4870,762,139,2024-12-13,1,13,26100.0
4871,264,47,2025-07-14,1,6,75200.0
4872,1992,92,2025-04-27,1,11,16020.0
4873,874,127,2026-08-27,1,13,47850.0
4874,1060,107,2026-04-23,1,5,23750.0
4875,392,81,2024-03-02,1,10,19800.0
4876,1600,13,2024-06-16,1,14,36120.0
4877,718,71,2023-12-24,1,10,4500000.0
4878,343,100,2026-02-17,1,5,237500.0
4879,922,144,2024-09-12,1,13,24360.0
4880,1202,28,2026-08-10,1,9,43680.0
4881,534,32,2024-11-11,1,4,74880.0
4882,927,81,2024-01-03,1,0,22000.0
4883,1393,109,2024-07-15,1,10,40500.0
4884,1101,17,2025-12-30,1,15,18700.0
4885,1516,94,2026-03-13,1,8,18400.0
4886,52,90,2026-07-28,1,4,21120.0
4887,1800,138,2023-09-29,1,12,30800.0
4888,1532,90,2025-04-20,1,8,20240.0
4889,381,135,2026-07-31,1,8,230000.0
4890,1876,142,2026-09-03,1,6,35720.0
4891,1431,46,2024-02-17,1,14,41280.0
4892,593,120,2026-03-02,1,7,232500.0
4893,1202,121,2024-07-05,1,6,216200.0
4894,1729,68,2024-07-17,1,10,207000.0
4895,1201,124,2024-12-19,1,13,60900.0
4896,1997,26,2025-07-31,1,5,30400.0
4897,688,9,2026-06-26,1,3,22310.0
4898,850,4,2023-12-17,1,0,85000.0
4899,1641,11,2024-08-02,1,12,42240.0
4900,50,144,2024-04-17,1,4,26880.0
4901,759,126,2025-11-22,1,10,36000.0
4902,177,77,2023-11-17,1,12,30800.0
4903,705,72,2025-02-04,1,14,24080.0
4904,925,94,2025-10-26,1,1,19800.0
4905,644,100,2026-04-06,1,0,250000.0
4906,1224,137,2025-09-03,1,14,18920.0
4907,997,139,2025-09-26,1,11,26700.0
4908,1202,111,2024-02-10,1,9,50050.0
4909,1577,48,2023-11-21,1,3,87300.0
4910,383,37,2025-06-23,1,2,18620.0
4911,927,94,2025-10-10,1,12,17600.0
4912,68,26,2026-02-19,1,5,30400.0
4913,265,91,2026-02-19,1,9,23660.0
4914,1906,113,2025-09-13,1,9,27300.0
4915,1241,113,2025-01-05,1,2,29400.0
4916,726,121,2025-09-21,1,9,209300.0
4917,1127,23,2024-02-26,1,7,37200.0
4918,366,86,2026-07-27,1,7,18600.0
4919,487,79,2024-01-18,1,0,85000.0
4920,1618,9,2025-07-30,1,4,22080.0
4921,804,54,2026-09-10,1,4,115200.0
4922,1935,41,2025-12-18,1,15,21250.0
4923,1011,67,2026-03-26,1,4,240000.0
4924,714,108,2024-07-16,1,12,26400.0
4925,99,93,2024-02-22,1,15,11900.0
4926,963,84,2024-12-17,1,10,31500.0
4927,372,67,2024-12-17,1,11,222500.0
4928,816,38,2025-07-24,1,9,25480.0
4929,1411,74,2025-04-28,1,11,40050.0
4930,107,76,2023-10-05,1,13,34800.0
4931,966,129,2024-11-05,1,13,73950.0
4932,732,19,2024-02-16,1,2,32340.0
4933,1321,48,2025-05-19,1,3,87300.0
4934,1712,43,2024-02-04,1,1,59400.0
4935,779,59,2026-07-10,1,1,49500.0
4936,708,17,2024-12-21,1,9,20020.0
4937,972,77,2025-11-09,1,11,31150.0
4938,816,5,2023-10-02,1,13,41760.0
4939,1726,51,2026-07-02,1,1,47520.0
4940,43,142,2025-12-12,1,7,35340.0
4941,856,104,2026-03-05,1,6,20680.0
4942,1041,130,2026-05-28,1,0,95000.0
4943,1989,101,2026-03-19,1,10,315000.0
4944,609,111,2024-02-24,1,7,51150.0
4945,1790,110,2025-03-13,1,9,54600.0
4946,115,97,2024-07-30,1,1,44550.0
4947,288,31,2025-03-08,1,5,55100.0
4948,22,24,2024-10-26,1,3,46560.0
4949,1900,12,2025-06-28,1,4,48000.0
4950,1660,7,2025-10-02,1,12,48400.0
4951,177,53,2024-12-17,1,1,64350.0
4952,928,135,2024-01-21,1,4,240000.0
4953,736,10,2024-08-31,1,14,38700.0
4954,923,83,2024-09-08,1,11,31150.0
4955,1067,56,2024-03-02,1,6,89300.0
4956,1896,116,2023-11-30,1,1,59400.0
4957,266,76,2025-12-25,1,5,38000.0
4958,136,113,2024-07-03,1,8,27600.0
4959,718,57,2024-12-10,1,7,39060.0
4960,482,54,2025-10-29,1,5,114000.0
4961,1198,37,2025-10-02,1,15,16150.0
4962,1605,3,2025-12-02,1,13,33060.0
4963,924,90,2026-03-05,1,13,19140.0
4964,1037,32,2025-11-02,1,7,72540.0
4965,752,145,2026-05-29,1,1,34650.0
4966,132,82,2025-08-23,1,7,26040.0
4967,1604,114,2026-05-14,1,9,25480.0
4968,670,49,2023-10-22,1,5,42750.0
4969,1496,15,2025-11-26,1,6,61100.0
4970,1763,57,2025-01-11,1,9,38220.0
4971,521,121,2026-04-19,1,2,225400.0
4972,936,33,2024-02-29,1,8,23920.0
4973,855,105,2026-04-17,1,10,27000.0
4974,294,64,2026-03-10,1,4,144000.0
4975,1912,96,2023-10-29,1,14,18920.0
4976,1584,16,2025-02-07,1,11,75650.0
4977,792,17,2026-08-18,1,6,20680.0
4978,354,44,2024-08-16,1,14,43000.0
4979,1707,97,2024-06-01,1,7,41850.0
4980,1422,32,2025-09-16,1,0,78000.0
4981,263,41,2026-02-27,1,3,24250.0
4982,81,36,2026-01-02,1,9,38220.0
4983,509,27,2024-05-21,1,6,33840.0
4984,1661,18,2026-09-01,1,15,23800.0
4985,587,5,2025-03-07,1,11,42720.0
4986,631,18,2026-04-01,1,1,27720.0
4987,49,112,2024-02-09,1,7,20460.0
4988,331,123,2025-09-19,1,1,59400.0
4989,638,102,2024-03-14,1,8,460000.0
4990,1218,44,2026-09-04,1,2,49000.0
4991,365,95,2023-10-16,1,2,14700.0
4992,1373,75,2026-05-11,1,0,22000.0
4993,821,55,2024-09-30,1,7,60450.0
4994,750,104,2026-06-29,1,11,19580.0
4995,1171,63,2026-02-24,1,1,37620.0
4996,452,6,2024-09-23,1,6,58280.0
4997,1567,73,2025-07-11,1,8,32200.0
4998,1982,118,2026-06-17,1,13,2610000.0
4999,233,121,2025-05-06,1,13,200100.0
5000,642,125,2025-02-03,1,14,94600.0
5001,1341,119,2024-10-01,1,0,2000000.0
5002,658,86,2024-07-12,1,0,20000.0
5003,1563,41,2026-06-21,1,5,23750.0
5004,477,144,2024-06-25,1,5,26600.0
5005,618,63,2023-10-13,1,11,33820.0
5006,50,13,2025-09-21,1,6,39480.0
5007,521,48,2026-05-25,1,6,84600.0
5008,856,73,2023-09-13,1,5,33250.0
5009,1539,3,2025-03-22,1,8,34960.0
5010,489,81,2024-04-22,1,6,20680.0
5011,367,2,2024-08-31,1,11,28480.0
5012,129,122,2024-03-07,1,8,552000.0
5013,101,14,2026-04-07,1,15,46750.0
5014,1647,28,2025-01-09,1,7,44640.0
5015,1763,107,2023-12-13,1,14,21500.0
5016,771,138,2026-03-17,1,5,33250.0
5017,929,51,2025-01-06,1,6,45120.0
5018,1610,134,2025-01-06,1,14,38700.0
5019,311,114,2025-10-24,1,10,25200.0
5020,331,60,2025-04-11,1,3,87300.0
5021,1138,102,2023-10-08,1,8,460000.0
5022,1108,23,2026-05-03,1,6,37600.0
5023,1365,44,2025-06-27,1,0,50000.0
5024,934,47,2023-11-30,1,5,76000.0
5025,1036,8,2024-09-12,1,10,67500.0
5026,960,76,2025-01-08,1,7,37200.0
5027,15,80,2024-12-13,1,9,54600.0
5028,1285,10,2025-06-29,1,4,43200.0
5029,1989,91,2024-11-22,1,13,22620.0
5030,9,80,2024-04-10,1,5,57000.0
5031,1059,128,2024-11-01,1,1,79200.0
5032,1983,124,2025-03-23,1,13,60900.0
5033,1380,39,2024-05-15,1,15,29750.0
5034,1163,78,2024-07-04,1,11,33820.0
5035,1375,33,2026-05-27,1,7,24180.0
5036,1625,20,2025-08-21,1,1,44550.0
5037,937,131,2024-02-17,1,15,127500.0
5038,947,25,2025-11-29,1,6,23500.0
5039,1216,76,2023-11-02,1,12,35200.0
5040,253,124,2023-10-11,1,14,60200.0
5041,1832,142,2026-01-06,1,14,32680.0
5042,616,29,2025-10-08,1,1,38610.0
5043,1201,96,2023-10-09,1,12,19360.0
5044,1826,60,2024-08-06,1,10,81000.0
5045,994,143,2024-02-16,1,3,19400.0
5046,1787,143,2025-02-26,1,1,19800.0
5047,439,69,2025-02-16,1,15,170000.0
5048,1901,70,2024-04-23,1,6,2820000.0
5049,317,65,2024-10-18,1,10,198000.0
5050,222,15,2026-05-04,1,9,59150.0
5051,95,43,2026-05-02,1,10,54000.0
5052,1774,24,2023-10-10,1,3,46560.0
5053,455,65,2025-09-04,1,15,187000.0
5054,939,120,2025-04-05,1,4,240000.0
5055,610,70,2024-04-15,1,15,2550000.0
5056,1928,116,2025-09-08,1,2,58800.0
5057,1050,79,2024-04-13,1,0,85000.0
5058,1941,5,2025-05-02,1,14,41280.0
5059,1220,31,2024-01-22,1,10,52200.0
5060,1584,67,2023-12-07,1,12,220000.0
5061,929,6,2026-02-19,1,7,57660.0
5062,561,51,2025-04-19,1,8,44160.0
5063,387,86,2025-05-09,1,12,17600.0
5064,244,34,2023-10-27,1,5,30400.0
5065,1769,75,2024-11-27,1,9,20020.0
5066,152,136,2024-04-13,1,14,258000.0
5067,301,92,2026-01-07,1,5,17100.0
5068,1024,6,2024-12-19,1,3,60140.0
5069,1771,58,2023-11-02,1,3,46560.0
5070,1109,54,2026-02-28,1,9,109200.0
5071,212,26,2026-07-26,1,8,29440.0
5072,897,89,2025-01-05,1,0,15000.0
5073,994,45,2024-05-06,1,13,36540.0
5074,1758,8,2023-12-04,1,4,72000.0
5075,1618,121,2024-07-05,1,10,207000.0
5076,1720,60,2024-03-21,1,2,88200.0
5077,241,14,2025-06-09,1,4,52800.0
5078,258,16,2026-07-26,1,13,73950.0
5079,316,17,2024-05-26,1,0,22000.0
5080,536,79,2024-11-22,1,13,73950.0
5081,455,84,2023-10-06,1,14,30100.0
5082,1093,34,2024-11-13,1,4,30720.0
5083,666,96,2025-03-08,1,13,19140.0
5084,423,105,2026-08-12,1,14,25800.0
5085,1853,48,2024-10-29,1,7,83700.0
5086,1182,134,2026-07-17,1,9,40950.0
5087,600,27,2023-11-21,1,4,34560.0
5088,1919,128,2024-09-05,1,14,68800.0
5089,112,92,2026-05-10,1,14,15480.0
5090,1116,49,2024-03-05,1,8,41400.0
5091,1703,110,2026-06-30,1,1,59400.0
5092,395,72,2025-12-23,1,13,24360.0
5093,826,23,2025-01-02,1,5,38000.0
5094,1074,8,2026-03-08,1,2,73500.0
5095,1345,42,2025-09-08,1,14,34400.0
5096,958,72,2024-05-14,1,2,27440.0
5097,1305,55,2026-07-05,1,7,60450.0
5098,542,23,2025-06-13,1,13,34800.0
5099,962,57,2026-07-23,1,9,38220.0
5100,1458,130,2025-11-22,1,0,95000.0
5101,1262,58,2026-05-01,1,2,47040.0
5102,600,142,2026-03-09,1,7,35340.0
5103,1608,68,2025-06-29,1,2,225400.0
5104,166,59,2024-06-17,1,1,49500.0
5105,1195,7,2025-12-03,1,8,50600.0
5106,376,104,2025-08-30,1,2,21560.0
5107,1451,37,2024-03-27,1,13,16530.0
5108,1424,134,2025-05-06,1,8,41400.0
5109,1394,145,2024-11-05,1,4,33600.0
5110,1906,44,2023-10-08,1,4,48000.0
5111,965,115,2024-12-10,1,11,40050.0
5112,1297,122,2025-09-22,1,8,552000.0
5113,718,136,2023-10-20,1,11,267000.0
5114,409,26,2025-06-23,1,5,30400.0
5115,569,92,2024-10-05,1,0,18000.0
5116,1674,50,2026-05-15,1,5,55100.0
5117,1893,110,2024-07-06,1,11,53400.0
5118,1574,94,2024-08-22,1,2,19600.0
5119,1351,137,2026-07-16,1,8,20240.0
5120,984,22,2025-01-25,1,10,28800.0
5121,1889,26,2024-04-13,1,13,27840.0
5122,160,139,2023-11-19,1,10,27000.0
5123,1935,29,2024-08-08,1,8,35880.0
5124,1068,130,2025-09-03,1,13,82650.0
5125,1848,15,2024-12-18,1,2,63700.0
5126,1868,88,2024-01-12,1,11,31150.0
5127,1955,131,2025-10-12,1,14,129000.0
5128,1109,59,2025-09-28,1,0,50000.0
5129,1095,145,2025-04-28,1,8,32200.0
5130,1254,24,2023-09-28,1,3,46560.0
5131,1587,58,2025-12-31,1,7,44640.0
5132,66,60,2024-03-29,1,12,79200.0
5133,1083,127,2025-11-06,1,12,48400.0
5134,1619,139,2024-10-13,1,3,29100.0
5135,1565,40,2024-08-31,1,14,25800.0
5136,1709,94,2024-07-01,1,3,19400.0
5137,1150,42,2026-02-23,1,7,37200.0
5138,1772,31,2023-11-26,1,3,56260.0
5139,907,82,2023-11-01,1,4,26880.0
5140,1631,74,2024-11-10,1,12,39600.0
5141,1185,132,2023-11-21,1,0,24000.0
5142,634,43,2025-10-09,1,8,55200.0
5143,1166,89,2024-02-13,1,13,13050.0
5144,538,35,2023-12-22,1,15,29750.0
5145,531,15,2026-04-11,1,15,55250.0
5146,1220,139,2024-11-10,1,12,26400.0
5147,680,7,2024-10-12,1,4,52800.0
5148,124,52,2026-07-16,1,5,66500.0
5149,16,109,2024-01-07,1,12,39600.0
5150,274,144,2025-12-09,1,7,26040.0
5151,1955,80,2024-05-09,1,2,58800.0
5152,401,86,2024-01-29,1,5,19000.0
5153,1378,65,2024-09-02,1,10,198000.0
5154,566,121,2026-01-13,1,0,230000.0
5155,923,69,2026-05-29,1,6,188000.0
5156,1567,90,2026-07-15,1,7,20460.0
5157,858,31,2026-04-06,1,13,50460.0
5158,357,61,2024-12-25,1,5,42750.0
5159,1981,139,2025-07-26,1,6,28200.0
5160,1492,142,2023-09-15,1,4,36480.0
5161,1828,71,2025-04-07,1,3,4850000.0
5162,1991,6,2024-06-11,1,6,58280.0
5163,1897,132,2026-03-05,1,8,22080.0
5164,1243,97,2024-03-07,1,4,43200.0
5165,1709,33,2026-02-05,1,14,22360.0
5166,1415,50,2024-06-04,1,6,54520.0
5167,1198,113,2025-05-14,1,14,25800.0
5168,1705,77,2024-02-09,1,0,35000.0
5169,684,18,2026-04-01,1,4,26880.0
5170,1489,28,2024-06-23,1,3,46560.0
5171,1823,45,2025-12-16,1,9,38220.0
5172,653,127,2023-10-08,1,0,55000.0
5173,694,108,2023-11-23,1,10,27000.0
5174,1027,96,2024-04-28,1,7,20460.0
5175,594,117,2024-08-11,1,10,67500.0
5176,714,46,2026-07-19,1,9,43680.0
5177,1272,82,2026-01-18,1,6,26320.0
5178,417,79,2025-09-12,1,6,79900.0
5179,1106,5,2026-04-28,1,6,45120.0
5180,195,47,2025-05-14,1,9,72800.0
5181,1663,58,2024-02-15,1,1,47520.0
5182,990,24,2024-10-24,1,11,42720.0
5183,1959,106,2025-11-06,1,9,18200.0
5184,1787,143,2024-02-21,1,3,19400.0
5185,1705,101,2026-03-14,1,13,304500.0
5186,1053,22,2025-08-06,1,3,31040.0
5187,949,104,2023-11-23,1,15,18700.0
5188,571,35,2024-03-09,1,9,31850.0
5189,814,34,2023-12-15,1,3,31040.0
5190,1715,58,2026-06-01,1,9,43680.0
5191,318,118,2026-07-08,1,1,2970000.0
5192,1222,50,2025-06-12,1,6,54520.0
5193,854,133,2025-03-31,1,0,30000.0
5194,1558,10,2025-04-16,1,14,38700.0
5195,88,134,2025-03-14,1,7,41850.0
5196,1973,84,2026-01-31,1,3,33950.0
5197,97,105,2025-03-28,1,12,26400.0
5198,679,141,2023-12-19,1,3,27160.0
5199,1605,130,2023-09-29,1,12,83600.0
5200,372,56,2025-05-29,1,6,89300.0
5201,1942,91,2023-10-01,1,7,24180.0
5202,162,143,2024-02-08,1,10,18000.0
5203,1853,65,2026-02-12,1,4,211200.0
5204,1990,72,2024-06-19,1,13,24360.0
5205,148,42,2023-10-21,1,5,38000.0
5206,377,37,2024-07-30,1,1,18810.0
5207,1132,40,2024-12-25,1,11,26700.0
5208,1092,87,2023-12-06,1,13,24360.0
5209,1582,122,2024-05-06,1,12,528000.0
5210,1665,26,2023-12-08,1,2,31360.0
5211,1699,114,2024-09-18,1,9,25480.0
5212,157,62,2025-04-22,1,9,47320.0
5213,1482,119,2025-04-30,1,6,1880000.0
5214,1460,17,2025-04-01,1,10,19800.0
5215,343,19,2026-08-20,1,12,29040.0
5216,256,110,2023-10-25,1,12,52800.0
5217,277,117,2023-12-10,1,1,74250.0
5218,1676,111,2024-04-12,1,5,52250.0
5219,1083,36,2026-03-22,1,1,41580.0
5220,1061,103,2026-02-05,1,14,15480.0
5221,312,20,2025-10-11,1,3,43650.0
5222,58,81,2025-06-30,1,2,21560.0
5223,1074,97,2026-08-21,1,0,45000.0
5224,1791,71,2024-08-21,1,3,4850000.0
5225,714,4,2024-04-04,1,11,75650.0
5226,609,85,2026-02-27,1,6,45120.0
5227,1459,128,2025-07-29,1,5,76000.0
5228,522,138,2026-04-24,1,13,30450.0
5229,1058,47,2026-09-05,1,5,76000.0
5230,1706,102,2023-11-04,1,8,460000.0
5231,1600,126,2025-06-23,1,14,34400.0
5232,563,80,2023-12-21,1,13,52200.0
5233,957,115,2026-07-26,1,13,39150.0
5234,188,85,2025-12-27,1,12,42240.0
5235,627,90,2024-11-21,1,6,20680.0
5236,743,124,2025-05-22,1,1,69300.0
5237,973,32,2026-07-08,1,2,76440.0
5238,1430,2,2026-01-21,1,1,31680.0
5239,1504,79,2026-02-21,1,15,72250.0
5240,204,88,2024-01-14,1,4,33600.0
5241,700,24,2026-04-06,1,11,42720.0
5242,636,112,2024-08-30,1,0,22000.0
5243,305,12,2024-07-30,1,1,49500.0
5244,614,37,2025-09-10,1,7,17670.0
5245,1771,37,2025-04-23,1,8,17480.0
5246,721,125,2025-11-19,1,15,93500.0
5247,1494,10,2025-08-30,1,5,42750.0
5248,1391,18,2026-01-28,1,3,27160.0
5249,1310,61,2026-07-23,1,11,40050.0
5250,1642,59,2026-07-22,1,13,43500.0
5251,1786,82,2024-03-26,1,3,27160.0
5252,241,15,2025-12-01,1,9,59150.0
5253,1386,93,2024-02-17,1,3,13580.0
5254,17,127,2024-06-26,1,12,48400.0
5255,1330,131,2024-02-22,1,11,133500.0
5256,499,10,2025-01-21,1,10,40500.0
5257,761,114,2026-03-28,1,10,25200.0
5258,628,144,2026-05-05,1,6,26320.0
5259,1633,67,2025-06-10,1,11,222500.0
5260,1207,49,2025-02-26,1,12,39600.0
5261,798,71,2024-10-17,1,9,4550000.0
5262,213,95,2024-06-27,1,3,14550.0
5263,1375,124,2026-02-22,1,12,61600.0
5264,730,123,2024-10-23,1,10,54000.0
5265,888,101,2024-01-12,1,9,318500.0
5266,882,16,2025-03-26,1,7,79050.0
5267,1482,89,2026-07-30,1,15,12750.0
5268,857,56,2025-02-28,1,1,94050.0
5269,1404,115,2025-07-09,1,4,43200.0
5270,371,18,2024-06-19,1,5,26600.0
5271,1424,115,2023-10-25,1,13,39150.0
5272,1601,116,2024-07-19,1,10,54000.0
5273,1134,59,2024-02-04,1,8,46000.0
5274,77,2,2024-12-23,1,7,29760.0
5275,327,140,2025-06-14,1,8,19320.0
5276,941,21,2026-08-10,1,4,22080.0
5277,429,24,2026-03-27,1,6,45120.0
5278,1931,18,2024-12-01,1,7,26040.0
5279,481,46,2024-08-01,1,1,47520.0
5280,930,79,2023-10-18,1,5,80750.0
5281,780,64,2024-12-17,1,6,141000.0
5282,1437,54,2024-12-22,1,15,102000.0
5283,138,64,2024-02-14,1,9,136500.0
5284,1761,46,2024-11-27,1,8,44160.0
5285,1739,3,2024-11-17,1,8,34960.0
5286,823,135,2024-04-10,1,8,230000.0
5287,1547,73,2026-07-01,1,2,34300.0
5288,884,14,2024-09-06,1,11,48950.0
5289,918,131,2026-02-15,1,3,145500.0
5290,280,64,2025-11-01,1,3,145500.0
5291,1620,103,2023-10-08,1,6,16920.0
5292,246,31,2025-03-16,1,13,50460.0
5293,1496,2,2026-01-02,1,2,31360.0
5294,1407,119,2024-10-26,1,2,1960000.0
5295,1057,41,2026-02-21,1,2,24500.0
5296,1651,31,2025-08-16,1,10,52200.0
5297,1113,130,2024-02-07,1,7,88350.0
5298,1905,58,2025-12-10,1,2,47040.0
5299,1503,66,2025-11-15,1,13,165300.0
5300,1509,56,2025-03-09,1,6,89300.0
5301,1349,93,2025-11-24,1,10,12600.0
5302,575,32,2026-05-10,1,0,78000.0
5303,916,38,2024-11-19,1,1,27720.0
5304,114,94,2024-05-24,1,12,17600.0
5305,862,79,2023-10-28,1,14,73100.0
5306,1632,137,2024-07-28,1,4,21120.0
5307,191,69,2025-10-18,1,1,198000.0
5308,1705,63,2025-10-23,1,9,34580.0
5309,1217,26,2024-04-22,1,7,29760.0
5310,826,47,2026-07-26,1,4,76800.0
5311,17,82,2025-10-12,1,5,26600.0
5312,1845,34,2025-09-01,1,1,31680.0
5313,1875,26,2026-08-08,1,6,30080.0
5314,1870,141,2024-08-10,1,3,27160.0
5315,596,138,2024-10-25,1,6,32900.0
5316,1509,25,2023-12-24,1,7,23250.0
5317,1575,44,2024-03-25,1,12,44000.0
5318,1245,54,2024-12-31,1,8,110400.0
5319,856,55,2026-06-23,1,0,65000.0
5320,721,42,2026-07-17,1,1,39600.0
5321,1406,77,2025-10-23,1,8,32200.0
5322,188,53,2024-04-23,1,11,57850.0
5323,1979,125,2026-05-26,1,7,102300.0
5324,1601,22,2024-04-17,1,10,28800.0
5325,1985,134,2026-07-24,1,7,41850.0
5326,680,45,2025-12-06,1,10,37800.0
5327,342,76,2024-10-27,1,13,34800.0
5328,633,45,2025-01-28,1,2,41160.0
5329,896,46,2026-02-11,1,15,40800.0
5330,266,80,2025-08-21,1,1,59400.0
5331,1384,100,2025-08-27,1,13,217500.0
5332,56,102,2024-07-21,1,14,430000.0
5333,1924,50,2025-10-02,1,7,53940.0
5334,1047,66,2023-12-01,1,9,172900.0
5335,1915,29,2024-02-19,1,4,37440.0
5336,639,94,2025-10-05,1,3,19400.0
5337,1804,131,2025-02-04,1,2,147000.0
5338,1005,87,2025-09-05,1,11,24920.0
5339,1487,103,2024-01-19,1,4,17280.0
5340,1063,134,2025-11-07,1,10,40500.0
5341,1056,130,2024-03-23,1,5,90250.0
5342,1868,74,2024-03-29,1,14,38700.0
5343,330,135,2025-06-19,1,15,212500.0
5344,18,50,2025-08-09,1,15,49300.0
5345,1968,74,2024-03-05,1,2,44100.0
5346,577,137,2024-09-08,1,4,21120.0
5347,1618,6,2024-06-18,1,14,53320.0
5348,943,139,2024-04-04,1,4,28800.0
5349,761,133,2024-05-21,1,13,26100.0
5350,685,64,2023-11-18,1,6,141000.0
5351,1161,91,2025-04-10,1,15,22100.0
5352,1950,24,2026-05-16,1,13,41760.0
5353,1194,70,2024-03-26,1,4,2880000.0
5354,321,77,2024-06-09,1,10,31500.0
5355,1072,63,2025-01-25,1,7,35340.0
5356,882,27,2025-08-10,1,11,32040.0
5357,1818,25,2024-02-09,1,7,23250.0
5358,1704,16,2024-02-15,1,6,79900.0
5359,1065,15,2024-11-17,1,12,57200.0
5360,949,13,2024-11-06,1,13,36540.0
5361,1829,101,2026-03-18,1,11,311500.0
5362,249,86,2025-03-27,1,7,18600.0
5363,27,134,2025-10-07,1,9,40950.0
5364,115,128,2024-09-21,1,15,68000.0
5365,1892,126,2025-05-04,1,14,34400.0
5366,622,58,2026-04-08,1,14,41280.0
5367,979,61,2025-07-24,1,7,41850.0
5368,76,144,2023-09-15,1,0,28000.0
5369,1822,23,2023-10-03,1,12,35200.0
5370,137,54,2024-11-21,1,3,116400.0
5371,1813,61,2025-10-06,1,11,40050.0
5372,821,106,2023-10-27,1,2,19600.0
5373,1554,22,2025-05-19,1,11,28480.0
5374,37,109,2025-01-30,1,12,39600.0
5375,1796,24,2024-01-28,1,10,43200.0
5376,451,93,2024-08-21,1,3,13580.0
5377,857,63,2025-06-18,1,7,35340.0
5378,1193,115,2025-10-06,1,3,43650.0
5379,1942,51,2024-04-20,1,11,42720.0
5380,22,25,2026-09-04,1,9,22750.0
5381,510,140,2026-01-25,1,12,18480.0
5382,1971,47,2023-11-11,1,3,77600.0
5383,719,138,2025-11-20,1,3,33950.0
5384,1632,37,2026-07-03,1,6,17860.0
5385,1213,5,2024-06-07,1,5,45600.0
5386,1561,139,2025-01-13,1,11,26700.0
5387,1345,48,2026-08-20,1,14,77400.0
5388,838,136,2023-12-25,1,5,285000.0
5389,691,101,2023-12-03,1,13,304500.0
5390,1658,35,2025-08-11,1,14,30100.0
5391,1361,21,2026-05-19,1,6,21620.0
5392,1481,145,2026-06-26,1,15,29750.0
5393,301,107,2026-01-29,1,9,22750.0
5394,1966,102,2024-05-02,1,12,440000.0
5395,1716,95,2026-04-15,1,7,13950.0
5396,983,69,2025-01-08,1,5,190000.0
5397,960,103,2024-09-23,1,12,15840.0
5398,1699,5,2026-04-03,1,3,46560.0
5399,19,5,2026-08-21,1,0,48000.0
5400,1142,75,2026-06-08,1,4,21120.0
5401,969,51,2024-08-11,1,2,47040.0
5402,1856,78,2025-07-13,1,4,36480.0
5403,1662,105,2023-10-23,1,3,29100.0
5404,705,57,2023-10-19,1,12,36960.0
5405,1887,80,2025-12-14,1,9,54600.0
5406,1073,33,2025-01-08,1,3,25220.0
5407,90,11,2026-08-17,1,5,45600.0
5408,1696,79,2024-07-19,1,12,74800.0
5409,1280,5,2026-02-13,1,6,45120.0
5410,1528,24,2025-03-06,1,11,42720.0
5411,928,27,2025-12-03,1,8,33120.0
5412,1433,6,2024-07-31,1,3,60140.0
5413,678,41,2026-01-24,1,14,21500.0
5414,1777,10,2023-10-19,1,15,38250.0
5415,532,5,2024-12-20,1,14,41280.0
5416,1702,6,2025-10-20,1,4,59520.0
5417,1209,130,2025-09-07,1,2,93100.0
5418,555,121,2023-10-26,1,15,195500.0
5419,1433,102,2024-04-15,1,7,465000.0
5420,1154,132,2025-05-29,1,1,23760.0
5421,1181,9,2026-03-28,1,13,20010.0
5422,313,122,2025-09-12,1,11,534000.0
5423,38,61,2024-10-08,1,8,41400.0
5424,511,134,2024-10-15,1,12,39600.0
5425,65,29,2024-11-23,1,15,33150.0
5426,201,143,2024-08-28,1,13,17400.0
5427,921,68,2025-06-09,1,14,197800.0
5428,1120,33,2024-04-07,1,15,22100.0
5429,389,97,2024-11-17,1,14,38700.0
5430,1304,16,2025-10-23,1,13,73950.0
5431,1364,61,2025-03-05,1,2,44100.0
5432,1017,51,2024-09-04,1,8,44160.0
5433,1120,136,2023-12-04,1,0,300000.0
5434,1918,33,2023-10-06,1,0,26000.0
5435,1503,20,2026-01-10,1,14,38700.0
5436,515,107,2024-03-08,1,2,24500.0
5437,1,50,2025-07-12,1,8,53360.0
5438,948,58,2026-04-23,1,1,47520.0
5439,499,134,2024-09-14,1,0,45000.0
5440,1603,97,2024-12-19,1,10,40500.0
5441,659,140,2025-07-12,1,5,19950.0
5442,31,21,2025-02-27,1,2,22540.0
5443,508,57,2025-05-11,1,4,40320.0
5444,1426,114,2026-02-06,1,13,24360.0
5445,1834,17,2024-08-10,1,15,18700.0
5446,212,106,2026-08-19,1,14,17200.0
5447,1545,53,2024-07-29,1,3,63050.0
5448,1558,25,2024-07-31,1,2,24500.0
5449,1047,2,2026-02-26,1,7,29760.0
5450,1523,1,2025-09-26,1,14,20640.0
5451,1685,34,2024-10-28,1,11,28480.0
5452,164,107,2025-11-14,1,9,22750.0
5453,695,8,2026-07-19,1,1,74250.0
5454,923,145,2026-02-13,1,12,30800.0
5455,1939,79,2024-12-08,1,9,77350.0
5456,1042,33,2023-10-24,1,1,25740.0
5457,997,17,2023-12-14,1,14,18920.0
5458,541,64,2026-03-19,1,2,147000.0
5459,523,62,2024-09-23,1,15,44200.0
5460,78,100,2025-08-21,1,10,225000.0
5461,622,16,2025-09-23,1,5,80750.0
5462,93,106,2026-07-05,1,1,19800.0
5463,1749,93,2025-06-24,1,14,12040.0
5464,1699,89,2024-07-20,1,6,14100.0
5465,474,20,2026-01-20,1,12,39600.0
5466,1124,55,2025-05-28,1,15,55250.0
5467,626,37,2025-06-26,1,2,18620.0
5468,1761,58,2025-06-26,1,7,44640.0
5469,719,70,2025-09-12,1,15,2550000.0
5470,497,134,2026-02-11,1,1,44550.0
5471,1400,131,2023-12-03,1,11,133500.0
5472,363,103,2024-03-27,1,9,16380.0
5473,1664,92,2025-07-04,1,9,16380.0
5474,635,132,2025-07-31,1,6,22560.0
5475,669,27,2025-06-13,1,15,30600.0
5476,372,6,2024-05-02,1,3,60140.0
5477,1925,67,2026-02-26,1,3,242500.0
5478,575,54,2026-08-23,1,6,112800.0
5479,725,121,2024-11-30,1,10,207000.0
5480,1995,114,2025-04-13,1,7,26040.0
5481,1820,86,2026-07-23,1,1,19800.0
5482,358,66,2026-08-03,1,2,186200.0
5483,227,118,2023-12-21,1,1,2970000.0
5484,716,73,2024-02-27,1,4,33600.0
5485,1946,126,2026-03-27,1,0,40000.0
5486,1176,58,2024-03-09,1,7,44640.0
5487,1227,141,2024-06-20,1,7,26040.0
5488,1816,24,2024-12-20,1,10,43200.0
5489,1137,129,2026-04-17,1,5,80750.0
5490,543,48,2026-05-15,1,2,88200.0
5491,437,114,2024-12-31,1,12,24640.0
5492,979,88,2023-09-14,1,12,30800.0
5493,87,41,2025-01-29,1,3,24250.0
5494,117,69,2026-07-09,1,10,180000.0
5495,321,119,2025-03-19,1,14,1720000.0
5496,1201,62,2025-08-08,1,1,51480.0
5497,710,20,2026-04-01,1,9,40950.0
5498,289,31,2025-01-06,1,8,53360.0
5499,983,80,2024-10-21,1,6,56400.0
5500,1988,56,2024-12-20,1,1,94050.0
5501,64,114,2025-12-20,1,12,24640.0
5502,986,91,2025-09-16,1,15,22100.0
5503,1422,122,2023-11-21,1,13,522000.0
5504,354,129,2026-06-22,1,8,78200.0
5505,755,45,2023-09-24,1,3,40740.0
5506,19,70,2024-02-17,1,13,2610000.0
5507,464,122,2026-06-02,1,4,576000.0
5508,941,20,2026-01-31,1,4,43200.0
5509,442,5,2026-02-18,1,15,40800.0
5510,1237,92,2024-02-05,1,2,17640.0
5511,1822,108,2024-07-29,1,15,25500.0
5512,288,34,2026-02-17,1,0,32000.0
5513,1805,54,2025-11-24,1,3,116400.0
5514,1983,32,2024-06-20,1,10,70200.0
5515,1536,87,2024-04-21,1,14,24080.0
5516,1874,22,2026-01-07,1,6,30080.0
5517,1790,67,2026-08-28,1,10,225000.0
5518,1918,143,2026-06-15,1,12,17600.0
5519,299,23,2023-09-27,1,0,40000.0
5520,1271,112,2024-12-11,1,13,19140.0
5521,163,76,2024-05-11,1,6,37600.0
5522,683,119,2025-10-20,1,13,1740000.0
5523,137,126,2025-09-26,1,1,39600.0
5524,1632,62,2026-05-29,1,0,52000.0
5525,650,143,2025-12-14,1,1,19800.0
5526,668,57,2025-05-16,1,7,39060.0
5527,1891,140,2025-08-24,1,9,19110.0
5528,301,143,2024-10-22,1,5,19000.0
5529,1753,32,2026-07-03,1,15,66300.0
5530,429,3,2023-12-14,1,6,35720.0
5531,1589,49,2024-07-20,1,0,45000.0
5532,993,118,2026-04-26,1,11,2670000.0
5533,1720,14,2026-02-24,1,9,50050.0
5534,87,131,2025-07-20,1,14,129000.0
5535,197,27,2026-06-26,1,4,34560.0
5536,299,58,2024-11-16,1,2,47040.0
5537,1124,35,2026-03-05,1,12,30800.0
5538,1381,103,2025-11-09,1,10,16200.0
5539,1588,130,2026-08-31,1,12,83600.0
5540,478,36,2026-03-23,1,6,39480.0
5541,1699,134,2025-11-05,1,3,43650.0
5542,1626,80,2023-12-03,1,15,51000.0
5543,543,20,2026-02-08,1,8,41400.0
5544,1986,83,2025-11-28,1,4,33600.0
5545,1661,89,2026-07-26,1,14,12900.0
5546,1611,63,2025-12-08,1,10,34200.0
5547,254,123,2026-02-24,1,11,53400.0
5548,1561,22,2023-10-12,1,1,31680.0
5549,468,89,2026-08-04,1,2,14700.0
5550,1615,91,2026-06-26,1,8,23920.0
5551,848,61,2026-05-16,1,1,44550.0
5552,1697,47,2025-09-06,1,3,77600.0
5553,1765,45,2024-04-23,1,1,41580.0
5554,272,33,2025-09-09,1,5,24700.0
5555,714,27,2024-07-02,1,9,32760.0
5556,1439,1,2025-09-15,1,5,22800.0
5557,1359,76,2024-08-31,1,5,38000.0
5558,1231,135,2025-09-23,1,2,245000.0
5559,1690,17,2024-05-12,1,5,20900.0
5560,744,45,2025-10-14,1,5,39900.0
5561,1404,26,2026-07-05,1,13,27840.0
5562,1678,103,2026-07-22,1,2,17640.0
5563,942,25,2024-11-16,1,4,24000.0
5564,1413,130,2026-06-22,1,9,86450.0
5565,917,34,2026-03-15,1,12,28160.0
5566,1938,43,2026-02-10,1,6,56400.0
5567,1216,72,2024-08-12,1,3,27160.0
5568,1628,87,2025-11-30,1,0,28000.0
5569,86,107,2024-10-01,1,10,22500.0
5570,1251,115,2025-12-26,1,9,40950.0
5571,262,95,2025-12-22,1,0,15000.0
5572,1440,39,2024-04-28,1,10,31500.0
5573,1255,12,2023-11-18,1,13,43500.0
5574,258,72,2026-03-30,1,6,26320.0
5575,1033,110,2025-06-10,1,1,59400.0
5576,1189,110,2023-09-21,1,10,54000.0
5577,33,48,2026-06-27,1,6,84600.0
5578,21,87,2024-12-10,1,14,24080.0
5579,32,3,2025-08-18,1,4,36480.0
5580,1579,33,2025-09-16,1,8,23920.0
5581,509,139,2025-06-02,1,9,27300.0
5582,1488,55,2026-06-18,1,6,61100.0
5583,536,43,2023-10-07,1,11,53400.0
5584,145,127,2023-09-17,1,11,48950.0
5585,1934,69,2025-10-08,1,10,180000.0
5586,1231,125,2026-04-17,1,4,105600.0
5587,919,87,2026-03-24,1,0,28000.0
5588,907,3,2024-01-10,1,2,37240.0
5589,591,60,2024-10-13,1,11,80100.0
5590,506,17,2025-12-18,1,8,20240.0
5591,300,52,2026-04-10,1,8,64400.0
5592,112,135,2025-07-19,1,3,242500.0
5593,1825,121,2025-01-24,1,1,227700.0
5594,1821,126,2024-09-08,1,8,36800.0
5595,1567,76,2025-09-17,1,14,34400.0
5596,1836,116,2024-07-15,1,11,53400.0
5597,1625,45,2025-02-23,1,3,40740.0
5598,1538,32,2025-06-03,1,14,67080.0
5599,1750,56,2024-08-01,1,8,87400.0
5600,694,103,2023-09-21,1,9,16380.0
5601,837,68,2025-07-20,1,4,220800.0
5602,1567,131,2026-02-02,1,0,150000.0
5603,1602,108,2026-05-09,1,8,27600.0
5604,1246,5,2024-03-23,1,15,40800.0
5605,1858,86,2025-02-13,1,9,18200.0
5606,494,125,2024-11-29,1,3,106700.0
5607,704,92,2026-07-06,1,4,17280.0
5608,237,133,2024-11-12,1,11,26700.0
5609,1021,116,2023-10-18,1,2,58800.0
5610,295,142,2024-12-20,1,5,36100.0
5611,781,116,2026-02-23,1,1,59400.0
5612,865,100,2024-05-24,1,11,222500.0
5613,1068,116,2025-07-13,1,14,51600.0
5614,1794,82,2025-12-29,1,11,24920.0
5615,103,130,2024-01-03,1,0,95000.0
5616,100,42,2024-09-17,1,4,38400.0
5617,1441,49,2025-09-02,1,11,40050.0
5618,739,47,2026-07-11,1,9,72800.0
5619,1216,74,2024-09-15,1,11,40050.0
5620,1890,31,2025-07-29,1,5,55100.0
5621,1025,136,2025-07-26,1,1,297000.0
5622,1813,82,2025-07-25,1,12,24640.0
5623,80,43,2026-06-20,1,12,52800.0
5624,731,30,2026-04-19,1,9,43680.0
5625,1364,108,2024-12-21,1,3,29100.0
5626,1235,4,2025-12-06,1,7,79050.0
5627,1005,109,2025-05-14,1,0,45000.0
5628,1184,34,2026-02-04,1,2,31360.0
5629,583,55,2024-06-09,1,3,63050.0
5630,898,131,2025-04-12,1,11,133500.0
5631,628,20,2024-08-02,1,11,40050.0
5632,297,102,2025-07-07,1,10,450000.0
5633,92,13,2024-10-19,1,6,39480.0
5634,1079,114,2024-09-25,1,3,27160.0
5635,724,91,2025-05-04,1,13,22620.0
5636,19,29,2026-08-28,1,8,35880.0
5637,280,79,2024-05-15,1,9,77350.0
5638,461,70,2025-10-29,1,1,2970000.0
5639,1108,22,2026-08-19,1,12,28160.0
5640,679,1,2026-01-22,1,2,23520.0
5641,548,107,2024-11-28,1,6,23500.0
5642,1002,145,2025-10-27,1,7,32550.0
5643,1619,85,2023-10-23,1,3,46560.0
5644,1247,73,2026-01-20,1,6,32900.0
5645,1018,63,2025-09-12,1,10,34200.0
5646,656,67,2023-12-27,1,10,225000.0
5647,1119,57,2024-02-28,1,3,40740.0
5648,1068,135,2026-07-06,1,9,227500.0
5649,1794,94,2025-04-19,1,1,19800.0
5650,665,125,2024-11-12,1,11,97900.0
5651,1041,17,2025-05-03,1,0,22000.0
5652,1677,96,2026-08-15,1,11,19580.0
5653,591,136,2024-05-30,1,4,288000.0
5654,1424,90,2024-12-29,1,5,20900.0
5655,1253,42,2024-01-02,1,5,38000.0
5656,1486,8,2023-12-13,1,3,72750.0
5657,272,82,2026-01-02,1,6,26320.0
5658,1478,140,2025-12-11,1,13,18270.0
5659,1796,130,2023-10-28,1,13,82650.0
5660,510,2,2024-07-21,1,3,31040.0
5661,535,88,2025-07-12,1,3,33950.0
5662,232,32,2024-01-02,1,6,73320.0
5663,254,61,2024-08-20,1,6,42300.0
5664,606,144,2024-11-08,1,5,26600.0
5665,239,134,2026-03-22,1,15,38250.0
5666,1863,115,2025-05-14,1,9,40950.0
5667,1403,51,2024-04-30,1,12,42240.0
5668,555,18,2025-03-14,1,8,25760.0
5669,675,53,2026-07-22,1,8,59800.0
5670,1618,67,2024-12-14,1,3,242500.0
5671,570,77,2026-08-21,1,2,34300.0
5672,1745,109,2025-03-30,1,13,39150.0
5673,1807,101,2025-11-30,1,0,350000.0
5674,470,53,2026-03-19,1,1,64350.0
5675,451,138,2026-08-26,1,2,34300.0
5676,874,44,2023-10-10,1,11,44500.0
5677,1622,142,2024-02-22,1,1,37620.0
5678,582,109,2024-11-12,1,4,43200.0
5679,487,66,2024-05-04,1,12,167200.0
5680,79,120,2025-08-08,1,3,242500.0
5681,1931,75,2023-11-04,1,1,21780.0
5682,1462,31,2026-08-03,1,1,57420.0
5683,731,126,2024-01-23,1,2,39200.0
5684,447,26,2024-09-25,1,0,32000.0
5685,225,122,2025-10-31,1,4,576000.0
5686,1702,19,2024-05-03,1,5,31350.0
5687,90,129,2026-05-07,1,0,85000.0
5688,973,27,2025-11-10,1,7,33480.0
5689,1148,46,2024-05-12,1,0,48000.0
5690,414,94,2026-03-26,1,13,17400.0
5691,857,115,2026-01-01,1,8,41400.0
5692,989,8,2024-12-30,1,3,72750.0
5693,740,95,2024-09-09,1,11,13350.0
5694,399,134,2025-07-09,1,15,38250.0
5695,841,5,2024-07-16,1,8,44160.0
5696,1031,103,2025-08-22,1,14,15480.0
5697,567,1,2025-05-14,1,5,22800.0
5698,1024,58,2025-10-21,1,3,46560.0
5699,154,62,2024-12-07,1,11,46280.0
5700,1887,124,2025-06-24,1,12,61600.0
5701,1323,24,2024-11-18,1,3,46560.0
5702,476,73,2025-04-08,1,13,30450.0
5703,264,132,2026-04-18,1,5,22800.0
5704,912,136,2025-10-26,1,7,279000.0
5705,1484,77,2023-11-17,1,8,32200.0
5706,310,113,2024-05-23,1,14,25800.0
5707,825,122,2026-02-09,1,8,552000.0
5708,1347,9,2025-12-16,1,2,22540.0
5709,1022,14,2026-03-28,1,5,52250.0
5710,964,114,2024-04-07,1,13,24360.0
5711,1695,68,2024-12-12,1,3,223100.0
5712,1651,33,2025-06-22,1,1,25740.0
5713,1694,12,2025-09-05,1,14,43000.0
5714,1016,88,2024-08-03,1,15,29750.0
5715,974,122,2025-06-21,1,14,516000.0
5716,375,137,2024-07-29,1,3,21340.0
5717,1069,46,2026-03-08,1,11,42720.0
5718,12,76,2025-09-25,1,7,37200.0
5719,703,133,2026-09-04,1,10,27000.0
5720,1379,83,2024-04-06,1,11,31150.0
5721,2,6,2025-04-19,1,5,58900.0
5722,1054,43,2024-02-10,1,15,51000.0
5723,178,123,2025-05-01,1,0,60000.0
5724,1603,56,2026-07-16,1,9,86450.0
5725,791,50,2024-06-19,1,12,51040.0
5726,333,131,2024-08-12,1,1,148500.0
5727,1270,56,2023-10-15,1,13,82650.0
5728,1063,54,2023-11-07,1,5,114000.0
5729,1565,85,2024-01-16,1,11,42720.0
5730,1580,110,2024-04-14,1,10,54000.0
5731,1664,45,2025-02-03,1,7,39060.0
5732,680,40,2025-05-29,1,11,26700.0
5733,1587,93,2024-08-31,1,8,12880.0
5734,1002,69,2026-02-12,1,10,180000.0
5735,1988,4,2024-08-26,1,15,72250.0
5736,1802,139,2024-06-29,1,3,29100.0
5737,1446,108,2025-07-28,1,11,26700.0
5738,667,131,2024-10-02,1,15,127500.0
5739,1740,39,2025-09-08,1,15,29750.0
5740,1731,108,2024-02-27,1,14,25800.0
5741,282,92,2026-06-07,1,15,15300.0
5742,1307,35,2023-09-20,1,0,35000.0
5743,1533,56,2025-04-16,1,3,92150.0
5744,1346,50,2023-09-18,1,13,50460.0
5745,1901,141,2024-05-03,1,5,26600.0
5746,867,8,2025-05-04,1,1,74250.0
5747,807,74,2025-06-22,1,4,43200.0
5748,542,43,2024-01-09,1,14,51600.0
5749,1806,61,2025-09-22,1,4,43200.0
5750,658,33,2025-12-05,1,4,24960.0
5751,1047,57,2024-05-22,1,8,38640.0
5752,584,97,2024-06-13,1,15,38250.0
5753,1326,16,2026-01-26,1,14,73100.0
5754,1035,143,2024-12-11,1,8,18400.0
5755,1769,87,2024-12-03,1,4,26880.0
5756,1969,99,2024-09-13,1,12,48400.0
5757,556,4,2024-01-24,1,13,73950.0
5758,349,121,2025-01-10,1,8,211600.0
5759,439,70,2024-06-05,1,11,2670000.0
5760,366,43,2023-11-03,1,1,59400.0
5761,1728,38,2026-02-17,1,13,24360.0
5762,273,29,2025-12-14,1,3,37830.0
5763,706,69,2024-02-29,1,2,196000.0
5764,151,9,2024-08-03,1,11,20470.0
5765,670,132,2025-04-06,1,6,22560.0
5766,574,77,2026-08-01,1,9,31850.0
5767,1559,93,2024-12-02,1,5,13300.0
5768,545,85,2024-09-22,1,5,45600.0
5769,1250,126,2025-12-27,1,0,40000.0
5770,1804,99,2025-05-06,1,8,50600.0
5771,1158,139,2025-01-21,1,8,27600.0
5772,513,11,2025-04-18,1,9,43680.0
5773,1734,8,2025-01-08,1,2,73500.0
5774,88,102,2026-07-13,1,9,455000.0
5775,1766,15,2024-01-06,1,11,57850.0
5776,110,107,2025-06-03,1,15,21250.0
5777,626,31,2025-10-10,1,2,56840.0
5778,378,128,2024-03-13,1,4,76800.0
5779,1216,99,2026-02-04,1,11,48950.0
5780,46,132,2026-05-23,1,15,20400.0
5781,1804,20,2026-02-08,1,7,41850.0
5782,3,34,2025-08-13,1,15,27200.0
5783,1551,140,2026-04-17,1,14,18060.0
5784,1731,107,2025-06-06,1,15,21250.0
5785,264,11,2024-01-29,1,4,46080.0
5786,1003,125,2025-11-24,1,10,99000.0
5787,649,111,2023-12-29,1,13,47850.0
5788,1183,79,2024-10-03,1,13,73950.0
5789,1532,54,2025-01-10,1,11,106800.0
5790,1628,6,2024-09-28,1,7,57660.0
5791,1374,43,2026-03-14,1,5,57000.0
5792,1982,61,2026-01-17,1,3,43650.0
5793,1164,48,2026-04-25,1,3,87300.0
5794,439,103,2025-02-20,1,14,15480.0
5795,1703,113,2026-08-09,1,15,25500.0
5796,474,118,2024-09-21,1,8,2760000.0
5797,292,98,2026-02-28,1,9,45500.0
5798,670,39,2025-08-11,1,12,30800.0
5799,1552,88,2025-07-21,1,9,31850.0
5800,228,21,2024-05-28,1,5,21850.0
5801,684,131,2025-10-24,1,13,130500.0
5802,713,79,2023-11-08,1,2,83300.0
5803,1221,4,2024-06-26,1,10,76500.0
5804,1634,10,2024-06-19,1,9,40950.0
5805,396,119,2026-03-16,1,1,1980000.0
5806,362,142,2024-01-26,1,3,36860.0
5807,1971,7,2024-02-26,1,9,50050.0
5808,1142,94,2024-10-31,1,10,18000.0
5809,656,32,2023-11-19,1,3,75660.0
5810,837,50,2026-03-05,1,8,53360.0
5811,1,36,2024-01-27,1,4,40320.0
5812,1401,86,2024-07-29,1,11,17800.0
5813,1738,34,2026-03-04,1,10,28800.0
5814,119,145,2023-11-21,1,4,33600.0
5815,1061,23,2024-09-09,1,9,36400.0
5816,444,74,2023-09-27,1,13,39150.0
5817,126,74,2024-10-31,1,12,39600.0
5818,1671,37,2023-11-06,1,11,16910.0
5819,1341,99,2023-09-19,1,14,47300.0
5820,1881,5,2025-02-15,1,2,47040.0
5821,1867,86,2025-01-09,1,2,19600.0
5822,1094,45,2024-02-04,1,13,36540.0
5823,478,43,2026-06-03,1,12,52800.0
5824,1775,90,2024-06-16,1,14,18920.0
5825,433,55,2025-06-13,1,3,63050.0
5826,445,104,2025-09-05,1,2,21560.0
5827,1062,40,2024-07-12,1,4,28800.0
5828,181,4,2026-05-25,1,1,84150.0
5829,1506,7,2023-12-14,1,14,47300.0
5830,1501,63,2026-05-26,1,6,35720.0
5831,1608,7,2026-06-07,1,12,48400.0
5832,36,124,2026-08-29,1,15,59500.0
5833,1147,25,2023-10-02,1,6,23500.0
5834,174,102,2024-01-05,1,4,480000.0
5835,1551,36,2023-11-16,1,14,36120.0
5836,420,70,2026-04-01,1,13,2610000.0
5837,1371,79,2024-05-12,1,1,84150.0
5838,307,132,2025-12-09,1,9,21840.0
5839,213,100,2026-04-01,1,3,242500.0
5840,957,65,2024-11-26,1,0,220000.0
5841,47,45,2026-08-17,1,3,40740.0
5842,95,49,2025-07-26,1,13,39150.0
5843,1133,82,2024-11-07,1,10,25200.0
5844,737,32,2024-03-22,1,0,78000.0
5845,491,89,2024-08-02,1,12,13200.0
5846,30,16,2024-02-07,1,8,78200.0
5847,153,138,2026-04-11,1,12,30800.0
5848,798,79,2024-11-01,1,14,73100.0
5849,1941,64,2025-11-15,1,8,138000.0
5850,590,110,2024-03-15,1,7,55800.0
5851,1310,25,2026-07-27,1,12,22000.0
5852,1806,89,2023-09-17,1,6,14100.0
5853,1911,38,2024-08-30,1,6,26320.0
5854,1153,121,2023-10-14,1,2,225400.0
5855,647,4,2025-01-25,1,11,75650.0
5856,1784,112,2024-01-19,1,4,21120.0
5857,1124,9,2025-11-27,1,10,20700.0
5858,1708,52,2025-04-17,1,15,59500.0
5859,1690,36,2025-02-23,1,9,38220.0
5860,525,99,2023-12-18,1,1,54450.0
5861,1909,140,2024-12-31,1,0,21000.0
5862,1047,122,2026-08-11,1,6,564000.0
5863,878,25,2023-11-24,1,7,23250.0
5864,1104,125,2023-10-05,1,7,102300.0
5865,1926,143,2024-01-11,1,15,17000.0
5866,1206,108,2025-08-08,1,5,28500.0
5867,828,83,2024-11-20,1,1,34650.0
5868,343,22,2024-10-16,1,15,27200.0
5869,1987,143,2024-03-06,1,12,17600.0
5870,213,68,2024-06-09,1,11,204700.0
5871,58,135,2026-07-17,1,0,250000.0
5872,748,77,2026-07-17,1,9,31850.0
5873,1919,112,2023-10-06,1,1,21780.0
5874,175,105,2023-11-03,1,12,26400.0
5875,1822,64,2024-01-07,1,0,150000.0
5876,1273,35,2023-09-29,1,6,32900.0
5877,869,134,2024-12-17,1,5,42750.0
5878,1298,31,2024-03-26,1,7,53940.0
5879,824,26,2024-08-09,1,3,31040.0
5880,1336,141,2025-04-27,1,1,27720.0
5881,558,65,2025-12-23,1,5,209000.0
5882,1075,119,2026-06-15,1,13,1740000.0
5883,1875,87,2026-06-25,1,12,24640.0
5884,1882,5,2024-10-21,1,9,43680.0
5885,662,15,2026-06-16,1,15,55250.0
5886,1434,36,2024-08-03,1,2,41160.0
5887,1854,44,2024-11-12,1,6,47000.0
5888,206,142,2024-10-25,1,12,33440.0
5889,1895,98,2026-08-05,1,9,45500.0
5890,1262,103,2024-01-07,1,9,16380.0
5891,1368,96,2026-04-05,1,4,21120.0
5892,1138,74,2026-05-14,1,14,38700.0
5893,1273,41,2024-02-20,1,11,22250.0
5894,144,3,2024-11-30,1,0,38000.0
5895,776,1,2025-11-04,1,13,20880.0
5896,658,20,2024-10-25,1,11,40050.0
5897,530,54,2023-12-19,1,2,117600.0
5898,186,137,2025-11-13,1,15,18700.0
5899,1078,137,2026-06-04,1,10,19800.0
5900,1886,63,2023-10-13,1,8,34960.0
5901,1596,124,2026-05-19,1,5,66500.0
5902,1089,129,2025-09-22,1,14,73100.0
5903,1270,93,2025-10-27,1,7,13020.0
5904,295,73,2025-06-02,1,6,32900.0
5905,1550,131,2023-11-19,1,2,147000.0
5906,88,132,2026-03-09,1,9,21840.0
5907,324,24,2026-06-26,1,12,42240.0
5908,1355,22,2025-05-04,1,15,27200.0
5909,1725,52,2024-01-20,1,10,63000.0
5910,1140,9,2024-08-06,1,13,20010.0
5911,1158,1,2026-05-02,1,5,22800.0
5912,1443,129,2024-10-18,1,0,85000.0
5913,1131,45,2024-10-22,1,7,39060.0
5914,1881,71,2024-09-19,1,2,4900000.0
5915,736,120,2024-02-08,1,5,237500.0
5916,338,60,2026-03-29,1,11,80100.0
5917,204,4,2024-06-18,1,7,79050.0
5918,718,10,2025-01-30,1,15,38250.0
5919,1412,9,2024-07-24,1,10,20700.0
5920,270,44,2026-06-15,1,6,47000.0
5921,803,72,2026-08-27,1,12,24640.0
5922,1352,60,2024-01-28,1,9,81900.0
5923,205,18,2026-04-17,1,5,26600.0
5924,295,87,2026-08-05,1,5,26600.0
5925,573,145,2024-01-29,1,15,29750.0
5926,505,13,2024-07-15,1,13,36540.0
5927,992,40,2026-06-01,1,8,27600.0
5928,1271,2,2024-04-08,1,14,27520.0
5929,1589,81,2025-11-29,1,0,22000.0
5930,1194,55,2026-05-20,1,5,61750.0
5931,477,69,2026-04-18,1,9,182000.0
5932,215,124,2025-05-15,1,5,66500.0
5933,1102,103,2026-07-18,1,0,18000.0
5934,531,63,2024-06-05,1,1,37620.0
5935,1897,59,2025-08-17,1,1,49500.0
5936,1048,58,2023-09-22,1,2,47040.0
5937,931,90,2025-10-31,1,2,21560.0
5938,284,72,2024-09-04,1,7,26040.0
5939,970,36,2025-12-01,1,11,37380.0
5940,961,7,2025-01-12,1,10,49500.0
5941,804,132,2026-04-18,1,9,21840.0
5942,1190,79,2025-02-15,1,5,80750.0
5943,969,102,2023-11-29,1,2,490000.0
5944,650,33,2024-07-17,1,6,24440.0
5945,624,144,2024-04-18,1,3,27160.0
5946,348,107,2026-05-12,1,6,23500.0
5947,385,40,2024-11-04,1,12,26400.0
5948,543,9,2025-07-30,1,0,23000.0
5949,1410,143,2026-04-26,1,2,19600.0
5950,1907,35,2023-11-23,1,12,30800.0
5951,1052,35,2024-01-13,1,4,33600.0
5952,1963,132,2023-11-09,1,0,24000.0
5953,1545,142,2024-05-19,1,15,32300.0
5954,506,36,2023-11-14,1,12,36960.0
5955,1521,119,2026-07-10,1,9,1820000.0
5956,730,118,2023-10-10,1,12,2640000.0
5957,914,84,2023-09-19,1,4,33600.0
5958,1475,133,2025-10-07,1,6,28200.0
5959,1302,19,2024-09-06,1,7,30690.0
5960,132,42,2025-06-02,1,6,37600.0
5961,1553,14,2026-01-27,1,7,51150.0
5962,327,90,2025-06-06,1,8,20240.0
5963,875,108,2026-07-01,1,6,28200.0
5964,301,102,2025-09-24,1,8,460000.0
5965,1571,27,2024-12-02,1,6,33840.0
5966,1367,50,2025-09-14,1,2,56840.0
5967,1467,122,2024-01-11,1,3,582000.0
5968,486,20,2025-12-27,1,7,41850.0
5969,1501,83,2026-05-20,1,2,34300.0
5970,1834,7,2026-06-09,1,12,48400.0
5971,1993,38,2026-08-24,1,9,25480.0
5972,715,49,2024-01-13,1,2,44100.0
5973,1601,129,2025-08-26,1,5,80750.0
5974,1657,101,2025-08-27,1,14,301000.0
5975,399,119,2024-06-18,1,2,1960000.0
5976,1564,19,2025-02-22,1,0,33000.0
5977,1748,50,2025-10-27,1,11,51620.0
5978,216,20,2024-02-15,1,4,43200.0
5979,1690,51,2025-04-11,1,4,46080.0
5980,707,136,2025-08-19,1,8,276000.0
5981,745,68,2026-06-24,1,10,207000.0
5982,778,87,2025-09-30,1,2,27440.0
5983,194,141,2024-03-16,1,4,26880.0
5984,1452,112,2025-11-26,1,12,19360.0
5985,1018,43,2025-11-12,1,13,52200.0
5986,1573,9,2025-02-07,1,3,22310.0
5987,1875,130,2026-08-22,1,6,89300.0
5988,948,29,2025-05-15,1,15,33150.0
5989,1162,58,2025-12-05,1,9,43680.0
5990,1980,122,2023-11-14,1,0,600000.0
5991,1383,1,2026-05-27,1,12,21120.0
5992,1014,1,2024-04-17,1,0,24000.0
5993,1373,16,2025-06-29,1,8,78200.0
5994,1318,122,2024-07-21,1,13,522000.0
5995,1086,77,2023-10-14,1,4,33600.0
5996,1706,37,2024-01-28,1,4,18240.0
5997,1168,8,2023-10-01,1,9,68250.0
5998,860,79,2025-04-15,1,9,77350.0
5999,1491,99,2024-10-10,1,4,52800.0
6000,1183,133,2025-07-29,1,10,27000.0
6001,1660,135,2026-02-07,1,1,247500.0
6002,902,99,2025-12-21,1,11,48950.0
6003,1320,69,2025-12-08,1,1,198000.0
6004,958,137,2026-06-22,1,6,20680.0
6005,1715,103,2025-03-14,1,10,16200.0
6006,407,70,2024-12-16,1,1,2970000.0
6007,217,89,2025-01-08,1,5,14250.0
6008,753,35,2025-01-31,1,6,32900.0
6009,898,40,2025-03-22,1,3,29100.0
6010,332,100,2026-02-03,1,11,222500.0
6011,1877,32,2024-03-03,1,13,67860.0
6012,1493,111,2024-11-24,1,7,51150.0
6013,474,84,2024-06-20,1,10,31500.0
6014,1606,133,2026-04-02,1,10,27000.0
6015,1243,131,2024-07-02,1,1,148500.0
6016,1340,88,2024-05-03,1,2,34300.0
6017,1197,45,2024-05-18,1,8,38640.0
6018,333,117,2024-03-13,1,4,72000.0
6019,396,53,2026-04-11,1,7,60450.0
6020,88,5,2025-08-15,1,11,42720.0
6021,327,52,2024-03-17,1,10,63000.0
6022,1778,129,2023-11-27,1,0,85000.0
6023,67,103,2024-04-01,1,15,15300.0
6024,1477,98,2025-02-03,1,12,44000.0
6025,325,114,2026-02-04,1,13,24360.0
6026,1850,12,2026-07-26,1,1,49500.0
6027,189,48,2025-04-27,1,12,79200.0
6028,1171,132,2023-09-30,1,7,22320.0
6029,195,66,2025-04-02,1,12,167200.0
6030,1418,52,2025-01-05,1,12,61600.0
6031,758,78,2025-05-26,1,11,33820.0
6032,458,98,2024-06-03,1,8,46000.0
6033,1467,103,2025-06-05,1,15,15300.0
6034,780,40,2025-03-28,1,13,26100.0
6035,1968,20,2024-09-01,1,6,42300.0
6036,709,117,2024-02-03,1,3,72750.0
6037,327,99,2024-06-03,1,8,50600.0
6038,663,78,2025-11-20,1,13,33060.0
6039,1160,83,2026-06-13,1,13,30450.0
6040,719,34,2024-10-30,1,14,27520.0
6041,589,86,2026-01-09,1,14,17200.0
6042,1997,66,2024-03-29,1,2,186200.0
6043,603,2,2026-08-08,1,14,27520.0
6044,84,107,2025-05-08,1,9,22750.0
6045,475,114,2024-01-02,1,12,24640.0
6046,646,26,2024-12-30,1,5,30400.0
6047,1904,71,2025-11-12,1,6,4700000.0
6048,1609,72,2025-07-01,1,8,25760.0
6049,1367,91,2025-06-02,1,15,22100.0
6050,1672,73,2026-02-15,1,3,33950.0
6051,253,125,2024-10-27,1,2,107800.0
6052,160,144,2026-08-26,1,8,25760.0
6053,1004,42,2024-09-28,1,9,36400.0
6054,348,16,2026-01-06,1,13,73950.0
6055,910,38,2024-11-11,1,5,26600.0
6056,570,138,2024-08-02,1,1,34650.0
6057,196,73,2025-05-31,1,11,31150.0
6058,1110,29,2023-09-29,1,7,36270.0
6059,368,110,2024-02-08,1,13,52200.0
6060,1352,16,2024-09-23,1,9,77350.0
6061,442,26,2024-06-14,1,3,31040.0
6062,1637,84,2024-11-09,1,7,32550.0
6063,450,82,2025-11-08,1,13,24360.0
6064,1320,127,2024-03-10,1,13,47850.0
6065,1839,87,2025-01-31,1,4,26880.0
6066,1911,104,2024-06-22,1,8,20240.0
6067,823,88,2025-06-21,1,0,35000.0
6068,439,120,2024-01-05,1,10,225000.0
6069,926,32,2025-08-02,1,8,71760.0
6070,1379,86,2025-09-04,1,6,18800.0
6071,1168,99,2024-01-25,1,2,53900.0
6072,1710,125,2026-02-21,1,4,105600.0
6073,222,142,2025-10-29,1,15,32300.0
6074,1601,126,2025-07-24,1,15,34000.0
6075,1481,43,2026-06-27,1,9,54600.0
6076,929,36,2024-06-30,1,7,39060.0
6077,1064,34,2026-06-19,1,6,30080.0
6078,724,19,2025-09-04,1,12,29040.0
6079,58,1,2026-05-19,1,1,23760.0
6080,1617,88,2025-10-18,1,5,33250.0
6081,702,93,2023-10-18,1,2,13720.0
6082,1045,5,2023-10-05,1,5,45600.0
6083,795,99,2024-08-19,1,15,46750.0
6084,720,42,2024-07-04,1,4,38400.0
6085,1614,30,2024-02-17,1,2,47040.0
6086,599,22,2023-12-20,1,2,31360.0
6087,607,21,2025-07-19,1,7,21390.0
6088,1980,107,2024-09-10,1,10,22500.0
6089,752,87,2024-11-07,1,13,24360.0
6090,1934,109,2026-03-04,1,14,38700.0
6091,942,77,2025-04-12,1,1,34650.0
6092,1384,143,2024-06-13,1,8,18400.0
6093,111,43,2024-06-18,1,8,55200.0
6094,1204,121,2025-06-06,1,12,202400.0
6095,1957,84,2025-06-29,1,8,32200.0
6096,691,9,2026-02-24,1,1,22770.0
6097,322,29,2025-02-09,1,9,35490.0
6098,918,2,2026-03-09,1,9,29120.0
6099,1184,39,2025-03-15,1,10,31500.0
6100,1827,35,2026-08-08,1,5,33250.0
6101,1022,114,2026-07-11,1,4,26880.0
6102,948,72,2026-06-01,1,8,25760.0
6103,51,71,2024-04-01,1,0,5000000.0
6104,689,41,2026-07-09,1,13,21750.0
6105,729,44,2023-10-16,1,1,49500.0
6106,549,41,2026-03-18,1,6,23500.0
6107,620,95,2025-03-28,1,3,14550.0
6108,1300,92,2025-04-17,1,5,17100.0
6109,483,83,2024-02-10,1,14,30100.0
6110,1124,1,2024-06-26,1,1,23760.0
6111,814,40,2026-03-08,1,12,26400.0
6112,1157,104,2023-10-26,1,14,18920.0
6113,88,125,2026-06-11,1,11,97900.0
6114,928,63,2025-08-12,1,4,36480.0
6115,574,82,2025-07-10,1,13,24360.0
6116,1571,26,2026-05-29,1,5,30400.0
6117,1890,100,2024-05-29,1,8,230000.0
6118,1945,87,2024-05-13,1,14,24080.0
6119,791,60,2026-06-29,1,8,82800.0
6120,1039,12,2026-08-12,1,14,43000.0
6121,1535,94,2024-08-22,1,5,19000.0
6122,988,113,2024-01-05,1,5,28500.0
6123,1481,16,2025-06-09,1,14,73100.0
6124,295,81,2026-03-25,1,3,21340.0
6125,1946,133,2024-09-21,1,1,29700.0
6126,1652,131,2023-11-17,1,12,132000.0
6127,604,68,2023-11-27,1,7,213900.0
6128,1734,99,2023-11-26,1,12,48400.0
6129,854,126,2025-02-08,1,7,37200.0
6130,1396,93,2024-04-30,1,6,13160.0
6131,306,94,2025-11-14,1,15,17000.0
6132,1806,75,2026-01-24,1,13,19140.0
6133,124,70,2023-10-17,1,4,2880000.0
6134,507,33,2024-05-10,1,14,22360.0
6135,1586,94,2023-10-22,1,12,17600.0
6136,1611,123,2024-12-27,1,6,56400.0
6137,215,40,2025-07-14,1,15,25500.0
6138,495,40,2026-04-26,1,12,26400.0
6139,224,84,2024-04-01,1,11,31150.0
6140,519,26,2024-08-16,1,10,28800.0
6141,656,97,2026-03-04,1,0,45000.0
6142,165,106,2025-10-31,1,0,20000.0
6143,1538,88,2025-07-30,1,1,34650.0
6144,1540,17,2024-12-31,1,6,20680.0
6145,1501,85,2025-07-22,1,10,43200.0
6146,1984,105,2024-08-20,1,1,29700.0
6147,470,3,2026-07-17,1,14,32680.0
6148,477,88,2026-03-12,1,5,33250.0
6149,571,87,2025-04-04,1,8,25760.0
6150,919,9,2025-10-02,1,15,19550.0
6151,369,47,2025-11-30,1,9,72800.0
6152,939,72,2025-10-31,1,7,26040.0
6153,1818,88,2026-08-30,1,7,32550.0
6154,289,52,2025-09-14,1,7,65100.0
6155,1884,87,2026-01-18,1,6,26320.0
6156,1428,72,2025-07-19,1,14,24080.0
6157,210,115,2024-06-28,1,4,43200.0
6158,724,62,2024-02-15,1,15,44200.0
6159,1813,31,2026-04-02,1,14,49880.0
6160,1196,133,2023-12-13,1,2,29400.0
6161,1180,91,2025-09-24,1,10,23400.0
6162,171,50,2025-08-17,1,11,51620.0
6163,1951,71,2025-01-26,1,8,4600000.0
6164,13,27,2026-06-27,1,8,33120.0
6165,402,55,2024-06-23,1,10,58500.0
6166,387,21,2024-11-20,1,14,19780.0
6167,1850,94,2024-06-23,1,13,17400.0
6168,542,144,2025-01-07,1,3,27160.0
6169,1522,129,2025-01-24,1,11,75650.0
6170,1284,118,2024-04-05,1,14,2580000.0
6171,1941,44,2024-11-02,1,13,43500.0
6172,1,105,2024-05-31,1,1,29700.0
6173,1634,25,2024-03-19,1,0,25000.0
6174,564,109,2026-01-26,1,14,38700.0
6175,989,25,2024-11-05,1,5,23750.0
6176,1074,116,2026-01-01,1,0,60000.0
6177,1013,22,2026-08-02,1,7,29760.0
6178,403,91,2024-11-08,1,10,23400.0
6179,467,91,2024-06-14,1,8,23920.0
6180,1162,4,2025-07-19,1,5,80750.0
6181,929,102,2026-03-12,1,5,475000.0
6182,767,1,2024-01-21,1,14,20640.0
6183,512,143,2025-09-15,1,8,18400.0
6184,416,52,2026-05-03,1,7,65100.0
6185,558,103,2025-05-19,1,5,17100.0
6186,487,54,2023-10-20,1,10,108000.0
6187,1700,84,2023-10-21,1,7,32550.0
6188,330,60,2025-10-29,1,0,90000.0
6189,101,110,2025-07-18,1,3,58200.0
6190,1725,69,2023-11-23,1,11,178000.0
6191,115,50,2025-07-27,1,1,57420.0
6192,1058,134,2026-02-01,1,11,40050.0
6193,183,144,2026-08-30,1,9,25480.0
6194,1191,17,2024-11-11,1,4,21120.0
6195,597,61,2025-11-05,1,3,43650.0
6196,425,124,2023-10-31,1,12,61600.0
6197,1396,56,2024-09-17,1,15,80750.0
6198,80,68,2026-02-22,1,8,211600.0
6199,151,134,2024-11-17,1,2,44100.0
6200,500,6,2025-11-22,1,9,56420.0
6201,173,27,2025-04-10,1,12,31680.0
6202,15,73,2025-05-18,1,12,30800.0
6203,905,64,2025-12-09,1,11,133500.0
6204,1359,69,2025-10-10,1,9,182000.0
6205,488,49,2024-09-06,1,15,38250.0
6206,339,60,2026-04-20,1,13,78300.0
6207,1093,145,2024-06-12,1,13,30450.0
6208,1427,126,2024-07-16,1,2,39200.0
6209,1094,3,2025-05-11,1,3,36860.0
6210,1501,22,2026-04-25,1,12,28160.0
6211,1820,79,2025-08-16,1,4,81600.0
6212,1004,42,2024-07-13,1,9,36400.0
6213,1426,88,2025-02-09,1,15,29750.0
6214,1675,70,2026-04-03,1,0,3000000.0
6215,1818,52,2024-12-19,1,12,61600.0
6216,1502,115,2026-01-28,1,9,40950.0
6217,87,137,2025-03-15,1,14,18920.0
6218,534,6,2025-09-11,1,2,60760.0
6219,1985,26,2024-03-21,1,15,27200.0
6220,1623,21,2025-10-17,1,12,20240.0
6221,1968,85,2025-10-12,1,12,42240.0
6222,99,124,2025-03-16,1,4,67200.0
6223,1118,102,2024-09-11,1,14,430000.0
6224,438,39,2026-07-06,1,3,33950.0
6225,672,130,2025-12-21,1,8,87400.0
6226,638,30,2026-05-04,1,13,41760.0
6227,126,28,2024-12-13,1,12,42240.0
6228,795,101,2024-05-19,1,11,311500.0
6229,102,73,2025-11-13,1,11,31150.0
6230,1549,131,2026-04-28,1,8,138000.0
6231,985,29,2026-01-22,1,1,38610.0
6232,770,70,2024-07-20,1,6,2820000.0
6233,1884,109,2025-08-07,1,11,40050.0
6234,48,4,2026-06-20,1,9,77350.0
6235,1705,115,2025-11-21,1,7,41850.0
6236,475,91,2024-09-25,1,9,23660.0
6237,1588,94,2024-03-27,1,4,19200.0
6238,87,31,2024-09-27,1,2,56840.0
6239,1033,68,2025-06-15,1,10,207000.0
6240,1139,119,2026-05-28,1,12,1760000.0
6241,1160,137,2026-04-11,1,9,20020.0
6242,1003,26,2026-02-03,1,2,31360.0
6243,1763,35,2026-02-14,1,0,35000.0
6244,1490,70,2026-02-20,1,0,3000000.0
6245,2000,22,2024-04-06,1,0,32000.0
6246,1419,25,2025-09-05,1,13,21750.0
6247,804,118,2025-01-19,1,9,2730000.0
6248,1126,77,2025-10-19,1,6,32900.0
6249,320,28,2024-11-09,1,5,45600.0
6250,485,66,2023-12-04,1,8,174800.0
6251,740,26,2025-09-06,1,7,29760.0
6252,729,116,2024-11-01,1,5,57000.0
6253,1179,80,2024-03-01,1,1,59400.0
6254,606,76,2023-09-18,1,2,39200.0
6255,1935,11,2026-02-01,1,2,47040.0
6256,738,40,2026-06-15,1,1,29700.0
6257,547,139,2026-01-25,1,6,28200.0
6258,1718,84,2026-04-02,1,2,34300.0
6259,1113,69,2025-04-22,1,9,182000.0
6260,400,87,2025-12-10,1,4,26880.0
6261,1715,42,2025-11-13,1,14,34400.0
6262,270,120,2024-05-09,1,11,222500.0
6263,1278,70,2025-08-10,1,11,2670000.0
6264,41,81,2025-09-29,1,15,18700.0
6265,1094,135,2025-08-13,1,4,240000.0
6266,271,111,2024-11-25,1,7,51150.0
6267,910,61,2025-09-23,1,11,40050.0
6268,1483,76,2026-03-11,1,6,37600.0
6269,1988,67,2025-05-15,1,11,222500.0
6270,1706,17,2024-09-21,1,13,19140.0
6271,15,127,2023-12-22,1,15,46750.0
6272,1475,51,2024-02-13,1,8,44160.0
6273,1296,136,2026-08-25,1,15,255000.0
6274,514,7,2025-03-06,1,1,54450.0
6275,1918,113,2026-01-24,1,14,25800.0
6276,206,90,2024-05-31,1,8,20240.0
6277,851,135,2026-03-28,1,6,235000.0
6278,1883,38,2026-08-03,1,14,24080.0
6279,432,3,2026-03-15,1,0,38000.0
6280,105,85,2025-02-19,1,12,42240.0
6281,1949,21,2025-04-11,1,13,20010.0
6282,1434,76,2024-08-11,1,8,36800.0
6283,651,9,2023-11-28,1,8,21160.0
6284,480,45,2026-08-23,1,13,36540.0
6285,1079,38,2024-01-21,1,2,27440.0
6286,947,35,2025-04-13,1,12,30800.0
6287,1415,62,2024-12-30,1,3,50440.0
6288,1193,18,2024-09-21,1,6,26320.0
6289,764,19,2025-02-16,1,11,29370.0
6290,754,106,2024-05-07,1,6,18800.0
6291,100,44,2025-04-28,1,11,44500.0
6292,769,56,2023-10-31,1,8,87400.0
6293,1797,119,2025-09-25,1,8,1840000.0
6294,1249,84,2024-02-09,1,1,34650.0
6295,214,95,2025-01-08,1,3,14550.0
6296,1815,45,2024-04-12,1,11,37380.0
6297,1506,95,2024-05-23,1,0,15000.0
6298,1531,32,2024-02-22,1,4,74880.0
6299,420,5,2025-03-24,1,13,41760.0
6300,948,51,2025-01-09,1,7,44640.0
6301,770,105,2024-11-15,1,10,27000.0
6302,1325,113,2026-03-29,1,6,28200.0
6303,624,142,2024-09-14,1,13,33060.0
6304,1877,26,2024-04-07,1,8,29440.0
6305,1153,123,2026-04-10,1,0,60000.0
6306,1772,4,2026-01-18,1,0,85000.0
6307,108,38,2023-12-28,1,2,27440.0
6308,148,75,2026-06-14,1,5,20900.0
6309,81,18,2025-05-20,1,7,26040.0
6310,780,132,2024-05-23,1,15,20400.0
6311,261,40,2026-09-09,1,11,26700.0
6312,972,40,2026-01-30,1,5,28500.0
6313,560,64,2024-07-27,1,4,144000.0
6314,792,103,2024-02-14,1,9,16380.0
6315,522,114,2025-07-31,1,0,28000.0
6316,845,23,2025-08-07,1,2,39200.0
6317,496,55,2025-05-25,1,12,57200.0
6318,31,28,2025-02-08,1,10,43200.0
6319,121,85,2024-05-22,1,9,43680.0
6320,1255,117,2024-10-18,1,5,71250.0
6321,495,74,2026-08-17,1,15,38250.0
6322,1187,75,2025-10-27,1,15,18700.0
6323,1622,97,2023-10-04,1,2,44100.0
6324,1012,105,2024-09-22,1,12,26400.0
6325,98,56,2025-01-05,1,13,82650.0
6326,1616,10,2026-01-26,1,7,41850.0
6327,1955,34,2023-10-27,1,6,30080.0
6328,913,5,2024-08-25,1,3,46560.0
6329,1507,100,2026-03-15,1,2,245000.0
6330,1543,128,2024-03-26,1,7,74400.0
6331,804,70,2025-05-18,1,2,2940000.0
6332,706,76,2026-05-13,1,5,38000.0
6333,1097,18,2024-05-24,1,8,25760.0
6334,299,80,2026-06-23,1,10,54000.0
6335,1503,76,2025-08-18,1,5,38000.0
6336,422,113,2024-09-10,1,14,25800.0
6337,1612,88,2024-11-20,1,4,33600.0
6338,1342,145,2024-12-31,1,0,35000.0
6339,511,98,2024-08-16,1,11,44500.0
6340,1255,53,2024-04-17,1,3,63050.0
6341,86,108,2025-07-04,1,6,28200.0
6342,595,117,2024-10-31,1,2,73500.0
6343,1893,19,2023-10-11,1,10,29700.0
6344,1514,4,2024-07-11,1,3,82450.0
6345,768,28,2024-09-14,1,11,42720.0
6346,758,11,2024-09-12,1,14,41280.0
6347,1938,17,2025-03-05,1,2,21560.0
6348,463,45,2024-11-27,1,4,40320.0
6349,531,144,2023-12-23,1,7,26040.0
6350,180,78,2024-07-17,1,5,36100.0
6351,1771,21,2025-12-10,1,6,21620.0
6352,403,49,2025-02-07,1,15,38250.0
6353,691,139,2025-05-24,1,14,25800.0
6354,1328,98,2024-04-11,1,6,47000.0
6355,401,100,2023-10-29,1,8,230000.0
6356,459,83,2025-11-09,1,14,30100.0
6357,1394,23,2025-07-17,1,5,38000.0
6358,1369,14,2025-01-19,1,7,51150.0
6359,102,41,2024-11-15,1,10,22500.0
6360,1916,56,2025-06-05,1,9,86450.0
6361,1534,145,2024-01-27,1,6,32900.0
6362,276,64,2025-06-23,1,3,145500.0
6363,716,56,2024-11-14,1,10,85500.0
6364,795,91,2024-08-14,1,1,25740.0
6365,525,141,2024-02-29,1,3,27160.0
6366,1091,127,2024-09-16,1,13,47850.0
6367,553,57,2025-08-13,1,9,38220.0
6368,1802,143,2026-08-13,1,9,18200.0
6369,444,119,2025-02-14,1,8,1840000.0
6370,245,53,2024-06-14,1,11,57850.0
6371,141,7,2024-02-20,1,2,53900.0
6372,1558,37,2025-06-11,1,13,16530.0
6373,203,72,2024-04-25,1,12,24640.0
6374,1815,7,2025-03-23,1,14,47300.0
6375,266,56,2026-08-29,1,14,81700.0
6376,569,94,2023-09-28,1,0,20000.0
6377,818,98,2026-06-24,1,12,44000.0
6378,354,76,2023-12-15,1,3,38800.0
6379,90,89,2024-10-06,1,9,13650.0
6380,403,136,2025-07-07,1,4,288000.0
6381,735,59,2024-07-18,1,14,43000.0
6382,1434,6,2026-06-02,1,10,55800.0
6383,738,9,2025-12-10,1,5,21850.0
6384,805,120,2025-07-26,1,7,232500.0
6385,1823,57,2023-09-13,1,4,40320.0
6386,498,15,2023-10-16,1,12,57200.0
6387,243,63,2024-04-28,1,13,33060.0
6388,1776,123,2023-09-27,1,3,58200.0
6389,5,43,2024-01-13,1,12,52800.0
6390,946,82,2025-10-15,1,8,25760.0
6391,1747,124,2024-08-16,1,15,59500.0
6392,46,122,2025-12-24,1,8,552000.0
6393,1696,60,2023-09-23,1,0,90000.0
6394,442,95,2025-05-09,1,11,13350.0
6395,1865,106,2023-12-09,1,7,18600.0
6396,702,40,2024-03-12,1,15,25500.0
6397,1553,10,2023-10-29,1,13,39150.0
6398,949,109,2024-10-13,1,15,38250.0
6399,44,20,2024-03-09,1,4,43200.0
6400,638,91,2023-09-30,1,9,23660.0
6401,147,133,2024-06-04,1,10,27000.0
6402,1823,139,2024-08-04,1,8,27600.0
6403,1667,4,2024-01-06,1,12,74800.0
6404,1823,14,2025-06-23,1,0,55000.0
6405,179,120,2025-07-19,1,2,245000.0
6406,1535,34,2026-09-06,1,8,29440.0
6407,1942,74,2024-02-08,1,15,38250.0
6408,1184,31,2025-09-18,1,7,53940.0
6409,1140,136,2023-12-13,1,14,258000.0
6410,1988,17,2024-10-10,1,11,19580.0
6411,1194,104,2024-01-05,1,12,19360.0
6412,1555,68,2023-10-01,1,3,223100.0
6413,139,84,2024-07-08,1,10,31500.0
6414,1150,54,2025-06-07,1,12,105600.0
6415,1181,22,2025-01-05,1,6,30080.0
6416,1016,78,2024-06-05,1,10,34200.0
6417,916,27,2025-05-02,1,0,36000.0
6418,1037,35,2025-04-27,1,3,33950.0
6419,1258,111,2025-03-02,1,15,46750.0
6420,1788,30,2026-06-03,1,5,45600.0
6421,544,42,2025-05-25,1,5,38000.0
6422,186,29,2025-12-04,1,11,34710.0
6423,1852,130,2023-11-30,1,6,89300.0
6424,776,7,2024-07-14,1,6,51700.0
6425,1357,62,2024-06-30,1,2,50960.0
6426,485,145,2026-01-05,1,4,33600.0
6427,593,38,2024-01-07,1,1,27720.0
6428,443,65,2024-12-24,1,3,213400.0
6429,352,1,2025-10-02,1,0,24000.0
6430,1701,122,2026-04-14,1,4,576000.0
6431,1288,63,2026-09-04,1,9,34580.0
6432,1844,53,2024-09-16,1,4,62400.0
6433,911,114,2023-10-11,1,1,27720.0
6434,49,43,2026-03-25,1,13,52200.0
6435,212,12,2025-07-30,1,13,43500.0
6436,732,25,2024-02-01,1,7,23250.0
6437,1731,8,2025-06-23,1,5,71250.0
6438,1135,105,2024-12-12,1,5,28500.0
6439,1994,79,2025-10-30,1,5,80750.0
6440,1486,6,2024-08-23,1,4,59520.0
6441,1682,113,2024-06-07,1,0,30000.0
6442,1065,142,2026-08-12,1,10,34200.0
6443,384,135,2026-07-16,1,9,227500.0
6444,485,59,2025-12-15,1,6,47000.0
6445,1893,65,2023-10-24,1,11,195800.0
6446,800,94,2024-11-11,1,3,19400.0
6447,1148,44,2025-08-26,1,9,45500.0
6448,1680,18,2024-04-13,1,8,25760.0
6449,1513,92,2024-03-21,1,15,15300.0
6450,1731,54,2024-02-18,1,8,110400.0
6451,157,22,2023-09-18,1,4,30720.0
6452,968,112,2025-11-26,1,12,19360.0
6453,1039,53,2026-06-29,1,13,56550.0
6454,593,138,2025-02-08,1,6,32900.0
6455,744,135,2026-06-26,1,3,242500.0
6456,1737,118,2024-03-10,1,14,2580000.0
6457,1812,119,2025-08-26,1,10,1800000.0
6458,1164,118,2026-08-13,1,11,2670000.0
6459,260,111,2025-10-09,1,9,50050.0
6460,1518,63,2026-08-01,1,2,37240.0
6461,1309,25,2026-08-22,1,11,22250.0
6462,1213,90,2024-09-11,1,15,18700.0
6463,1125,83,2025-12-26,1,14,30100.0
6464,329,1,2024-11-16,1,1,23760.0
6465,717,61,2025-08-31,1,2,44100.0
6466,216,141,2026-05-07,1,12,24640.0
6467,160,57,2025-09-30,1,7,39060.0
6468,1697,81,2026-05-04,1,14,18920.0
6469,307,144,2023-09-30,1,7,26040.0
6470,229,112,2026-01-09,1,5,20900.0
6471,1071,30,2024-04-08,1,4,46080.0
6472,1251,81,2024-05-30,1,4,21120.0
6473,909,16,2026-02-17,1,1,84150.0
6474,1923,37,2026-06-12,1,11,16910.0
6475,297,67,2023-10-05,1,7,232500.0
6476,1818,107,2025-01-11,1,10,22500.0
6477,1200,33,2024-07-25,1,3,25220.0
6478,1673,1,2024-04-11,1,15,20400.0
6479,1167,122,2024-09-05,1,9,546000.0
6480,915,99,2024-01-17,1,8,50600.0
6481,1842,131,2025-01-10,1,5,142500.0
6482,891,6,2026-04-09,1,8,57040.0
6483,81,68,2026-05-27,1,7,213900.0
6484,947,9,2025-02-25,1,0,23000.0
6485,658,106,2024-02-05,1,14,17200.0
6486,1568,55,2025-03-25,1,15,55250.0
6487,318,55,2024-09-08,1,8,59800.0
6488,1108,90,2024-02-15,1,10,19800.0
6489,201,111,2026-09-04,1,9,50050.0
6490,1523,104,2025-03-05,1,7,20460.0
6491,836,129,2025-07-31,1,12,74800.0
6492,642,96,2026-06-01,1,0,22000.0
6493,622,31,2025-05-17,1,4,55680.0
6494,1029,42,2024-06-09,1,6,37600.0
6495,1944,110,2025-01-06,1,6,56400.0
6496,233,13,2023-12-23,1,3,40740.0
6497,1176,130,2023-11-01,1,11,84550.0
6498,1872,88,2024-06-28,1,1,34650.0
6499,290,15,2024-10-20,1,14,55900.0
6500,68,101,2025-02-07,1,14,301000.0
6501,985,143,2024-04-12,1,15,17000.0
6502,317,28,2025-10-27,1,2,47040.0
6503,85,88,2025-06-23,1,0,35000.0
6504,281,29,2025-06-11,1,13,33930.0
6505,917,62,2024-11-17,1,14,44720.0
6506,1927,41,2024-09-20,1,15,21250.0
6507,20,54,2023-10-11,1,10,108000.0
6508,534,85,2024-01-17,1,15,40800.0
6509,634,113,2024-05-17,1,14,25800.0
6510,1535,40,2026-07-19,1,12,26400.0
6511,1854,120,2024-10-07,1,10,225000.0
6512,1500,6,2024-06-07,1,13,53940.0
6513,1449,56,2023-10-27,1,13,82650.0
6514,1437,84,2023-11-26,1,14,30100.0
6515,1609,52,2025-08-30,1,5,66500.0
6516,843,134,2026-01-31,1,9,40950.0
6517,1949,18,2024-08-15,1,9,25480.0
6518,194,81,2024-06-30,1,15,18700.0
6519,1622,141,2024-02-20,1,12,24640.0
6520,1998,130,2025-03-27,1,1,94050.0
6521,520,133,2024-05-26,1,4,28800.0
6522,780,94,2024-10-05,1,11,17800.0
6523,73,94,2023-12-19,1,15,17000.0
6524,451,136,2024-12-31,1,7,279000.0
6525,631,126,2025-03-23,1,8,36800.0
6526,575,138,2026-07-21,1,12,30800.0
6527,1115,144,2024-10-10,1,10,25200.0
6528,1544,102,2025-06-21,1,0,500000.0
6529,992,91,2025-05-01,1,0,26000.0
6530,1081,138,2023-10-09,1,14,30100.0
6531,836,139,2024-08-29,1,9,27300.0
6532,478,132,2025-11-24,1,14,20640.0
6533,1684,79,2024-11-17,1,0,85000.0
6534,1654,92,2026-08-10,1,1,17820.0
6535,325,110,2026-04-07,1,3,58200.0
6536,362,17,2024-03-26,1,11,19580.0
6537,968,101,2026-06-09,1,10,315000.0
6538,1643,34,2024-03-14,1,8,29440.0
6539,1455,72,2024-03-22,1,7,26040.0
6540,259,25,2026-01-31,1,1,24750.0
6541,357,92,2026-05-08,1,5,17100.0
6542,494,144,2024-12-30,1,10,25200.0
6543,386,92,2025-01-06,1,5,17100.0
6544,763,10,2023-11-06,1,14,38700.0
6545,1489,104,2023-12-10,1,5,20900.0
6546,1632,93,2024-08-28,1,11,12460.0
6547,144,132,2025-09-29,1,9,21840.0
6548,1490,109,2025-12-06,1,0,45000.0
6549,397,100,2025-11-24,1,3,242500.0
6550,1834,108,2026-03-20,1,7,27900.0
6551,337,40,2024-01-20,1,0,30000.0
6552,1387,84,2024-09-30,1,14,30100.0
6553,1202,15,2025-12-19,1,5,61750.0
6554,1252,62,2025-05-05,1,3,50440.0
6555,345,22,2025-03-16,1,6,30080.0
6556,562,68,2025-05-12,1,3,223100.0
6557,60,69,2026-04-04,1,10,180000.0
6558,495,117,2025-09-03,1,15,63750.0
6559,878,107,2026-04-09,1,4,24000.0
6560,896,95,2025-04-04,1,10,13500.0
6561,809,82,2025-08-13,1,13,24360.0
6562,227,138,2024-04-29,1,5,33250.0
6563,1615,27,2026-08-21,1,6,33840.0
6564,1618,106,2024-04-23,1,1,19800.0
6565,1410,14,2026-01-22,1,12,48400.0
6566,197,106,2026-05-01,1,4,19200.0
6567,1952,95,2023-10-23,1,5,14250.0
6568,430,25,2025-06-20,1,6,23500.0
6569,1841,8,2026-06-13,1,11,66750.0
6570,596,62,2025-10-30,1,5,49400.0
6571,1682,93,2025-08-20,1,2,13720.0
6572,1420,5,2026-04-21,1,13,41760.0
6573,897,37,2024-03-04,1,4,18240.0
6574,1991,81,2025-07-16,1,9,20020.0
6575,1673,16,2024-04-16,1,12,74800.0
6576,522,96,2023-10-03,1,5,20900.0
6577,1326,56,2023-09-23,1,0,95000.0
6578,1469,104,2024-05-31,1,8,20240.0
6579,580,121,2025-02-09,1,5,218500.0
6580,379,96,2026-05-07,1,7,20460.0
6581,1518,79,2026-03-22,1,13,73950.0
6582,452,74,2026-05-17,1,8,41400.0
6583,212,55,2024-04-28,1,1,64350.0
6584,806,100,2026-06-09,1,1,247500.0
6585,26,61,2026-09-04,1,0,45000.0
6586,389,50,2024-11-20,1,14,49880.0
6587,1301,30,2023-12-28,1,9,43680.0
6588,1749,115,2024-10-24,1,6,42300.0
6589,888,99,2026-08-27,1,1,54450.0
6590,1045,129,2023-09-28,1,0,85000.0
6591,453,73,2023-09-30,1,10,31500.0
6592,1423,96,2025-05-19,1,11,19580.0
6593,463,31,2025-12-08,1,14,49880.0
6594,581,1,2024-10-03,1,12,21120.0
6595,116,34,2024-08-20,1,14,27520.0
6596,1564,108,2025-09-14,1,14,25800.0
6597,1514,89,2024-03-08,1,3,14550.0
6598,505,102,2024-05-29,1,8,460000.0
6599,1410,59,2025-09-05,1,6,47000.0
6600,606,93,2025-04-19,1,15,11900.0
6601,937,108,2025-05-18,1,11,26700.0
6602,885,109,2025-03-02,1,8,41400.0
6603,1507,81,2025-02-04,1,15,18700.0
6604,1706,78,2023-12-25,1,2,37240.0
6605,242,93,2024-05-06,1,3,13580.0
6606,27,15,2024-08-29,1,10,58500.0
6607,1574,39,2026-03-05,1,15,29750.0
6608,1512,63,2024-12-30,1,6,35720.0
6609,926,19,2024-08-04,1,7,30690.0
6610,1987,125,2026-03-24,1,13,95700.0
6611,1241,39,2026-03-08,1,0,35000.0
6612,1673,21,2024-09-06,1,13,20010.0
6613,1721,59,2025-08-26,1,12,44000.0
6614,1510,126,2026-03-24,1,3,38800.0
6615,677,20,2025-04-18,1,4,43200.0
6616,123,56,2026-05-03,1,2,93100.0
6617,156,67,2026-04-20,1,10,225000.0
6618,508,66,2023-11-10,1,10,171000.0
6619,963,87,2024-10-28,1,12,24640.0
6620,1514,5,2024-10-11,1,7,44640.0
6621,748,36,2025-07-01,1,6,39480.0
6622,1451,67,2024-08-08,1,13,217500.0
6623,1476,58,2024-08-21,1,0,48000.0
6624,1865,57,2025-05-26,1,13,36540.0
6625,944,81,2025-07-02,1,0,22000.0
6626,162,106,2024-03-13,1,12,17600.0
6627,854,137,2025-02-05,1,0,22000.0
6628,817,31,2025-04-12,1,15,49300.0
6629,1399,46,2025-01-01,1,7,44640.0
6630,86,74,2025-01-30,1,13,39150.0
6631,1388,120,2024-03-10,1,8,230000.0
6632,634,115,2025-07-11,1,4,43200.0
6633,573,103,2025-03-01,1,8,16560.0
6634,1280,96,2026-03-04,1,14,18920.0
6635,1134,81,2026-05-15,1,13,19140.0
6636,586,144,2023-11-05,1,9,25480.0
6637,678,108,2024-03-18,1,5,28500.0
6638,1346,75,2024-02-10,1,9,20020.0
6639,1596,14,2024-03-29,1,5,52250.0
6640,1065,2,2025-06-21,1,8,29440.0
6641,1184,87,2025-08-24,1,5,26600.0
6642,1627,91,2024-06-13,1,6,24440.0
6643,980,125,2024-04-24,1,12,96800.0
6644,1141,25,2024-08-15,1,6,23500.0
6645,1844,42,2023-11-11,1,9,36400.0
6646,1722,18,2025-01-22,1,9,25480.0
6647,1670,129,2024-04-26,1,11,75650.0
6648,613,58,2026-06-04,1,11,42720.0
6649,393,23,2025-01-03,1,1,39600.0
6650,1536,24,2026-08-07,1,13,41760.0
6651,769,129,2024-05-21,1,2,83300.0
6652,495,46,2026-04-03,1,14,41280.0
6653,1970,84,2024-06-18,1,12,30800.0
6654,138,143,2024-04-25,1,9,18200.0
6655,608,123,2024-04-09,1,12,52800.0
6656,1647,25,2024-06-13,1,14,21500.0
6657,407,30,2024-04-04,1,6,45120.0
6658,928,74,2023-11-18,1,3,43650.0
6659,1683,18,2025-04-24,1,6,26320.0
6660,1149,20,2024-04-07,1,9,40950.0
6661,698,39,2024-12-29,1,8,32200.0
6662,1722,41,2026-06-14,1,1,24750.0
6663,1067,133,2024-11-01,1,11,26700.0
6664,984,44,2024-03-05,1,15,42500.0
6665,13,132,2024-01-02,1,0,24000.0
6666,1233,117,2025-01-02,1,7,69750.0
6667,1911,92,2025-11-08,1,7,16740.0
6668,885,118,2025-08-08,1,0,3000000.0
6669,1597,61,2025-02-17,1,8,41400.0
6670,1168,144,2026-02-22,1,15,23800.0
6671,358,19,2024-09-07,1,1,32670.0
6672,576,94,2024-01-09,1,12,17600.0
6673,994,45,2025-09-03,1,15,35700.0
6674,628,58,2024-08-05,1,4,46080.0
6675,1675,119,2024-07-11,1,10,1800000.0
6676,1432,100,2025-06-24,1,8,230000.0
6677,1592,62,2024-01-23,1,14,44720.0
6678,386,97,2024-10-30,1,1,44550.0
6679,261,93,2026-07-06,1,1,13860.0
6680,100,104,2024-06-29,1,13,19140.0
6681,405,53,2026-05-20,1,7,60450.0
6682,1227,140,2025-05-24,1,0,21000.0
6683,1532,59,2025-10-19,1,11,44500.0
6684,646,69,2026-01-14,1,13,174000.0
6685,1142,35,2024-10-12,1,13,30450.0
6686,1449,66,2025-09-21,1,2,186200.0
6687,1369,17,2026-05-17,1,0,22000.0
6688,409,43,2026-03-13,1,7,55800.0
6689,160,32,2025-12-07,1,10,70200.0
6690,1521,8,2025-05-13,1,6,70500.0
6691,1123,94,2025-05-29,1,0,20000.0
6692,1954,44,2024-12-30,1,4,48000.0
6693,490,92,2024-07-23,1,12,15840.0
6694,399,75,2024-12-02,1,5,20900.0
6695,1137,100,2024-03-26,1,12,220000.0
6696,551,81,2026-05-10,1,8,20240.0
6697,1099,129,2026-08-14,1,10,76500.0
6698,312,16,2026-06-03,1,2,83300.0
6699,1086,24,2025-01-14,1,2,47040.0
6700,73,48,2024-04-07,1,5,85500.0
6701,1929,15,2023-11-30,1,9,59150.0
6702,1200,92,2026-01-31,1,15,15300.0
6703,1199,78,2024-08-06,1,10,34200.0
6704,1509,56,2024-12-26,1,11,84550.0
6705,1139,31,2024-06-12,1,10,52200.0
6706,1304,102,2024-03-13,1,13,435000.0
6707,1627,5,2026-02-12,1,6,45120.0
6708,796,15,2026-06-24,1,3,63050.0
6709,919,56,2024-02-04,1,4,91200.0
6710,1073,141,2026-09-07,1,8,25760.0
6711,212,37,2024-01-21,1,13,16530.0
6712,1989,91,2024-02-23,1,14,22360.0
6713,133,13,2025-09-30,1,0,42000.0
6714,1916,2,2023-09-28,1,13,27840.0
6715,1694,111,2024-01-12,1,15,46750.0
6716,1403,127,2024-02-16,1,11,48950.0
6717,606,138,2026-07-15,1,12,30800.0
6718,3,125,2026-09-09,1,0,110000.0
6719,1793,9,2026-05-25,1,9,20930.0
6720,1237,67,2025-01-22,1,9,227500.0
6721,7,19,2024-02-06,1,7,30690.0
6722,1565,74,2024-02-16,1,7,41850.0
6723,937,20,2026-06-18,1,2,44100.0
6724,710,99,2025-03-06,1,7,51150.0
6725,1466,11,2025-06-15,1,8,44160.0
6726,489,85,2026-04-08,1,11,42720.0
6727,1319,29,2025-05-27,1,10,35100.0
6728,531,95,2024-06-16,1,0,15000.0
6729,1966,46,2024-08-15,1,9,43680.0
6730,802,100,2023-10-23,1,0,250000.0
6731,1459,97,2026-01-02,1,4,43200.0
6732,1240,87,2025-12-15,1,6,26320.0
6733,241,112,2023-10-20,1,11,19580.0
6734,1251,75,2025-09-30,1,0,22000.0
6735,708,10,2024-05-05,1,14,38700.0
6736,533,11,2025-02-18,1,14,41280.0
6737,364,81,2024-04-10,1,10,19800.0
6738,571,44,2024-09-20,1,4,48000.0
6739,1626,122,2024-06-20,1,7,558000.0
6740,983,3,2024-01-05,1,13,33060.0
6741,611,145,2025-03-29,1,14,30100.0
6742,1715,47,2024-05-15,1,4,76800.0
6743,351,136,2025-05-24,1,1,297000.0
6744,368,87,2026-04-28,1,8,25760.0
6745,1991,138,2024-09-09,1,3,33950.0
6746,1430,61,2026-06-18,1,3,43650.0
6747,1897,24,2025-04-11,1,10,43200.0
6748,1898,84,2025-08-26,1,6,32900.0
6749,1150,17,2026-03-28,1,15,18700.0
6750,757,142,2024-10-23,1,4,36480.0
6751,290,60,2026-07-03,1,5,85500.0
6752,477,20,2023-10-25,1,1,44550.0
6753,286,129,2026-05-30,1,7,79050.0
6754,414,24,2025-02-22,1,15,40800.0
6755,1803,14,2025-01-30,1,12,48400.0
6756,1389,86,2026-01-30,1,14,17200.0
6757,964,73,2024-06-12,1,6,32900.0
6758,1736,130,2025-09-04,1,10,85500.0
6759,1414,27,2026-08-17,1,6,33840.0
6760,653,130,2024-06-10,1,9,86450.0
6761,1198,4,2025-09-17,1,10,76500.0
6762,126,16,2025-06-27,1,1,84150.0
6763,96,80,2024-05-30,1,7,55800.0
6764,293,72,2025-07-31,1,13,24360.0
6765,1569,111,2024-06-04,1,2,53900.0
6766,933,15,2025-08-16,1,15,55250.0
6767,1496,78,2024-10-10,1,7,35340.0
6768,1369,103,2026-02-05,1,15,15300.0
6769,1644,45,2023-11-21,1,8,38640.0
6770,1717,104,2023-11-03,1,2,21560.0
6771,549,55,2024-04-02,1,10,58500.0
6772,264,97,2026-01-14,1,10,40500.0
6773,164,6,2024-03-09,1,9,56420.0
6774,1220,116,2024-07-01,1,12,52800.0
6775,434,24,2024-06-09,1,11,42720.0
6776,388,19,2026-05-13,1,6,31020.0
6777,182,70,2025-10-10,1,13,2610000.0
6778,225,43,2024-01-05,1,10,54000.0
6779,1368,115,2025-12-29,1,10,40500.0
6780,1227,92,2023-11-08,1,7,16740.0
6781,56,65,2023-12-24,1,13,191400.0
6782,1142,15,2025-07-22,1,2,63700.0
6783,1948,98,2023-11-07,1,12,44000.0
6784,1175,54,2024-03-17,1,5,114000.0
6785,1996,82,2025-10-31,1,9,25480.0
6786,513,64,2025-03-09,1,7,139500.0
6787,663,67,2025-08-30,1,15,212500.0
6788,883,120,2026-09-04,1,1,247500.0
6789,215,111,2026-06-18,1,1,54450.0
6790,1655,35,2024-06-11,1,15,29750.0
6791,101,120,2025-07-15,1,8,230000.0
6792,684,29,2026-06-26,1,10,35100.0
6793,53,51,2026-05-19,1,10,43200.0
6794,497,91,2025-08-30,1,6,24440.0
6795,369,99,2026-05-11,1,6,51700.0
6796,308,82,2024-12-02,1,7,26040.0
6797,167,142,2026-03-10,1,15,32300.0
6798,289,102,2024-09-09,1,6,470000.0
6799,59,20,2023-11-18,1,9,40950.0
6800,1210,25,2024-11-14,1,7,23250.0
6801,754,104,2025-04-09,1,5,20900.0
6802,602,17,2025-05-05,1,11,19580.0
6803,1975,114,2025-10-03,1,15,23800.0
6804,1385,46,2025-01-06,1,12,42240.0
6805,1255,9,2025-09-07,1,10,20700.0
6806,1927,129,2023-09-15,1,0,85000.0
6807,1388,122,2026-03-11,1,1,594000.0
6808,1074,6,2024-03-01,1,6,58280.0
6809,318,93,2026-02-05,1,14,12040.0
6810,1558,47,2026-02-17,1,7,74400.0
6811,1011,117,2023-09-27,1,12,66000.0
6812,667,112,2025-05-04,1,9,20020.0
6813,1815,78,2025-06-27,1,10,34200.0
6814,554,90,2024-01-05,1,10,19800.0
6815,837,91,2025-07-28,1,13,22620.0
6816,227,103,2023-12-21,1,10,16200.0
6817,194,33,2024-08-17,1,7,24180.0
6818,970,88,2025-12-30,1,15,29750.0
6819,1740,23,2023-10-09,1,11,35600.0
6820,1114,31,2025-09-07,1,10,52200.0
6821,188,23,2026-08-17,1,11,35600.0
6822,1267,77,2026-03-10,1,0,35000.0
6823,1192,115,2024-03-04,1,13,39150.0
6824,683,115,2025-05-15,1,1,44550.0
6825,1296,110,2025-03-26,1,4,57600.0
6826,1196,113,2024-07-12,1,5,28500.0
6827,1908,86,2025-11-21,1,6,18800.0
6828,430,77,2026-05-01,1,3,33950.0
6829,1445,73,2024-09-22,1,5,33250.0
6830,1492,17,2024-03-16,1,12,19360.0
6831,29,76,2025-05-30,1,10,36000.0
6832,658,102,2025-10-07,1,6,470000.0
6833,950,91,2025-02-04,1,3,25220.0
6834,1459,113,2024-07-09,1,15,25500.0
6835,970,73,2025-01-31,1,0,35000.0
6836,295,3,2023-10-20,1,7,35340.0
6837,244,49,2023-10-17,1,6,42300.0
6838,783,47,2024-09-20,1,9,72800.0
6839,23,80,2025-01-26,1,15,51000.0
6840,1125,59,2024-11-30,1,0,50000.0
6841,1728,67,2023-12-03,1,4,240000.0
6842,630,142,2025-02-14,1,2,37240.0
6843,1221,116,2026-04-23,1,5,57000.0
6844,1793,57,2024-10-28,1,7,39060.0
6845,514,103,2025-07-08,1,8,16560.0
6846,1818,104,2025-05-23,1,6,20680.0
6847,334,31,2024-12-04,1,12,51040.0
6848,1614,84,2026-05-16,1,8,32200.0
6849,1984,59,2025-10-10,1,0,50000.0
6850,1511,19,2025-03-18,1,6,31020.0
6851,909,31,2026-05-22,1,5,55100.0
6852,292,87,2024-11-03,1,6,26320.0
6853,1944,36,2025-03-22,1,7,39060.0
6854,1013,96,2023-12-03,1,6,20680.0
6855,353,74,2024-08-21,1,15,38250.0
6856,545,24,2026-07-13,1,5,45600.0
6857,972,18,2024-11-10,1,8,25760.0
6858,1824,8,2024-09-20,1,1,74250.0
6859,1320,81,2025-09-17,1,2,21560.0
6860,115,141,2025-12-05,1,14,24080.0
6861,1289,55,2024-08-21,1,1,64350.0
6862,20,103,2024-04-05,1,14,15480.0
6863,1130,20,2026-09-04,1,13,39150.0
6864,986,80,2024-08-26,1,14,51600.0
6865,1158,138,2025-12-06,1,15,29750.0
6866,1212,116,2024-11-07,1,4,57600.0
6867,361,62,2026-03-08,1,11,46280.0
6868,613,120,2025-04-15,1,10,225000.0
6869,447,110,2025-03-27,1,5,57000.0
6870,907,138,2025-02-12,1,12,30800.0
6871,54,19,2024-11-24,1,2,32340.0
6872,1641,26,2025-12-11,1,15,27200.0
6873,1141,68,2023-11-28,1,11,204700.0
6874,1767,15,2025-01-28,1,6,61100.0
6875,1065,94,2026-08-29,1,3,19400.0
6876,821,18,2024-07-03,1,4,26880.0
6877,968,124,2025-12-17,1,13,60900.0
6878,316,26,2025-07-28,1,0,32000.0
6879,1379,80,2025-04-29,1,1,59400.0
6880,419,124,2025-10-28,1,15,59500.0
6881,884,69,2024-03-18,1,12,176000.0
6882,1942,39,2025-09-15,1,2,34300.0
6883,477,98,2023-11-02,1,14,43000.0
6884,586,68,2026-05-30,1,4,220800.0
6885,116,36,2023-12-08,1,1,41580.0
6886,643,130,2025-05-26,1,2,93100.0
6887,969,130,2025-06-15,1,10,85500.0
6888,395,80,2025-02-18,1,9,54600.0
6889,1404,69,2026-07-18,1,15,170000.0
6890,1578,119,2025-10-06,1,4,1920000.0
6891,430,35,2025-11-10,1,8,32200.0
6892,1345,50,2026-05-25,1,10,52200.0
6893,794,60,2025-10-17,1,9,81900.0
6894,936,54,2025-09-17,1,1,118800.0
6895,270,8,2025-07-01,1,12,66000.0
6896,635,49,2024-10-26,1,3,43650.0
6897,1451,79,2024-01-24,1,0,85000.0
6898,717,143,2024-01-23,1,15,17000.0
6899,1014,115,2024-12-28,1,1,44550.0
6900,957,107,2025-02-10,1,6,23500.0
6901,1065,130,2023-10-17,1,3,92150.0
6902,261,70,2025-11-23,1,11,2670000.0
6903,717,86,2026-05-06,1,10,18000.0
6904,891,59,2023-12-13,1,12,44000.0
6905,807,118,2025-08-08,1,3,2910000.0
6906,376,104,2023-12-29,1,2,21560.0
6907,346,85,2024-02-17,1,6,45120.0
6908,1475,62,2026-01-30,1,15,44200.0
6909,1537,119,2025-04-21,1,6,1880000.0
6910,822,42,2024-11-03,1,13,34800.0
6911,1413,139,2025-06-19,1,0,30000.0
6912,461,41,2025-04-22,1,8,23000.0
6913,234,47,2026-09-02,1,8,73600.0
6914,1948,54,2025-08-06,1,15,102000.0
6915,1235,129,2024-11-26,1,7,79050.0
6916,767,40,2024-06-08,1,11,26700.0
6917,1713,26,2024-01-19,1,14,27520.0
6918,1039,67,2025-12-13,1,9,227500.0
6919,718,60,2025-12-10,1,3,87300.0
6920,1552,10,2024-04-07,1,2,44100.0
6921,1739,45,2026-06-19,1,5,39900.0
6922,1284,143,2026-08-15,1,9,18200.0
6923,1227,138,2025-10-10,1,10,31500.0
6924,1419,97,2024-11-01,1,2,44100.0
6925,1374,123,2025-07-01,1,6,56400.0
6926,659,110,2023-11-14,1,11,53400.0
6927,447,104,2024-08-17,1,0,22000.0
6928,246,99,2026-05-11,1,14,47300.0
6929,1070,135,2026-05-18,1,0,250000.0
6930,1444,95,2024-05-27,1,3,14550.0
6931,1944,90,2025-04-19,1,3,21340.0
6932,1518,6,2024-02-28,1,9,56420.0
6933,35,35,2025-12-31,1,7,32550.0
6934,1997,33,2026-05-02,1,12,22880.0
6935,1074,118,2024-08-07,1,12,2640000.0
6936,1758,101,2024-07-19,1,13,304500.0
6937,619,68,2024-01-07,1,6,216200.0
6938,1490,24,2024-01-01,1,12,42240.0
6939,808,97,2024-11-11,1,2,44100.0
6940,1314,20,2025-02-21,1,11,40050.0
6941,132,82,2023-10-21,1,2,27440.0
6942,265,1,2026-09-04,1,12,21120.0
6943,964,35,2026-01-30,1,7,32550.0
6944,578,89,2023-10-10,1,7,13950.0
6945,408,16,2025-11-19,1,2,83300.0
6946,812,80,2025-02-28,1,0,60000.0
6947,1536,39,2025-02-17,1,10,31500.0
6948,468,37,2024-03-23,1,8,17480.0
6949,732,23,2025-07-02,1,15,34000.0
6950,964,80,2025-09-18,1,15,51000.0
6951,1138,15,2025-02-10,1,10,58500.0
6952,1328,117,2024-08-11,1,1,74250.0
6953,732,101,2026-08-01,1,2,343000.0
6954,787,80,2024-10-23,1,13,52200.0
6955,1014,57,2025-04-24,1,9,38220.0
6956,1386,18,2023-09-29,1,9,25480.0
6957,1624,103,2026-04-07,1,2,17640.0
6958,576,135,2023-12-10,1,0,250000.0
6959,1909,73,2026-01-10,1,3,33950.0
6960,956,15,2025-05-15,1,14,55900.0
6961,958,102,2025-03-21,1,14,430000.0
6962,1163,117,2024-11-02,1,13,65250.0
6963,432,135,2025-09-15,1,4,240000.0
6964,1208,22,2025-12-29,1,8,29440.0
6965,1445,26,2026-05-08,1,1,31680.0
6966,1815,64,2024-10-23,1,8,138000.0
6967,1874,52,2023-10-26,1,0,70000.0
6968,595,91,2024-08-16,1,6,24440.0
6969,246,101,2024-10-21,1,15,297500.0
6970,1543,103,2024-01-19,1,0,18000.0
6971,1850,73,2025-06-19,1,7,32550.0
6972,1900,40,2025-07-24,1,1,29700.0
6973,128,128,2025-10-06,1,0,80000.0
6974,1404,71,2026-05-03,1,14,4300000.0
6975,1416,142,2024-09-11,1,5,36100.0
6976,476,79,2023-11-05,1,13,73950.0
6977,1020,28,2024-08-19,1,11,42720.0
6978,916,68,2024-10-31,1,11,204700.0
6979,1252,140,2025-08-22,1,7,19530.0
6980,1347,101,2026-04-08,1,15,297500.0
6981,1097,28,2025-03-23,1,0,48000.0
6982,382,67,2025-05-04,1,13,217500.0
6983,672,33,2023-11-12,1,10,23400.0
6984,1888,51,2026-02-18,1,14,41280.0
6985,819,111,2024-12-06,1,3,53350.0
6986,575,90,2025-07-09,1,3,21340.0
6987,1592,103,2023-11-28,1,10,16200.0
6988,1386,41,2025-11-17,1,7,23250.0
6989,490,118,2025-07-26,1,0,3000000.0
6990,652,133,2025-09-28,1,14,25800.0
6991,103,40,2025-11-25,1,1,29700.0
6992,1495,117,2024-05-28,1,10,67500.0
6993,500,69,2025-08-30,1,7,186000.0
6994,854,60,2024-10-20,1,1,89100.0
6995,1261,83,2025-05-18,1,10,31500.0
6996,767,16,2025-07-27,1,5,80750.0
6997,362,77,2025-03-16,1,13,30450.0
6998,381,67,2026-07-16,1,3,242500.0
6999,1871,14,2024-02-28,1,6,51700.0
7000,1769,126,2024-05-01,1,7,37200.0
7001,1456,29,2026-04-22,1,4,37440.0
7002,264,133,2026-08-16,1,4,28800.0
7003,1239,133,2023-12-17,1,13,26100.0
7004,726,5,2024-01-19,1,1,47520.0
7005,1060,96,2024-06-07,1,14,18920.0
7006,1999,106,2023-12-05,1,3,19400.0
7007,784,67,2025-09-25,1,14,215000.0
7008,1458,104,2024-12-23,1,9,20020.0
7009,411,23,2024-03-16,1,5,38000.0
7010,1574,90,2025-07-05,1,2,21560.0
7011,313,121,2026-08-22,1,9,209300.0
7012,1391,15,2026-06-07,1,7,60450.0
7013,1110,109,2026-07-06,1,8,41400.0
7014,800,27,2025-11-30,1,15,30600.0
7015,1277,94,2024-06-14,1,10,18000.0
7016,1109,63,2024-09-19,1,0,38000.0
7017,1925,116,2024-07-11,1,7,55800.0
7018,1719,106,2024-07-23,1,9,18200.0
7019,1366,123,2024-08-24,1,8,55200.0
7020,543,10,2026-01-22,1,4,43200.0
7021,182,143,2025-08-13,1,14,17200.0
7022,1103,144,2023-11-23,1,14,24080.0
7023,623,61,2024-08-01,1,14,38700.0
7024,1085,94,2024-09-17,1,11,17800.0
7025,1515,86,2024-03-14,1,10,18000.0
7026,587,79,2026-05-26,1,2,83300.0
7027,616,61,2024-12-01,1,6,42300.0
7028,391,49,2026-06-14,1,2,44100.0
7029,1278,83,2023-09-23,1,2,34300.0
7030,1723,77,2024-01-21,1,11,31150.0
7031,1716,126,2025-03-18,1,11,35600.0
7032,1937,64,2026-07-11,1,4,144000.0
7033,1232,110,2026-07-07,1,10,54000.0
7034,1355,131,2023-10-31,1,1,148500.0
7035,1245,143,2026-03-30,1,1,19800.0
7036,1071,82,2025-10-21,1,6,26320.0
7037,1575,121,2026-07-15,1,12,202400.0
7038,765,27,2023-12-05,1,13,31320.0
7039,1056,38,2025-09-06,1,7,26040.0
7040,1124,129,2023-11-28,1,13,73950.0
7041,1439,131,2025-07-06,1,4,144000.0
7042,622,137,2024-02-10,1,10,19800.0
7043,1460,126,2025-01-27,1,10,36000.0
7044,388,50,2024-03-26,1,3,56260.0
7045,1474,75,2024-03-20,1,12,19360.0
7046,1236,59,2026-04-27,1,11,44500.0
7047,100,94,2025-05-03,1,0,20000.0
7048,49,129,2024-01-29,1,15,72250.0
7049,1460,78,2024-07-08,1,3,36860.0
7050,1117,140,2024-06-07,1,3,20370.0
7051,354,78,2025-01-28,1,3,36860.0
7052,804,84,2026-03-24,1,0,35000.0
7053,382,55,2024-05-16,1,15,55250.0
7054,233,26,2025-02-27,1,8,29440.0
7055,140,113,2024-04-29,1,13,26100.0
7056,1784,87,2024-10-21,1,10,25200.0
7057,430,68,2026-08-26,1,13,200100.0
7058,1890,61,2024-09-23,1,13,39150.0
7059,238,80,2024-12-25,1,10,54000.0
7060,673,142,2024-01-16,1,8,34960.0
7061,686,16,2025-02-19,1,0,85000.0
7062,1606,133,2025-08-08,1,10,27000.0
7063,669,40,2024-02-19,1,2,29400.0
7064,1977,143,2024-06-26,1,15,17000.0
7065,1837,12,2024-02-18,1,2,49000.0
7066,1737,71,2025-04-23,1,0,5000000.0
7067,1010,78,2023-11-04,1,2,37240.0
7068,698,137,2024-09-22,1,11,19580.0
7069,156,3,2024-01-24,1,9,34580.0
7070,1741,120,2025-07-11,1,9,227500.0
7071,475,47,2024-09-29,1,10,72000.0
7072,68,103,2024-10-15,1,12,15840.0
7073,1792,60,2024-09-06,1,1,89100.0
7074,438,26,2026-03-11,1,15,27200.0
7075,817,26,2025-02-06,1,6,30080.0
7076,1068,43,2025-05-23,1,14,51600.0
7077,473,127,2026-01-16,1,0,55000.0
7078,1491,110,2025-05-17,1,5,57000.0
7079,456,39,2026-08-27,1,7,32550.0
7080,1998,9,2025-08-29,1,12,20240.0
7081,284,39,2025-02-23,1,5,33250.0
7082,523,41,2024-10-02,1,15,21250.0
7083,262,15,2025-12-02,1,1,64350.0
7084,1243,60,2024-05-19,1,12,79200.0
7085,1958,17,2024-03-31,1,9,20020.0
7086,277,25,2025-12-06,1,9,22750.0
7087,105,57,2025-08-27,1,11,37380.0
7088,1579,131,2025-03-14,1,11,133500.0
7089,1044,23,2025-12-13,1,9,36400.0
7090,1828,57,2026-02-15,1,12,36960.0
7091,137,2,2025-05-25,1,12,28160.0
7092,1913,132,2024-05-19,1,3,23280.0
7093,1265,23,2026-06-20,1,8,36800.0
7094,562,109,2024-12-30,1,4,43200.0
7095,1242,96,2025-11-21,1,15,18700.0
7096,863,66,2023-10-15,1,8,174800.0
7097,1845,45,2024-03-15,1,2,41160.0
7098,414,26,2024-06-07,1,2,31360.0
7099,671,112,2025-01-03,1,15,18700.0
7100,1661,120,2026-01-11,1,9,227500.0
7101,414,87,2025-10-14,1,1,27720.0
7102,875,124,2023-11-06,1,12,61600.0
7103,54,54,2025-10-05,1,10,108000.0
7104,242,39,2024-05-29,1,14,30100.0
7105,542,135,2026-04-27,1,4,240000.0
7106,467,27,2024-03-29,1,5,34200.0
7107,1247,11,2026-04-15,1,6,45120.0
7108,1845,69,2024-12-17,1,15,170000.0
7109,922,105,2024-12-24,1,10,27000.0
7110,1800,2,2026-09-01,1,7,29760.0
7111,616,32,2026-09-10,1,2,76440.0
7112,178,81,2025-04-07,1,6,20680.0
7113,635,118,2024-04-30,1,8,2760000.0
7114,1073,136,2023-10-28,1,6,282000.0
7115,1328,2,2025-04-10,1,4,30720.0
7116,1155,42,2024-10-15,1,7,37200.0
7117,1834,22,2025-10-04,1,2,31360.0
7118,1572,133,2026-05-18,1,1,29700.0
7119,833,48,2026-03-18,1,6,84600.0
7120,1910,37,2026-03-08,1,11,16910.0
7121,470,91,2024-03-23,1,5,24700.0
7122,533,33,2025-05-24,1,7,24180.0
7123,145,92,2023-10-27,1,3,17460.0
7124,1044,22,2025-07-15,1,2,31360.0
7125,1786,140,2024-06-16,1,10,18900.0
7126,851,46,2026-07-07,1,9,43680.0
7127,1356,114,2023-11-02,1,2,27440.0
7128,300,141,2024-11-13,1,0,28000.0
7129,1024,72,2025-06-05,1,3,27160.0
7130,1920,18,2025-01-14,1,8,25760.0
7131,334,141,2025-01-01,1,13,24360.0
7132,1900,103,2026-06-13,1,6,16920.0
7133,994,14,2026-01-17,1,7,51150.0
7134,1245,41,2025-01-12,1,4,24000.0
7135,754,15,2025-08-11,1,14,55900.0
7136,1633,87,2025-08-03,1,9,25480.0
7137,1000,21,2023-10-11,1,10,20700.0
7138,1507,44,2025-07-06,1,8,46000.0
7139,1464,10,2025-01-16,1,8,41400.0
7140,1455,137,2024-06-12,1,5,20900.0
7141,1879,62,2026-05-26,1,4,49920.0
7142,1425,12,2024-10-01,1,8,46000.0
7143,1985,29,2025-04-19,1,2,38220.0
7144,414,98,2026-08-30,1,6,47000.0
7145,803,34,2026-03-29,1,2,31360.0
7146,1090,44,2025-06-18,1,4,48000.0
7147,362,116,2024-07-21,1,13,52200.0
7148,298,114,2024-07-01,1,12,24640.0
7149,662,96,2024-07-29,1,0,22000.0
7150,501,121,2024-11-18,1,3,223100.0
7151,965,120,2026-06-17,1,14,215000.0
7152,879,55,2024-11-22,1,3,63050.0
7153,1145,40,2025-02-05,1,9,27300.0
7154,1133,97,2025-10-01,1,3,43650.0
7155,828,77,2025-12-26,1,0,35000.0
7156,410,50,2024-01-10,1,7,53940.0
7157,141,112,2026-07-21,1,5,20900.0
7158,390,27,2025-10-12,1,15,30600.0
7159,205,139,2025-03-11,1,11,26700.0
7160,1459,32,2026-07-31,1,0,78000.0
7161,936,35,2024-10-10,1,5,33250.0
7162,3,117,2024-12-15,1,1,74250.0
7163,1775,121,2025-03-23,1,11,204700.0
7164,1744,28,2024-12-27,1,11,42720.0
7165,322,77,2023-11-20,1,9,31850.0
7166,835,11,2025-02-14,1,7,44640.0
7167,175,121,2023-11-22,1,8,211600.0
7168,222,24,2024-04-21,1,3,46560.0
7169,656,116,2026-01-24,1,3,58200.0
7170,1090,18,2025-05-15,1,9,25480.0
7171,1098,116,2024-08-11,1,12,52800.0
7172,152,101,2026-07-28,1,4,336000.0
7173,725,92,2025-03-29,1,12,15840.0
7174,1281,63,2023-12-14,1,7,35340.0
7175,711,90,2025-04-17,1,1,21780.0
7176,1266,105,2026-08-21,1,2,29400.0
7177,406,12,2026-06-08,1,5,47500.0
7178,1012,123,2024-05-04,1,10,54000.0
7179,223,43,2024-03-17,1,0,60000.0
7180,187,39,2025-03-27,1,11,31150.0
7181,1209,129,2024-01-31,1,2,83300.0
7182,600,114,2026-06-19,1,15,23800.0
7183,1288,101,2024-03-17,1,6,329000.0
7184,158,4,2024-07-31,1,12,74800.0
7185,842,18,2025-03-03,1,9,25480.0
7186,1555,89,2025-04-07,1,15,12750.0
7187,886,26,2023-12-09,1,2,31360.0
7188,377,131,2024-11-30,1,12,132000.0
7189,1773,68,2025-08-08,1,9,209300.0
7190,1415,130,2024-04-08,1,11,84550.0
7191,779,65,2024-11-03,1,4,211200.0
7192,1430,140,2023-11-30,1,6,19740.0
7193,1103,106,2026-04-09,1,5,19000.0
7194,1602,119,2024-02-26,1,9,1820000.0
7195,1920,5,2026-06-27,1,14,41280.0
7196,1738,60,2026-04-29,1,15,76500.0
7197,35,134,2024-09-04,1,11,40050.0
7198,561,94,2025-07-20,1,1,19800.0
7199,40,66,2024-04-13,1,10,171000.0
7200,1001,107,2026-09-12,1,3,24250.0
7201,47,131,2025-05-22,1,12,132000.0
7202,1924,110,2025-05-20,1,3,58200.0
7203,359,72,2025-06-02,1,15,23800.0
7204,1914,75,2026-01-09,1,6,20680.0
7205,506,140,2025-12-11,1,5,19950.0
7206,1511,123,2024-11-29,1,4,57600.0
7207,928,14,2025-05-04,1,5,52250.0
7208,987,65,2026-06-11,1,4,211200.0
7209,165,7,2024-01-05,1,11,48950.0
7210,1863,74,2024-06-29,1,13,39150.0
7211,349,61,2024-12-14,1,7,41850.0
7212,1797,15,2025-10-23,1,8,59800.0
7213,53,10,2024-11-23,1,15,38250.0
7214,1306,68,2026-07-06,1,10,207000.0
7215,623,101,2024-04-08,1,5,332500.0
7216,1538,13,2024-04-16,1,13,36540.0
7217,1974,97,2023-11-22,1,1,44550.0
7218,1615,90,2023-10-06,1,12,19360.0
7219,58,75,2025-03-26,1,8,20240.0
7220,1226,130,2025-03-18,1,7,88350.0
7221,418,33,2025-01-19,1,10,23400.0
7222,1701,55,2025-06-12,1,11,57850.0
7223,1050,48,2024-09-18,1,14,77400.0
7224,1406,87,2024-12-13,1,8,25760.0
7225,1378,42,2026-01-24,1,12,35200.0
7226,55,12,2025-08-21,1,10,45000.0
7227,139,4,2025-12-02,1,2,83300.0
7228,1676,98,2026-02-04,1,6,47000.0
7229,109,10,2025-07-11,1,8,41400.0
7230,552,96,2025-04-04,1,1,21780.0
7231,1732,35,2025-02-07,1,14,30100.0
7232,978,100,2024-09-07,1,15,212500.0
7233,92,25,2025-01-24,1,0,25000.0
7234,762,101,2026-08-20,1,13,304500.0
7235,1604,78,2025-06-05,1,6,35720.0
7236,1118,26,2025-06-02,1,1,31680.0
7237,203,85,2025-11-10,1,2,47040.0
7238,430,126,2024-11-27,1,7,37200.0
7239,1966,122,2024-09-06,1,5,570000.0
7240,1944,40,2024-09-13,1,7,27900.0
7241,953,135,2025-07-18,1,4,240000.0
7242,307,68,2025-05-21,1,9,209300.0
7243,1471,21,2025-07-16,1,0,23000.0
7244,1041,32,2025-12-13,1,8,71760.0
7245,248,141,2025-01-04,1,9,25480.0
7246,1593,64,2025-11-28,1,5,142500.0
7247,323,115,2026-08-18,1,4,43200.0
7248,726,49,2023-10-29,1,10,40500.0
7249,1401,88,2023-11-16,1,9,31850.0
7250,238,95,2025-12-17,1,7,13950.0
7251,988,26,2024-09-06,1,7,29760.0
7252,761,90,2026-03-25,1,5,20900.0
7253,303,99,2024-09-20,1,3,53350.0
7254,1834,35,2026-07-26,1,8,32200.0
7255,171,127,2025-02-26,1,8,50600.0
7256,428,75,2026-07-20,1,2,21560.0
7257,1772,130,2025-04-25,1,10,85500.0
7258,367,6,2026-05-09,1,13,53940.0
7259,197,41,2026-07-06,1,15,21250.0
7260,1531,132,2024-10-18,1,3,23280.0
7261,236,123,2024-04-24,1,6,56400.0
7262,962,105,2023-10-26,1,14,25800.0
7263,1453,54,2025-11-22,1,10,108000.0
7264,1256,12,2024-10-30,1,0,50000.0
7265,1821,48,2026-06-27,1,10,81000.0
7266,1696,29,2023-12-28,1,15,33150.0
7267,1786,67,2025-08-09,1,14,215000.0
7268,117,71,2024-07-20,1,15,4250000.0
7269,660,67,2024-08-13,1,4,240000.0
7270,1725,89,2023-09-22,1,5,14250.0
7271,690,80,2023-12-09,1,7,55800.0
7272,259,32,2024-07-08,1,0,78000.0
7273,1761,111,2025-09-16,1,3,53350.0
7274,1063,76,2024-10-19,1,6,37600.0
7275,1056,138,2025-04-05,1,1,34650.0
7276,1088,6,2024-01-10,1,3,60140.0
7277,1971,117,2025-12-24,1,1,74250.0
7278,679,136,2024-09-28,1,14,258000.0
7279,1545,80,2023-11-06,1,11,53400.0
7280,275,62,2026-06-05,1,10,46800.0
7281,216,133,2024-04-02,1,8,27600.0
7282,5,8,2026-01-25,1,5,71250.0
7283,809,78,2024-07-18,1,14,32680.0
7284,988,85,2026-05-26,1,7,44640.0
7285,653,123,2025-07-30,1,3,58200.0
7286,377,144,2024-11-19,1,5,26600.0
7287,1370,140,2025-06-30,1,1,20790.0
7288,643,64,2025-05-29,1,10,135000.0
7289,1159,38,2023-10-30,1,7,26040.0
7290,1063,133,2025-03-02,1,11,26700.0
7291,1780,17,2024-02-24,1,2,21560.0
7292,1204,98,2024-07-05,1,5,47500.0
7293,455,114,2023-10-31,1,14,24080.0
7294,145,75,2026-05-19,1,12,19360.0
7295,1576,9,2024-04-14,1,9,20930.0
7296,653,44,2025-01-12,1,6,47000.0
7297,725,27,2024-04-26,1,11,32040.0
7298,942,53,2025-01-12,1,9,59150.0
7299,632,121,2025-03-17,1,6,216200.0
7300,845,81,2024-12-27,1,15,18700.0
7301,791,142,2026-04-13,1,7,35340.0
7302,522,25,2026-03-14,1,1,24750.0
7303,336,123,2023-11-26,1,13,52200.0
7304,1620,42,2025-09-26,1,6,37600.0
7305,438,113,2025-04-18,1,1,29700.0
7306,1358,16,2026-07-03,1,12,74800.0
7307,640,79,2026-02-17,1,6,79900.0
7308,1387,91,2026-02-22,1,9,23660.0
7309,1279,88,2025-11-08,1,14,30100.0
7310,1207,72,2025-10-25,1,13,24360.0
7311,1179,37,2024-11-20,1,10,17100.0
7312,1457,99,2025-01-13,1,5,52250.0
7313,1103,30,2026-08-17,1,5,45600.0
7314,1748,54,2025-03-15,1,13,104400.0
7315,1668,32,2025-01-06,1,12,68640.0
7316,1906,104,2024-09-28,1,10,19800.0
7317,505,52,2023-12-24,1,1,69300.0
7318,1270,88,2023-09-30,1,9,31850.0
7319,1060,45,2024-01-05,1,8,38640.0
7320,1252,50,2025-07-09,1,14,49880.0
7321,403,65,2026-06-20,1,10,198000.0
7322,546,91,2026-01-31,1,7,24180.0
7323,910,126,2025-07-28,1,11,35600.0
7324,1189,99,2025-08-12,1,6,51700.0
7325,3,71,2025-10-10,1,1,4950000.0
7326,459,48,2024-06-12,1,3,87300.0
7327,1592,28,2023-11-07,1,12,42240.0
7328,1593,99,2024-07-16,1,13,47850.0
7329,1473,104,2023-11-17,1,5,20900.0
7330,521,3,2025-09-09,1,10,34200.0
7331,1581,134,2025-12-03,1,15,38250.0
7332,623,145,2026-03-04,1,0,35000.0
7333,755,98,2024-05-03,1,14,43000.0
7334,1206,70,2024-09-26,1,3,2910000.0
7335,1278,76,2025-05-20,1,0,40000.0
7336,1904,67,2025-10-17,1,14,215000.0
7337,1850,120,2023-12-14,1,10,225000.0
7338,806,18,2026-08-29,1,0,28000.0
7339,934,115,2024-06-11,1,14,38700.0
7340,1650,123,2024-10-13,1,5,57000.0
7341,1958,117,2024-11-05,1,1,74250.0
7342,64,68,2026-06-02,1,5,218500.0
7343,248,109,2024-08-14,1,1,44550.0
7344,1192,89,2025-08-24,1,8,13800.0
7345,1356,107,2025-07-09,1,8,23000.0
7346,1334,59,2026-05-07,1,12,44000.0
7347,1980,60,2026-05-13,1,4,86400.0
7348,1873,144,2026-03-24,1,11,24920.0
7349,506,35,2024-07-24,1,11,31150.0
7350,985,17,2025-11-05,1,6,20680.0
7351,1491,97,2026-05-24,1,12,39600.0
7352,1545,122,2024-08-28,1,13,522000.0
7353,399,94,2026-05-04,1,10,18000.0
7354,40,80,2024-09-26,1,2,58800.0
7355,576,25,2026-08-10,1,13,21750.0
7356,1848,36,2024-06-15,1,5,39900.0
7357,115,7,2024-05-20,1,8,50600.0
7358,1798,138,2025-05-03,1,0,35000.0
7359,162,3,2024-12-20,1,10,34200.0
7360,799,111,2025-12-15,1,0,55000.0
7361,303,16,2024-08-02,1,2,83300.0
7362,629,16,2026-01-17,1,12,74800.0
7363,1486,89,2025-11-01,1,7,13950.0
7364,1239,132,2025-09-16,1,2,23520.0
7365,1956,17,2024-01-25,1,14,18920.0
7366,94,21,2025-05-14,1,15,19550.0
7367,1165,20,2025-08-23,1,0,45000.0
7368,1974,10,2024-05-12,1,7,41850.0
7369,328,141,2025-08-21,1,14,24080.0
7370,74,46,2026-05-14,1,8,44160.0
7371,1895,72,2026-02-22,1,0,28000.0
7372,568,76,2023-11-17,1,15,34000.0
7373,642,2,2024-06-19,1,12,28160.0
7374,460,47,2026-06-11,1,11,71200.0
7375,462,26,2023-11-02,1,11,28480.0
7376,613,115,2025-12-18,1,0,45000.0
7377,967,81,2024-08-15,1,2,21560.0
7378,798,127,2024-02-05,1,6,51700.0
7379,1395,125,2025-04-19,1,9,100100.0
7380,1122,60,2024-11-11,1,2,88200.0
7381,1868,98,2024-12-28,1,3,48500.0
7382,1368,78,2025-04-28,1,4,36480.0
7383,1140,36,2024-01-20,1,15,35700.0
7384,357,78,2024-04-25,1,4,36480.0
7385,1003,35,2024-11-20,1,9,31850.0
7386,979,126,2024-12-27,1,3,38800.0
7387,1450,63,2026-05-03,1,15,32300.0
7388,712,16,2024-11-14,1,4,81600.0
7389,313,47,2024-12-26,1,9,72800.0
7390,1661,122,2026-08-23,1,2,588000.0
7391,749,98,2026-06-13,1,6,47000.0
7392,1891,143,2025-12-03,1,5,19000.0
7393,874,52,2026-05-02,1,12,61600.0
7394,168,1,2024-04-19,1,13,20880.0
7395,1698,79,2025-06-22,1,0,85000.0
7396,1317,38,2025-01-20,1,5,26600.0
7397,1172,141,2024-08-24,1,5,26600.0
7398,1607,109,2025-07-17,1,8,41400.0
7399,683,50,2026-01-28,1,15,49300.0
7400,514,91,2024-07-25,1,13,22620.0
7401,276,143,2023-10-02,1,12,17600.0
7402,392,74,2024-11-25,1,14,38700.0
7403,471,35,2025-07-03,1,10,31500.0
7404,538,45,2025-10-16,1,6,39480.0
7405,1136,134,2024-04-15,1,7,41850.0
7406,1165,116,2026-02-11,1,1,59400.0
7407,1611,66,2026-02-26,1,2,186200.0
7408,1673,14,2024-12-14,1,8,50600.0
7409,1450,19,2025-09-20,1,10,29700.0
7410,1444,142,2025-09-26,1,2,37240.0
7411,922,110,2023-11-08,1,4,57600.0
7412,917,139,2025-10-02,1,15,25500.0
7413,426,44,2026-06-04,1,9,45500.0
7414,1125,68,2026-07-15,1,13,200100.0
7415,1094,54,2024-01-08,1,4,115200.0
7416,842,116,2025-01-15,1,4,57600.0
7417,1427,60,2026-02-10,1,1,89100.0
7418,1947,98,2026-05-03,1,9,45500.0
7419,228,64,2025-02-28,1,5,142500.0
7420,1946,108,2026-03-27,1,6,28200.0
7421,1680,105,2025-01-28,1,10,27000.0
7422,1056,3,2026-07-01,1,10,34200.0
7423,613,58,2025-10-13,1,11,42720.0
7424,1836,67,2024-04-15,1,1,247500.0
7425,53,6,2024-04-30,1,8,57040.0
7426,1047,106,2024-06-21,1,5,19000.0
7427,524,136,2024-12-07,1,1,297000.0
7428,605,29,2024-12-25,1,13,33930.0
7429,165,47,2024-08-11,1,4,76800.0
7430,1361,102,2026-03-16,1,0,500000.0
7431,1144,139,2026-05-03,1,2,29400.0
7432,457,81,2025-08-11,1,9,20020.0
7433,829,35,2025-10-19,1,13,30450.0
7434,1217,7,2024-08-05,1,2,53900.0
7435,1398,64,2025-06-02,1,6,141000.0
7436,477,42,2024-02-22,1,3,38800.0
7437,343,144,2024-09-13,1,2,27440.0
7438,686,110,2025-04-10,1,7,55800.0
7439,294,113,2026-02-22,1,10,27000.0
7440,1873,47,2025-08-09,1,0,80000.0
7441,1662,33,2026-02-09,1,14,22360.0
7442,876,22,2024-09-23,1,11,28480.0
7443,336,94,2026-08-25,1,8,18400.0
7444,586,74,2026-07-19,1,5,42750.0
7445,1582,88,2025-11-29,1,1,34650.0
7446,712,135,2026-04-27,1,5,237500.0
7447,1812,65,2024-03-15,1,15,187000.0
7448,1594,127,2025-06-21,1,6,51700.0
7449,368,40,2024-02-20,1,10,27000.0
7450,343,135,2024-08-30,1,11,222500.0
7451,382,132,2026-07-01,1,1,23760.0
7452,46,100,2025-02-03,1,9,227500.0
7453,1090,94,2025-03-19,1,13,17400.0
7454,495,94,2023-10-22,1,9,18200.0
7455,1435,71,2025-01-24,1,3,4850000.0
7456,959,22,2024-08-10,1,0,32000.0
7457,1717,54,2025-04-03,1,8,110400.0
7458,923,17,2024-01-10,1,13,19140.0
7459,1169,89,2025-02-28,1,10,13500.0
7460,1795,82,2024-02-24,1,7,26040.0
7461,1233,123,2025-01-10,1,4,57600.0
7462,897,116,2025-11-15,1,8,55200.0
7463,226,2,2025-11-15,1,12,28160.0
7464,1930,64,2024-03-21,1,0,150000.0
7465,759,63,2025-04-07,1,0,38000.0
7466,1532,113,2025-02-04,1,13,26100.0
7467,524,68,2026-01-08,1,7,213900.0
7468,1427,80,2026-06-19,1,9,54600.0
7469,496,32,2024-08-04,1,15,66300.0
7470,1641,39,2026-02-22,1,7,32550.0
7471,750,123,2024-10-27,1,8,55200.0
7472,991,92,2024-09-05,1,15,15300.0
7473,1505,113,2024-08-12,1,4,28800.0
7474,1386,107,2024-12-13,1,14,21500.0
7475,270,14,2024-02-02,1,0,55000.0
7476,1373,124,2025-06-20,1,10,63000.0
7477,896,80,2024-01-16,1,15,51000.0
7478,375,126,2024-04-20,1,3,38800.0
7479,610,92,2024-12-15,1,7,16740.0
7480,1511,143,2026-03-24,1,4,19200.0
7481,1637,47,2024-10-07,1,2,78400.0
7482,418,133,2023-11-23,1,5,28500.0
7483,1465,12,2025-05-15,1,1,49500.0
7484,1996,112,2025-07-17,1,4,21120.0
7485,18,22,2023-09-23,1,12,28160.0
7486,275,21,2024-04-12,1,7,21390.0
7487,232,61,2024-09-03,1,8,41400.0
7488,1198,99,2024-11-06,1,1,54450.0
7489,985,47,2026-04-28,1,14,68800.0
7490,1800,21,2026-08-26,1,9,20930.0
7491,24,23,2024-12-21,1,12,35200.0
7492,993,9,2025-11-12,1,10,20700.0
7493,297,11,2026-09-08,1,2,47040.0
7494,1932,136,2024-09-26,1,10,270000.0
7495,366,127,2024-07-27,1,11,48950.0
7496,892,78,2025-02-08,1,11,33820.0
7497,703,29,2024-09-01,1,3,37830.0
7498,60,70,2026-03-28,1,9,2730000.0
7499,171,54,2024-05-14,1,3,116400.0
7500,1258,34,2026-01-26,1,2,31360.0
7501,1633,30,2026-06-12,1,2,47040.0
7502,57,129,2024-03-08,1,0,85000.0
7503,949,50,2026-04-30,1,13,50460.0
7504,189,109,2026-05-01,1,14,38700.0
7505,1331,94,2025-10-28,1,8,18400.0
7506,1248,132,2025-07-15,1,15,20400.0
7507,1848,64,2025-08-18,1,4,144000.0
7508,1635,31,2025-11-16,1,1,57420.0
7509,1353,120,2024-04-10,1,14,215000.0
7510,1950,45,2024-05-17,1,4,40320.0
7511,860,83,2024-05-05,1,2,34300.0
7512,1401,133,2023-10-21,1,6,28200.0
7513,1629,4,2026-02-07,1,0,85000.0
7514,673,95,2025-12-31,1,3,14550.0
7515,1943,110,2023-10-18,1,2,58800.0
7516,1219,33,2024-03-22,1,14,22360.0
7517,1913,134,2023-10-30,1,5,42750.0
7518,1414,3,2024-08-26,1,11,33820.0
7519,414,87,2023-12-15,1,13,24360.0
7520,551,55,2025-09-24,1,8,59800.0
7521,1725,13,2024-11-14,1,4,40320.0
7522,205,64,2025-03-09,1,15,127500.0
7523,29,122,2025-11-15,1,11,534000.0
7524,1310,62,2024-05-12,1,12,45760.0
7525,386,35,2024-03-12,1,1,34650.0
7526,1570,103,2023-09-18,1,8,16560.0
7527,187,75,2024-06-24,1,3,21340.0
7528,318,3,2026-03-06,1,4,36480.0
7529,278,61,2025-05-14,1,3,43650.0
7530,1237,130,2024-12-21,1,2,93100.0
7531,684,7,2024-06-04,1,6,51700.0
7532,1110,84,2026-09-02,1,1,34650.0
7533,1960,7,2025-09-02,1,11,48950.0
7534,1897,97,2024-01-23,1,12,39600.0
7535,1959,130,2025-05-29,1,3,92150.0
7536,180,28,2024-08-06,1,11,42720.0
7537,1315,73,2026-09-07,1,5,33250.0
7538,1353,90,2023-11-07,1,10,19800.0
7539,919,54,2024-12-09,1,0,120000.0
7540,571,25,2025-03-03,1,8,23000.0
7541,1780,57,2026-02-10,1,15,35700.0
7542,1734,89,2024-06-20,1,5,14250.0
7543,171,56,2023-12-25,1,0,95000.0
7544,248,117,2024-05-24,1,7,69750.0
7545,1238,113,2025-03-08,1,12,26400.0
7546,1487,85,2023-12-14,1,3,46560.0
7547,314,18,2026-01-12,1,5,26600.0
7548,853,81,2024-04-14,1,10,19800.0
7549,1988,49,2024-02-15,1,8,41400.0
7550,341,37,2024-01-28,1,7,17670.0
7551,300,1,2026-07-17,1,13,20880.0
7552,1846,100,2024-05-31,1,12,220000.0
7553,1690,139,2026-05-10,1,13,26100.0
7554,593,67,2026-08-12,1,15,212500.0
7555,1178,97,2023-11-22,1,8,41400.0
7556,1315,8,2026-01-10,1,0,75000.0
7557,1915,52,2025-12-28,1,9,63700.0
7558,1911,84,2024-06-02,1,15,29750.0
7559,1243,142,2024-10-02,1,13,33060.0
7560,846,25,2026-02-10,1,14,21500.0
7561,1024,133,2024-10-02,1,4,28800.0
7562,1784,134,2025-02-11,1,13,39150.0
7563,266,60,2023-11-12,1,15,76500.0
7564,1823,20,2026-07-27,1,5,42750.0
7565,682,81,2026-01-28,1,14,18920.0
7566,208,142,2024-11-16,1,0,38000.0
7567,434,116,2024-08-23,1,2,58800.0
7568,1586,9,2023-09-28,1,12,20240.0
7569,599,141,2025-06-28,1,6,26320.0
7570,1751,19,2026-06-29,1,1,32670.0
7571,1835,118,2024-01-02,1,13,2610000.0
7572,783,61,2023-12-11,1,3,43650.0
7573,1759,33,2024-08-23,1,8,23920.0
7574,948,66,2026-04-10,1,14,163400.0
7575,772,108,2026-07-15,1,15,25500.0
7576,784,132,2023-10-20,1,10,21600.0
7577,247,45,2024-10-12,1,6,39480.0
7578,1509,43,2026-02-09,1,10,54000.0
7579,1122,70,2026-01-04,1,12,2640000.0
7580,1503,31,2024-07-03,1,11,51620.0
7581,47,51,2025-02-20,1,9,43680.0
7582,95,60,2024-10-24,1,8,82800.0
7583,1457,129,2025-05-16,1,13,73950.0
7584,84,106,2025-07-23,1,10,18000.0
7585,821,72,2024-03-05,1,1,27720.0
7586,163,120,2024-01-22,1,11,222500.0
7587,1112,95,2024-09-07,1,8,13800.0
7588,1810,28,2025-01-12,1,7,44640.0
7589,1616,99,2024-10-28,1,13,47850.0
7590,600,127,2024-01-30,1,8,50600.0
7591,1111,11,2024-07-12,1,11,42720.0
7592,892,28,2023-11-14,1,1,47520.0
7593,1461,89,2023-12-28,1,14,12900.0
7594,461,3,2024-11-05,1,13,33060.0
7595,1963,138,2026-05-05,1,15,29750.0
7596,1987,66,2025-09-23,1,6,178600.0
7597,1461,66,2024-06-22,1,9,172900.0
7598,563,139,2024-06-14,1,11,26700.0
7599,379,112,2025-09-26,1,4,21120.0
7600,1788,125,2026-09-03,1,9,100100.0
7601,1760,72,2026-03-27,1,12,24640.0
7602,197,51,2025-10-10,1,1,47520.0
7603,479,23,2025-06-02,1,9,36400.0
7604,375,9,2026-02-05,1,1,22770.0
7605,245,55,2025-07-10,1,3,63050.0
7606,712,23,2025-01-02,1,14,34400.0
7607,365,38,2026-06-01,1,2,27440.0
7608,1808,90,2025-09-07,1,15,18700.0
7609,458,7,2024-09-07,1,0,55000.0
7610,1769,118,2024-01-19,1,14,2580000.0
7611,947,97,2025-10-02,1,10,40500.0
7612,1642,97,2025-08-09,1,0,45000.0
7613,1480,102,2025-02-03,1,1,495000.0
7614,332,12,2026-04-15,1,14,43000.0
7615,1306,106,2026-02-04,1,3,19400.0
7616,431,81,2026-07-26,1,12,19360.0
7617,453,11,2024-05-05,1,4,46080.0
7618,1740,36,2026-06-16,1,7,39060.0
7619,1249,61,2025-12-12,1,15,38250.0
7620,84,39,2024-01-24,1,2,34300.0
7621,1041,87,2024-02-09,1,6,26320.0
7622,1961,140,2023-12-04,1,3,20370.0
7623,1161,47,2026-05-11,1,3,77600.0
7624,473,22,2025-01-16,1,12,28160.0
7625,592,15,2026-05-15,1,13,56550.0
7626,671,27,2024-05-19,1,3,34920.0
7627,21,31,2023-11-28,1,12,51040.0
7628,1928,76,2023-12-31,1,1,39600.0
7629,287,143,2026-05-02,1,15,17000.0
7630,1515,122,2024-05-31,1,0,600000.0
7631,1303,92,2024-11-20,1,14,15480.0
7632,673,70,2024-11-21,1,15,2550000.0
7633,1833,127,2024-05-30,1,15,46750.0
7634,788,39,2026-06-27,1,2,34300.0
7635,340,56,2024-05-01,1,3,92150.0
7636,662,27,2024-06-28,1,12,31680.0
7637,1725,138,2025-10-23,1,6,32900.0
7638,414,35,2024-02-05,1,4,33600.0
7639,559,4,2024-09-30,1,3,82450.0
7640,1756,58,2025-10-28,1,13,41760.0
7641,853,134,2024-06-16,1,13,39150.0
7642,518,62,2026-01-10,1,6,48880.0
7643,1692,139,2025-01-16,1,7,27900.0
7644,564,142,2024-05-24,1,6,35720.0
7645,391,103,2025-08-21,1,7,16740.0
7646,1333,55,2023-12-27,1,9,59150.0
7647,737,115,2025-01-04,1,8,41400.0
7648,825,41,2026-02-27,1,9,22750.0
7649,685,53,2024-01-08,1,8,59800.0
7650,1949,85,2024-03-08,1,11,42720.0
7651,131,60,2025-08-08,1,8,82800.0
7652,663,53,2025-05-31,1,1,64350.0
7653,255,94,2025-07-22,1,9,18200.0
7654,1035,16,2025-02-10,1,6,79900.0
7655,1898,97,2024-10-07,1,9,40950.0
7656,431,117,2025-10-14,1,0,75000.0
7657,1144,86,2025-05-11,1,4,19200.0
7658,669,3,2025-02-13,1,0,38000.0
7659,1513,128,2025-05-30,1,5,76000.0
7660,1430,29,2024-01-28,1,4,37440.0
7661,13,45,2025-12-26,1,10,37800.0
7662,1501,21,2026-03-05,1,15,19550.0
7663,1061,89,2024-02-22,1,11,13350.0
7664,1527,29,2024-06-24,1,13,33930.0
7665,561,119,2025-09-23,1,1,1980000.0
7666,1082,135,2024-09-10,1,10,225000.0
7667,206,110,2024-04-15,1,1,59400.0
7668,1636,59,2025-10-14,1,3,48500.0
7669,1509,50,2024-12-08,1,2,56840.0
7670,895,122,2026-03-25,1,2,588000.0
7671,839,5,2024-09-21,1,0,48000.0
7672,230,40,2025-06-12,1,1,29700.0
7673,924,129,2023-11-28,1,15,72250.0
7674,1955,67,2025-01-13,1,12,220000.0
7675,536,27,2025-07-31,1,14,30960.0
7676,1637,89,2025-08-04,1,11,13350.0
7677,82,30,2024-02-29,1,8,44160.0
7678,1292,112,2026-03-23,1,10,19800.0
7679,620,139,2024-10-26,1,2,29400.0
7680,1614,107,2024-06-12,1,1,24750.0
7681,519,19,2026-02-04,1,0,33000.0
7682,938,124,2025-11-11,1,5,66500.0
7683,1764,16,2025-06-03,1,6,79900.0
7684,422,47,2026-06-30,1,6,75200.0
7685,939,41,2024-08-13,1,10,22500.0
7686,475,18,2023-11-11,1,13,24360.0
7687,607,42,2024-08-05,1,11,35600.0
7688,23,129,2023-10-25,1,9,77350.0
7689,1779,111,2024-11-21,1,6,51700.0
7690,1038,121,2023-11-13,1,9,209300.0
7691,609,42,2025-03-03,1,8,36800.0
7692,1262,117,2024-06-26,1,6,70500.0
7693,1933,111,2026-07-09,1,9,50050.0
7694,263,107,2025-02-20,1,0,25000.0
7695,1250,119,2023-11-20,1,7,1860000.0
7696,1769,74,2026-05-25,1,7,41850.0
7697,1193,9,2024-05-11,1,10,20700.0
7698,1346,51,2024-06-07,1,3,46560.0
7699,862,52,2026-02-02,1,3,67900.0
7700,1984,64,2025-04-06,1,14,129000.0
7701,830,22,2025-02-26,1,7,29760.0
7702,1048,41,2023-09-14,1,1,24750.0
7703,1746,81,2024-05-10,1,9,20020.0
7704,1659,118,2024-03-12,1,3,2910000.0
7705,833,84,2026-01-21,1,10,31500.0
7706,1905,22,2026-07-19,1,10,28800.0
7707,1627,96,2024-08-11,1,13,19140.0
7708,899,64,2024-06-27,1,6,141000.0
7709,616,111,2025-12-29,1,15,46750.0
7710,752,110,2024-05-02,1,5,57000.0
7711,812,22,2025-02-22,1,5,30400.0
7712,1200,60,2024-12-13,1,10,81000.0
7713,512,103,2024-11-04,1,3,17460.0
7714,154,61,2025-09-02,1,9,40950.0
7715,719,56,2024-04-30,1,2,93100.0
7716,523,16,2024-04-04,1,1,84150.0
7717,50,107,2026-04-06,1,3,24250.0
7718,1711,123,2026-09-12,1,11,53400.0
7719,1622,134,2024-04-07,1,6,42300.0
7720,229,67,2024-07-04,1,12,220000.0
7721,997,17,2024-10-01,1,0,22000.0
7722,682,57,2025-01-03,1,2,41160.0
7723,1364,55,2024-03-13,1,14,55900.0
7724,1975,13,2026-03-27,1,11,37380.0
7725,163,1,2024-01-24,1,9,21840.0
7726,620,80,2025-06-22,1,2,58800.0
7727,1843,29,2025-09-03,1,15,33150.0
7728,1816,91,2024-03-25,1,9,23660.0
7729,1706,98,2026-02-07,1,0,50000.0
7730,1525,94,2024-12-21,1,14,17200.0
7731,1179,116,2026-07-20,1,3,58200.0
7732,1174,117,2026-08-03,1,7,69750.0
7733,1218,97,2025-05-14,1,8,41400.0
7734,1249,61,2023-12-12,1,4,43200.0
7735,600,58,2023-12-12,1,0,48000.0
7736,1888,64,2024-02-20,1,15,127500.0
7737,1183,28,2023-11-20,1,9,43680.0
7738,768,97,2024-07-28,1,6,42300.0
7739,157,35,2026-03-04,1,14,30100.0
7740,1074,37,2025-08-17,1,2,18620.0
7741,1901,24,2025-12-23,1,1,47520.0
7742,391,50,2023-11-23,1,6,54520.0
7743,79,37,2025-01-22,1,0,19000.0
7744,445,84,2025-06-13,1,15,29750.0
7745,1050,55,2025-01-20,1,8,59800.0
7746,1297,81,2025-08-24,1,8,20240.0
7747,251,86,2024-11-16,1,4,19200.0
7748,1882,15,2025-07-02,1,0,65000.0
7749,386,94,2023-09-21,1,1,19800.0
7750,637,44,2024-08-27,1,9,45500.0
7751,1018,91,2026-02-09,1,15,22100.0
7752,1043,5,2023-12-03,1,9,43680.0
7753,5,104,2025-05-09,1,6,20680.0
7754,1570,32,2023-12-16,1,4,74880.0
7755,931,61,2025-02-28,1,2,44100.0
7756,1978,14,2024-03-22,1,8,50600.0
7757,1891,1,2023-11-01,1,13,20880.0
7758,1550,86,2025-09-02,1,9,18200.0
7759,557,79,2023-09-16,1,10,76500.0
7760,996,40,2026-06-22,1,10,27000.0
7761,1557,27,2025-08-23,1,12,31680.0
7762,1412,95,2025-09-16,1,9,13650.0
7763,1959,21,2025-12-07,1,15,19550.0
7764,919,25,2023-10-08,1,7,23250.0
7765,809,63,2024-04-06,1,15,32300.0
7766,1181,93,2025-09-24,1,9,12740.0
7767,1967,90,2026-09-10,1,11,19580.0
7768,607,109,2026-08-16,1,11,40050.0
7769,619,1,2024-02-23,1,6,22560.0
7770,605,10,2024-04-11,1,10,40500.0
7771,840,9,2026-01-17,1,8,21160.0
7772,437,123,2025-11-18,1,4,57600.0
7773,960,121,2026-08-11,1,8,211600.0
7774,1378,30,2025-04-07,1,0,48000.0
7775,1021,50,2024-03-03,1,14,49880.0
7776,646,59,2024-01-13,1,7,46500.0
7777,736,123,2025-02-07,1,2,58800.0
7778,1696,39,2024-11-19,1,15,29750.0
7779,1193,142,2024-01-19,1,10,34200.0
7780,1518,57,2025-07-28,1,7,39060.0
7781,1689,53,2023-11-13,1,7,60450.0
7782,174,110,2024-09-06,1,0,60000.0
7783,237,54,2024-02-04,1,5,114000.0
7784,415,112,2025-09-15,1,6,20680.0
7785,529,32,2025-11-13,1,6,73320.0
7786,1154,103,2024-05-26,1,12,15840.0
7787,1429,30,2026-06-09,1,11,42720.0
7788,30,7,2025-01-30,1,8,50600.0
7789,1996,70,2026-05-19,1,12,2640000.0
7790,245,69,2026-08-27,1,5,190000.0
7791,1393,89,2024-05-09,1,1,14850.0
7792,1042,74,2025-01-09,1,7,41850.0
7793,1240,104,2023-10-25,1,3,21340.0
7794,1214,76,2026-08-20,1,2,39200.0
7795,778,31,2026-06-07,1,4,55680.0
7796,1362,85,2026-08-18,1,5,45600.0
7797,306,106,2024-09-24,1,4,19200.0
7798,942,131,2024-02-15,1,3,145500.0
7799,1652,8,2026-03-19,1,13,65250.0
7800,1208,63,2023-10-01,1,11,33820.0
7801,427,141,2026-04-24,1,10,25200.0
7802,1615,53,2024-03-23,1,5,61750.0
7803,1240,26,2023-10-15,1,4,30720.0
7804,1928,103,2024-12-31,1,1,17820.0
7805,686,32,2024-01-09,1,10,70200.0
7806,234,125,2024-12-18,1,4,105600.0
7807,852,44,2026-03-03,1,10,45000.0
7808,1516,19,2026-05-01,1,9,30030.0
7809,1400,92,2026-05-24,1,1,17820.0
7810,1390,117,2023-10-24,1,9,68250.0
7811,1949,111,2025-07-29,1,13,47850.0
7812,1677,109,2023-12-05,1,12,39600.0
7813,1916,136,2023-10-14,1,14,258000.0
7814,835,113,2026-08-30,1,8,27600.0
7815,799,106,2025-07-18,1,14,17200.0
7816,277,65,2024-01-14,1,11,195800.0
7817,1590,2,2024-03-08,1,5,30400.0
7818,1002,104,2026-06-05,1,0,22000.0
7819,394,73,2025-12-16,1,8,32200.0
7820,144,144,2024-10-14,1,15,23800.0
7821,1534,21,2025-05-14,1,14,19780.0
7822,349,65,2026-08-27,1,0,220000.0
7823,905,27,2026-02-26,1,0,36000.0
7824,1744,84,2024-10-05,1,4,33600.0
7825,657,135,2024-05-02,1,5,237500.0
7826,1549,42,2026-03-20,1,11,35600.0
7827,1663,34,2026-06-27,1,3,31040.0
7828,1060,83,2026-06-20,1,15,29750.0
7829,839,96,2024-10-07,1,12,19360.0
7830,76,95,2025-03-06,1,7,13950.0
7831,145,99,2025-05-05,1,0,55000.0
7832,317,125,2024-11-25,1,13,95700.0
7833,25,20,2023-11-26,1,12,39600.0
7834,545,109,2026-08-12,1,4,43200.0
7835,582,7,2023-12-15,1,11,48950.0
7836,1496,140,2026-06-26,1,1,20790.0
7837,1093,6,2026-08-19,1,5,58900.0
7838,468,88,2026-06-03,1,4,33600.0
7839,467,66,2025-09-19,1,15,161500.0
7840,1788,67,2024-10-30,1,9,227500.0
7841,780,69,2025-09-05,1,3,194000.0
7842,1058,50,2025-04-23,1,12,51040.0
7843,562,68,2024-11-16,1,13,200100.0
7844,836,51,2023-10-19,1,1,47520.0
7845,1666,99,2026-06-13,1,11,48950.0
7846,92,122,2025-10-20,1,3,582000.0
7847,678,81,2025-10-22,1,3,21340.0
7848,324,109,2024-09-13,1,2,44100.0
7849,155,138,2025-10-24,1,8,32200.0
7850,1640,5,2026-08-08,1,10,43200.0
7851,523,34,2024-08-16,1,15,27200.0
7852,575,133,2023-11-14,1,6,28200.0
7853,1317,58,2025-04-05,1,3,46560.0
7854,1867,16,2025-11-06,1,2,83300.0
7855,610,69,2026-08-06,1,4,192000.0
7856,1967,61,2026-09-08,1,11,40050.0
7857,985,38,2026-07-21,1,0,28000.0
7858,1438,105,2026-07-06,1,15,25500.0
7859,490,111,2025-12-28,1,3,53350.0
7860,55,132,2024-09-27,1,15,20400.0
7861,445,103,2026-04-23,1,9,16380.0
7862,1755,58,2025-07-03,1,10,43200.0
7863,194,15,2025-11-04,1,3,63050.0
7864,1674,122,2024-12-19,1,11,534000.0
7865,671,36,2025-11-08,1,9,38220.0
7866,1637,121,2025-01-27,1,0,230000.0
7867,1318,40,2024-01-14,1,12,26400.0
7868,1282,119,2024-09-15,1,3,1940000.0
7869,1096,27,2026-06-04,1,6,33840.0
7870,1956,58,2025-10-22,1,7,44640.0
7871,72,112,2024-09-22,1,13,19140.0
7872,60,130,2026-08-09,1,10,85500.0
7873,858,108,2024-04-24,1,9,27300.0
7874,1629,58,2024-04-14,1,7,44640.0
7875,1935,45,2026-06-03,1,0,42000.0
7876,1203,21,2023-10-18,1,5,21850.0
7877,908,57,2025-08-02,1,13,36540.0
7878,41,70,2024-06-25,1,1,2970000.0
7879,1391,108,2025-07-13,1,8,27600.0
7880,875,79,2024-01-25,1,2,83300.0
7881,1371,26,2023-11-23,1,3,31040.0
7882,1993,53,2024-09-15,1,1,64350.0
7883,337,124,2024-03-25,1,9,63700.0
7884,1604,109,2025-06-10,1,12,39600.0
7885,404,28,2024-04-25,1,4,46080.0
7886,1342,133,2023-10-16,1,2,29400.0
7887,1438,9,2024-09-15,1,11,20470.0
7888,32,10,2025-03-06,1,14,38700.0
7889,590,102,2024-03-03,1,11,445000.0
7890,1974,68,2023-10-05,1,11,204700.0
7891,993,9,2023-12-22,1,3,22310.0
7892,746,79,2024-09-18,1,11,75650.0
7893,1533,92,2024-11-19,1,11,16020.0
7894,842,73,2024-09-10,1,11,31150.0
7895,1064,89,2026-01-20,1,14,12900.0
7896,1102,75,2024-09-29,1,4,21120.0
7897,765,142,2025-06-01,1,7,35340.0
7898,68,143,2025-08-12,1,11,17800.0
7899,434,145,2024-01-15,1,2,34300.0
7900,1558,68,2025-06-15,1,13,200100.0
7901,1431,41,2023-09-18,1,7,23250.0
7902,93,82,2025-07-24,1,4,26880.0
7903,948,106,2026-01-21,1,8,18400.0
7904,1644,113,2023-10-14,1,14,25800.0
7905,1660,18,2025-02-07,1,1,27720.0
7906,1543,57,2024-12-07,1,14,36120.0
7907,816,19,2025-11-27,1,6,31020.0
7908,703,140,2026-01-26,1,4,20160.0
7909,402,49,2025-06-16,1,5,42750.0
7910,46,79,2024-09-07,1,7,79050.0
7911,1137,36,2025-12-15,1,3,40740.0
7912,1106,83,2025-01-07,1,10,31500.0
7913,1555,12,2025-03-29,1,11,44500.0
7914,1457,90,2026-07-28,1,4,21120.0
7915,1082,125,2026-03-13,1,2,107800.0
7916,1174,67,2024-09-04,1,10,225000.0
7917,622,89,2024-05-08,1,6,14100.0
7918,308,116,2025-03-18,1,5,57000.0
7919,1588,98,2025-09-09,1,15,42500.0
7920,1715,49,2025-08-07,1,13,39150.0
7921,1060,21,2026-01-17,1,5,21850.0
7922,1932,82,2025-11-22,1,14,24080.0
7923,677,108,2025-06-27,1,13,26100.0
7924,1720,23,2024-02-20,1,11,35600.0
7925,1369,50,2026-08-27,1,14,49880.0
7926,1735,77,2024-02-27,1,11,31150.0
7927,142,63,2026-07-10,1,0,38000.0
7928,1058,77,2026-08-11,1,7,32550.0
7929,835,138,2025-10-30,1,7,32550.0
7930,679,38,2024-04-12,1,14,24080.0
7931,1995,62,2024-03-19,1,13,45240.0
7932,1761,9,2024-01-19,1,7,21390.0
7933,1264,27,2025-11-27,1,1,35640.0
7934,1730,43,2025-12-24,1,9,54600.0
7935,1561,131,2024-07-28,1,8,138000.0
7936,964,136,2025-09-22,1,1,297000.0
7937,1884,113,2024-04-10,1,7,27900.0
7938,1214,62,2025-04-12,1,13,45240.0
7939,625,76,2026-04-09,1,11,35600.0
7940,1054,90,2024-08-26,1,4,21120.0
7941,1674,145,2023-12-14,1,0,35000.0
7942,1277,80,2025-07-20,1,5,57000.0
7943,984,65,2024-09-14,1,1,217800.0
7944,465,42,2024-02-17,1,8,36800.0
7945,791,25,2026-05-30,1,13,21750.0
7946,1260,77,2024-12-24,1,11,31150.0
7947,1180,47,2024-02-01,1,13,69600.0
7948,1567,14,2026-07-27,1,7,51150.0
7949,978,1,2025-05-15,1,12,21120.0
7950,1234,4,2025-11-13,1,4,81600.0
7951,789,77,2026-07-26,1,14,30100.0
7952,1479,61,2023-10-30,1,6,42300.0
7953,10,53,2025-02-25,1,10,58500.0
7954,1572,2,2024-09-12,1,6,30080.0
7955,1280,69,2024-05-03,1,5,190000.0
7956,259,114,2024-11-26,1,12,24640.0
7957,683,7,2025-11-26,1,14,47300.0
7958,1820,136,2026-03-23,1,6,282000.0
7959,111,49,2025-06-28,1,9,40950.0
7960,570,23,2025-11-20,1,0,40000.0
7961,1743,113,2026-06-15,1,3,29100.0
7962,983,46,2025-04-16,1,1,47520.0
7963,647,42,2026-01-30,1,6,37600.0
7964,1392,124,2024-11-17,1,12,61600.0
7965,731,109,2024-01-05,1,0,45000.0
7966,1275,12,2026-01-05,1,9,45500.0
7967,1368,12,2024-12-27,1,7,46500.0
7968,1972,113,2026-01-27,1,6,28200.0
7969,124,105,2024-01-24,1,8,27600.0
7970,725,26,2024-11-20,1,7,29760.0
7971,570,64,2025-07-29,1,11,133500.0
7972,1384,23,2024-11-15,1,6,37600.0
7973,235,69,2025-07-20,1,15,170000.0
7974,804,22,2026-06-12,1,6,30080.0
7975,1778,103,2025-07-19,1,12,15840.0
7976,1547,90,2024-07-09,1,8,20240.0
7977,769,86,2026-05-03,1,7,18600.0
7978,373,79,2024-12-26,1,2,83300.0
7979,1512,38,2025-05-03,1,14,24080.0
7980,397,11,2024-03-20,1,5,45600.0
7981,588,1,2023-09-25,1,7,22320.0
7982,1571,48,2024-01-03,1,12,79200.0
7983,373,82,2025-03-30,1,9,25480.0
7984,6,75,2025-09-25,1,1,21780.0
7985,1290,85,2025-09-11,1,2,47040.0
7986,1348,94,2024-03-31,1,2,19600.0
7987,888,107,2026-05-18,1,5,23750.0
7988,1409,105,2024-10-20,1,13,26100.0
7989,1980,41,2025-12-09,1,9,22750.0
7990,1020,145,2026-04-18,1,11,31150.0
7991,1555,27,2025-04-24,1,11,32040.0
7992,251,117,2024-08-10,1,10,67500.0
7993,1186,88,2024-07-22,1,7,32550.0
7994,990,142,2025-09-22,1,0,38000.0
7995,355,140,2026-04-25,1,6,19740.0
7996,33,99,2025-12-09,1,4,52800.0
7997,1928,83,2024-03-07,1,0,35000.0
7998,100,26,2025-03-14,1,13,27840.0
7999,860,17,2024-01-28,1,7,20460.0
8000,853,78,2026-08-31,1,2,37240.0
8001,618,28,2026-03-16,1,0,48000.0
8002,1457,34,2024-01-04,1,4,30720.0
8003,494,126,2025-11-15,1,9,36400.0
8004,1343,12,2024-07-11,1,11,44500.0
8005,180,122,2026-05-31,1,11,534000.0
8006,1688,132,2025-01-06,1,12,21120.0
8007,500,40,2025-12-27,1,1,29700.0
8008,1193,23,2026-05-16,1,7,37200.0
8009,74,123,2025-03-20,1,6,56400.0
8010,278,130,2025-06-24,1,13,82650.0
8011,139,10,2026-01-28,1,14,38700.0
8012,1630,116,2026-04-10,1,6,56400.0
8013,1112,119,2025-06-21,1,4,1920000.0
8014,1297,123,2023-10-12,1,9,54600.0
8015,1348,18,2026-06-21,1,5,26600.0
8016,1213,82,2025-03-03,1,15,23800.0
8017,1910,121,2026-01-28,1,7,213900.0
8018,1410,18,2023-11-13,1,1,27720.0
8019,265,43,2025-11-21,1,14,51600.0
8020,1914,42,2025-02-23,1,3,38800.0
8021,1110,78,2025-11-24,1,2,37240.0
8022,1313,53,2026-03-27,1,12,57200.0
8023,1921,42,2024-04-07,1,15,34000.0
8024,1842,71,2024-11-20,1,8,4600000.0
8025,876,137,2024-11-27,1,5,20900.0
8026,17,44,2025-05-12,1,10,45000.0
8027,695,4,2024-02-15,1,4,81600.0
8028,1346,66,2025-07-05,1,0,190000.0
8029,1028,101,2024-06-28,1,15,297500.0
8030,1027,12,2023-12-19,1,1,49500.0
8031,839,139,2025-02-03,1,1,29700.0
8032,1299,34,2023-12-09,1,5,30400.0
8033,1294,48,2025-03-02,1,4,86400.0
8034,1288,93,2024-02-12,1,5,13300.0
8035,126,64,2025-10-26,1,2,147000.0
8036,1870,118,2023-09-17,1,5,2850000.0
8037,683,102,2026-05-16,1,8,460000.0
8038,1869,43,2024-12-25,1,9,54600.0
8039,1999,59,2026-07-01,1,3,48500.0
8040,934,42,2026-07-24,1,8,36800.0
8041,1889,100,2024-10-12,1,10,225000.0
8042,321,25,2026-05-26,1,7,23250.0
8043,377,60,2025-10-28,1,11,80100.0
8044,1892,135,2025-08-07,1,4,240000.0
8045,979,77,2025-08-11,1,13,30450.0
8046,1793,111,2024-06-11,1,0,55000.0
8047,1910,132,2023-11-20,1,3,23280.0
8048,1889,3,2024-07-10,1,6,35720.0
8049,975,99,2026-04-10,1,7,51150.0
8050,1051,85,2024-01-04,1,12,42240.0
8051,640,120,2026-08-17,1,8,230000.0
8052,952,92,2024-06-11,1,6,16920.0
8053,1553,103,2026-05-04,1,6,16920.0
8054,589,50,2024-11-14,1,13,50460.0
8055,110,22,2025-09-18,1,6,30080.0
8056,1545,26,2025-12-16,1,7,29760.0
8057,1127,16,2023-12-06,1,10,76500.0
8058,1231,84,2026-08-19,1,12,30800.0
8059,1702,136,2023-10-07,1,1,297000.0
8060,1595,132,2026-08-26,1,1,23760.0
8061,1490,20,2025-08-04,1,3,43650.0
8062,1587,87,2026-02-22,1,7,26040.0
8063,1894,116,2023-11-25,1,10,54000.0
8064,1184,112,2025-12-09,1,11,19580.0
8065,1645,117,2026-04-26,1,6,70500.0
8066,135,23,2025-02-21,1,7,37200.0
8067,612,138,2026-04-22,1,9,31850.0
8068,900,41,2026-09-12,1,6,23500.0
8069,1861,86,2024-10-05,1,2,19600.0
8070,1865,94,2025-02-20,1,1,19800.0
8071,1331,71,2025-02-04,1,1,4950000.0
8072,220,44,2025-12-04,1,9,45500.0
8073,1763,80,2025-05-10,1,15,51000.0
8074,1747,62,2024-10-30,1,15,44200.0
8075,951,124,2025-01-20,1,1,69300.0
8076,21,133,2025-12-19,1,8,27600.0
8077,263,39,2025-09-30,1,9,31850.0
8078,1061,65,2026-07-31,1,13,191400.0
8079,933,72,2024-09-02,1,1,27720.0
8080,905,124,2026-04-04,1,7,65100.0
8081,1628,42,2024-08-16,1,0,40000.0
8082,123,5,2025-02-15,1,6,45120.0
8083,1076,87,2025-04-26,1,5,26600.0
8084,685,54,2025-02-27,1,8,110400.0
8085,78,20,2026-03-16,1,7,41850.0
8086,1614,25,2025-01-15,1,12,22000.0
8087,1262,51,2024-02-23,1,3,46560.0
8088,767,33,2025-12-03,1,0,26000.0
8089,768,10,2025-01-18,1,4,43200.0
8090,1515,128,2025-08-29,1,0,80000.0
8091,1448,39,2025-04-10,1,6,32900.0
8092,1629,88,2025-01-16,1,8,32200.0
8093,825,52,2025-10-08,1,5,66500.0
8094,1010,77,2024-04-08,1,1,34650.0
8095,120,104,2024-12-11,1,6,20680.0
8096,1902,138,2025-08-01,1,0,35000.0
8097,1780,59,2025-09-18,1,9,45500.0
8098,1750,121,2024-05-31,1,9,209300.0
8099,1901,69,2026-01-16,1,11,178000.0
8100,649,112,2024-04-24,1,5,20900.0
8101,1093,136,2025-04-27,1,9,273000.0
8102,841,26,2026-01-05,1,2,31360.0
8103,1087,28,2025-02-07,1,11,42720.0
8104,234,38,2026-06-16,1,7,26040.0
8105,1361,131,2025-12-07,1,9,136500.0
8106,1017,89,2026-01-31,1,14,12900.0
8107,883,33,2023-12-30,1,10,23400.0
8108,1358,48,2023-11-30,1,11,80100.0
8109,1511,116,2025-04-01,1,9,54600.0
8110,1854,49,2024-05-24,1,14,38700.0
8111,1195,144,2025-03-13,1,8,25760.0
8112,777,19,2026-04-28,1,3,32010.0
8113,174,27,2025-07-19,1,8,33120.0
8114,317,62,2025-06-07,1,13,45240.0
8115,592,24,2024-07-12,1,8,44160.0
8116,1142,34,2026-01-09,1,1,31680.0
8117,58,126,2024-08-07,1,12,35200.0
8118,822,67,2024-03-23,1,1,247500.0
8119,1421,23,2025-07-10,1,5,38000.0
8120,1598,40,2025-09-11,1,3,29100.0
8121,564,100,2026-03-26,1,1,247500.0
8122,976,33,2024-02-25,1,3,25220.0
8123,72,81,2025-09-02,1,9,20020.0
8124,915,18,2025-09-14,1,5,26600.0
8125,1605,23,2026-06-12,1,14,34400.0
8126,292,97,2024-01-14,1,2,44100.0
8127,984,113,2026-02-21,1,9,27300.0
8128,1053,102,2026-08-16,1,1,495000.0
8129,744,94,2023-09-23,1,2,19600.0
8130,1717,26,2025-06-02,1,0,32000.0
8131,126,112,2026-09-06,1,5,20900.0
8132,26,80,2026-08-13,1,7,55800.0
8133,470,2,2025-03-31,1,5,30400.0
8134,233,80,2026-05-21,1,11,53400.0
8135,224,73,2024-06-28,1,6,32900.0
8136,808,82,2026-01-20,1,6,26320.0
8137,1682,76,2026-06-21,1,15,34000.0
8138,288,113,2025-06-16,1,8,27600.0
8139,897,22,2024-01-31,1,15,27200.0
8140,991,26,2024-01-24,1,1,31680.0
8141,1476,6,2026-09-06,1,11,55180.0
8142,1961,94,2024-03-12,1,10,18000.0
8143,247,99,2023-10-31,1,2,53900.0
8144,942,7,2025-02-20,1,9,50050.0
8145,978,14,2025-02-10,1,5,52250.0
8146,159,129,2025-08-29,1,0,85000.0
8147,1816,54,2025-01-27,1,1,118800.0
8148,805,125,2024-02-16,1,11,97900.0
8149,1499,31,2025-05-04,1,10,52200.0
8150,738,90,2023-10-21,1,5,20900.0
8151,1617,10,2025-05-08,1,8,41400.0
8152,1500,20,2026-01-14,1,6,42300.0
8153,825,58,2024-05-17,1,6,45120.0
8154,1162,70,2024-05-02,1,1,2970000.0
8155,831,56,2025-02-27,1,12,83600.0
8156,901,44,2024-11-26,1,8,46000.0
8157,1136,145,2025-03-30,1,15,29750.0
8158,1873,13,2026-07-05,1,9,38220.0
8159,551,84,2024-11-06,1,7,32550.0
8160,1671,29,2025-06-09,1,2,38220.0
8161,177,17,2026-06-22,1,1,21780.0
8162,616,143,2023-11-02,1,7,18600.0
8163,222,35,2026-09-02,1,2,34300.0
8164,1772,29,2025-07-06,1,3,37830.0
8165,638,7,2025-01-29,1,4,52800.0
8166,336,42,2026-03-08,1,8,36800.0
8167,1148,111,2024-09-19,1,10,49500.0
8168,598,17,2024-11-18,1,0,22000.0
8169,1948,10,2024-05-21,1,14,38700.0
8170,1514,61,2026-09-08,1,12,39600.0
8171,68,23,2026-07-29,1,5,38000.0
8172,1166,4,2024-04-05,1,12,74800.0
8173,359,88,2025-05-27,1,7,32550.0
8174,1867,43,2025-03-15,1,11,53400.0
8175,1573,121,2024-09-26,1,7,213900.0
8176,947,21,2025-11-01,1,1,22770.0
8177,684,30,2026-07-07,1,9,43680.0
8178,1386,133,2026-06-05,1,3,29100.0
8179,1146,143,2024-07-08,1,6,18800.0
8180,1303,64,2023-12-23,1,3,145500.0
8181,944,17,2024-04-24,1,5,20900.0
8182,535,64,2024-08-08,1,0,150000.0
8183,976,136,2026-08-27,1,15,255000.0
8184,521,11,2026-07-17,1,8,44160.0
8185,1142,40,2024-11-01,1,9,27300.0
8186,151,81,2026-05-22,1,0,22000.0
8187,269,58,2025-08-26,1,9,43680.0
8188,578,74,2024-12-21,1,12,39600.0
8189,1056,101,2024-06-06,1,1,346500.0
8190,1878,128,2025-03-07,1,12,70400.0
8191,1446,138,2023-11-21,1,14,30100.0
8192,1422,1,2024-11-12,1,11,21360.0
8193,713,96,2026-04-10,1,2,21560.0
8194,222,12,2026-01-04,1,13,43500.0
8195,614,5,2025-01-25,1,3,46560.0
8196,467,9,2024-01-08,1,7,21390.0
8197,993,92,2025-05-29,1,9,16380.0
8198,1587,102,2024-01-20,1,13,435000.0
8199,904,110,2025-12-09,1,6,56400.0
8200,917,4,2024-03-24,1,4,81600.0
8201,335,25,2025-07-15,1,3,24250.0
8202,923,1,2024-08-25,1,6,22560.0
8203,207,46,2025-07-22,1,14,41280.0
8204,1246,103,2025-02-05,1,8,16560.0
8205,1246,129,2024-09-07,1,10,76500.0
8206,1319,138,2025-01-11,1,9,31850.0
8207,197,82,2025-02-19,1,1,27720.0
8208,1510,88,2024-11-01,1,1,34650.0
8209,1027,124,2024-06-19,1,11,62300.0
8210,490,106,2024-09-13,1,5,19000.0
8211,58,30,2025-10-13,1,8,44160.0
8212,187,77,2026-08-20,1,9,31850.0
8213,1771,18,2026-05-28,1,15,23800.0
8214,1259,103,2025-04-08,1,3,17460.0
8215,1741,111,2024-01-12,1,0,55000.0
8216,1767,32,2024-08-30,1,15,66300.0
8217,1724,140,2024-05-10,1,3,20370.0
8218,1566,66,2024-02-03,1,11,169100.0
8219,836,108,2025-11-14,1,4,28800.0
8220,1318,22,2024-06-27,1,6,30080.0
8221,9,143,2024-10-15,1,11,17800.0
8222,1881,11,2025-07-16,1,0,48000.0
8223,1838,77,2025-04-29,1,14,30100.0
8224,1052,121,2025-01-28,1,12,202400.0
8225,479,22,2025-03-24,1,6,30080.0
8226,1917,98,2025-03-15,1,4,48000.0
8227,562,77,2026-02-03,1,2,34300.0
8228,386,118,2026-02-17,1,7,2790000.0
8229,1450,106,2024-06-07,1,7,18600.0
8230,553,104,2025-04-10,1,11,19580.0
8231,621,110,2024-08-25,1,3,58200.0
8232,1619,61,2024-01-03,1,12,39600.0
8233,1633,22,2024-02-06,1,15,27200.0
8234,1975,135,2026-01-04,1,3,242500.0
8235,1772,8,2026-06-04,1,14,64500.0
8236,528,121,2024-11-22,1,9,209300.0
8237,1218,18,2025-02-12,1,8,25760.0
8238,800,21,2026-07-03,1,3,22310.0
8239,1527,22,2024-08-23,1,2,31360.0
8240,973,113,2023-09-13,1,12,26400.0
8241,1250,78,2025-10-22,1,9,34580.0
8242,1350,16,2026-06-29,1,5,80750.0
8243,711,70,2026-03-13,1,3,2910000.0
8244,1098,53,2025-12-27,1,3,63050.0
8245,538,29,2023-10-17,1,3,37830.0
8246,899,52,2025-11-23,1,12,61600.0
8247,1464,80,2025-06-27,1,4,57600.0
8248,327,45,2026-07-07,1,10,37800.0
8249,528,79,2026-09-02,1,8,78200.0
8250,1086,116,2024-04-16,1,1,59400.0
8251,830,57,2024-12-20,1,6,39480.0
8252,695,90,2024-08-05,1,10,19800.0
8253,262,82,2025-05-20,1,12,24640.0
8254,195,35,2026-01-12,1,0,35000.0
8255,417,6,2025-12-09,1,11,55180.0
8256,984,24,2025-01-12,1,12,42240.0
8257,348,123,2023-11-27,1,5,57000.0
8258,1291,131,2024-01-17,1,9,136500.0
8259,1489,69,2025-06-07,1,5,190000.0
8260,356,144,2026-01-15,1,3,27160.0
8261,321,9,2026-03-23,1,10,20700.0
8262,1546,6,2025-09-19,1,1,61380.0
8263,642,116,2025-12-10,1,5,57000.0
8264,1128,67,2026-01-13,1,6,235000.0
8265,769,8,2026-08-04,1,15,63750.0
8266,1604,100,2025-12-31,1,7,232500.0
8267,31,55,2025-12-22,1,0,65000.0
8268,958,81,2024-02-15,1,14,18920.0
8269,1806,23,2025-08-16,1,1,39600.0
8270,112,138,2023-09-15,1,11,31150.0
8271,361,25,2025-01-12,1,10,22500.0
8272,592,84,2024-10-04,1,9,31850.0
8273,997,72,2024-11-13,1,12,24640.0
8274,1370,26,2024-03-21,1,4,30720.0
8275,1969,82,2024-08-14,1,5,26600.0
8276,1409,78,2025-02-13,1,2,37240.0
8277,1642,94,2026-06-19,1,8,18400.0
8278,176,86,2025-12-31,1,8,18400.0
8279,266,136,2025-09-10,1,4,288000.0
8280,131,119,2026-08-19,1,2,1960000.0
8281,1745,56,2025-12-27,1,11,84550.0
8282,273,145,2024-06-06,1,11,31150.0
8283,1414,59,2023-12-24,1,13,43500.0
8284,1256,97,2026-06-30,1,6,42300.0
8285,1863,130,2026-04-17,1,9,86450.0
8286,23,33,2024-05-01,1,5,24700.0
8287,1998,56,2026-08-14,1,9,86450.0
8288,1475,119,2024-10-28,1,5,1900000.0
8289,373,84,2024-06-06,1,7,32550.0
8290,1023,54,2025-09-23,1,7,111600.0
8291,2,139,2023-09-30,1,5,28500.0
8292,966,20,2026-06-15,1,0,45000.0
8293,925,88,2024-02-06,1,6,32900.0
8294,1448,41,2024-09-24,1,7,23250.0
8295,187,72,2024-11-04,1,2,27440.0
8296,572,145,2025-10-14,1,3,33950.0
8297,398,23,2025-03-12,1,2,39200.0
8298,486,139,2023-12-22,1,11,26700.0
8299,1880,59,2026-08-08,1,12,44000.0
8300,453,3,2025-04-04,1,5,36100.0
8301,256,19,2026-02-13,1,13,28710.0
8302,1848,51,2026-03-11,1,3,46560.0
8303,897,114,2026-06-16,1,9,25480.0
8304,1243,14,2024-07-15,1,15,46750.0
8305,293,56,2026-09-01,1,2,93100.0
8306,1333,97,2024-09-29,1,5,42750.0
8307,1056,106,2024-07-25,1,5,19000.0
8308,1352,4,2023-10-25,1,12,74800.0
8309,1096,44,2025-03-17,1,10,45000.0
8310,864,49,2024-10-21,1,11,40050.0
8311,668,54,2026-01-17,1,7,111600.0
8312,1658,53,2025-05-13,1,9,59150.0
8313,1469,140,2026-06-01,1,11,18690.0
8314,54,3,2025-11-17,1,3,36860.0
8315,690,17,2024-10-04,1,5,20900.0
8316,939,87,2025-08-02,1,1,27720.0
8317,185,117,2023-10-26,1,2,73500.0
8318,1706,136,2025-03-02,1,2,294000.0
8319,1777,106,2025-03-10,1,2,19600.0
8320,721,126,2025-12-10,1,15,34000.0
8321,1724,98,2024-06-18,1,0,50000.0
8322,1614,9,2024-07-24,1,11,20470.0
8323,493,65,2025-06-13,1,13,191400.0
8324,826,63,2024-04-15,1,7,35340.0
8325,1332,34,2025-09-18,1,7,29760.0
8326,1501,143,2026-04-03,1,5,19000.0
8327,422,28,2025-03-30,1,9,43680.0
8328,1302,120,2024-10-02,1,15,212500.0
8329,227,94,2026-08-20,1,12,17600.0
8330,1763,25,2025-07-28,1,13,21750.0
8331,1481,60,2026-01-04,1,15,76500.0
8332,665,89,2026-05-29,1,9,13650.0
8333,958,107,2024-02-27,1,15,21250.0
8334,1233,96,2024-04-21,1,0,22000.0
8335,911,71,2024-02-18,1,15,4250000.0
8336,1407,80,2024-02-05,1,14,51600.0
8337,541,38,2024-08-05,1,0,28000.0
8338,982,84,2026-07-01,1,14,30100.0
8339,175,76,2026-08-19,1,7,37200.0
8340,1283,102,2023-09-20,1,15,425000.0
8341,357,26,2025-07-04,1,1,31680.0
8342,705,49,2024-01-10,1,14,38700.0
8343,1229,92,2023-12-04,1,0,18000.0
8344,930,11,2025-11-16,1,14,41280.0
8345,1027,38,2023-11-03,1,12,24640.0
8346,1812,57,2025-04-29,1,11,37380.0
8347,1316,57,2025-01-20,1,0,42000.0
8348,1662,58,2025-05-14,1,2,47040.0
8349,610,27,2026-03-20,1,14,30960.0
8350,1793,69,2026-01-08,1,1,198000.0
8351,1306,2,2026-05-28,1,0,32000.0
8352,120,99,2026-05-23,1,13,47850.0
8353,547,40,2025-12-04,1,12,26400.0
8354,46,62,2024-02-05,1,6,48880.0
8355,249,104,2025-10-18,1,13,19140.0
8356,1231,28,2024-09-04,1,6,45120.0
8357,1472,41,2025-12-24,1,4,24000.0
8358,380,73,2025-09-14,1,12,30800.0
8359,1448,25,2023-10-12,1,3,24250.0
8360,1881,144,2024-07-07,1,10,25200.0
8361,955,141,2026-09-12,1,2,27440.0
8362,1613,49,2025-07-23,1,6,42300.0
8363,1818,41,2026-03-28,1,5,23750.0
8364,261,123,2026-08-02,1,2,58800.0
8365,915,116,2024-01-10,1,15,51000.0
8366,1430,26,2024-04-11,1,11,28480.0
8367,277,65,2025-03-08,1,6,206800.0
8368,1496,43,2025-10-26,1,9,54600.0
8369,1942,53,2025-09-05,1,6,61100.0
8370,1444,14,2024-11-29,1,4,52800.0
8371,1264,81,2026-02-18,1,8,20240.0
8372,1037,123,2024-07-15,1,12,52800.0
8373,306,16,2026-07-16,1,11,75650.0
8374,752,83,2026-07-08,1,0,35000.0
8375,1986,65,2025-07-24,1,6,206800.0
8376,1385,29,2024-09-16,1,10,35100.0
8377,1929,115,2025-03-25,1,5,42750.0
8378,84,10,2025-07-30,1,4,43200.0
8379,71,95,2024-04-29,1,15,12750.0
8380,1994,49,2024-02-27,1,14,38700.0
8381,604,37,2026-08-12,1,5,18050.0
8382,897,101,2025-07-02,1,3,339500.0
8383,1391,112,2024-09-18,1,0,22000.0
8384,1626,76,2026-08-30,1,9,36400.0
8385,1582,21,2024-12-20,1,8,21160.0
8386,463,54,2026-05-19,1,12,105600.0
8387,540,133,2025-12-16,1,2,29400.0
8388,1079,115,2024-08-14,1,3,43650.0
8389,649,139,2024-04-23,1,9,27300.0
8390,1919,56,2026-06-02,1,12,83600.0
8391,847,94,2024-08-11,1,1,19800.0
8392,1113,79,2024-02-09,1,14,73100.0
8393,1668,133,2024-03-16,1,1,29700.0
8394,150,142,2025-12-30,1,7,35340.0
8395,1883,69,2026-08-13,1,6,188000.0
8396,557,41,2026-07-03,1,13,21750.0
8397,144,62,2024-09-24,1,10,46800.0
8398,1977,108,2025-06-18,1,9,27300.0
8399,1907,97,2026-06-03,1,3,43650.0
8400,1654,115,2024-06-08,1,14,38700.0
8401,1167,13,2026-07-25,1,11,37380.0
8402,231,37,2024-01-13,1,1,18810.0
8403,125,109,2026-08-20,1,12,39600.0
8404,809,2,2024-11-04,1,6,30080.0
8405,1676,75,2024-03-17,1,8,20240.0
8406,1498,49,2025-03-30,1,13,39150.0
8407,892,12,2024-07-07,1,12,44000.0
8408,904,2,2023-11-06,1,5,30400.0
8409,1329,42,2024-01-22,1,2,39200.0
8410,1452,26,2026-09-11,1,9,29120.0
8411,467,141,2025-05-17,1,15,23800.0
8412,841,19,2024-11-26,1,6,31020.0
8413,784,42,2026-08-22,1,12,35200.0
8414,1286,117,2026-07-23,1,5,71250.0
8415,1826,118,2025-12-08,1,1,2970000.0
8416,195,102,2025-11-07,1,3,485000.0
8417,1073,104,2025-06-05,1,0,22000.0
8418,831,116,2023-10-05,1,11,53400.0
8419,1374,47,2026-01-20,1,2,78400.0
8420,1149,33,2025-02-18,1,3,25220.0
8421,333,75,2025-05-19,1,4,21120.0
8422,860,143,2024-08-09,1,3,19400.0
8423,660,104,2025-07-31,1,13,19140.0
8424,1783,101,2024-04-27,1,1,346500.0
8425,59,57,2024-12-02,1,5,39900.0
8426,1086,119,2025-01-03,1,5,1900000.0
8427,1555,62,2024-10-21,1,15,44200.0
8428,497,29,2026-01-06,1,13,33930.0
8429,1935,144,2025-11-18,1,3,27160.0
8430,789,79,2026-07-31,1,3,82450.0
8431,273,28,2025-10-16,1,11,42720.0
8432,676,31,2025-10-28,1,10,52200.0
8433,238,65,2026-03-13,1,3,213400.0
8434,23,58,2026-08-22,1,9,43680.0
8435,1788,69,2026-06-20,1,3,194000.0
8436,1135,123,2024-12-25,1,6,56400.0
8437,1822,124,2025-10-16,1,0,70000.0
8438,1694,111,2026-07-21,1,6,51700.0
8439,535,94,2024-03-04,1,4,19200.0
8440,1212,40,2025-06-24,1,0,30000.0
8441,1940,16,2026-07-03,1,15,72250.0
8442,23,124,2026-01-01,1,13,60900.0
8443,199,45,2024-02-26,1,4,40320.0
8444,1051,75,2024-03-28,1,11,19580.0
8445,506,25,2026-08-24,1,10,22500.0
8446,609,122,2025-05-27,1,14,516000.0
8447,1417,114,2026-02-08,1,10,25200.0
8448,737,35,2023-11-01,1,13,30450.0
8449,526,87,2024-03-11,1,12,24640.0
8450,595,83,2024-08-11,1,11,31150.0
8451,1438,66,2024-01-12,1,8,174800.0
8452,1944,113,2026-03-04,1,2,29400.0
8453,1957,29,2025-02-26,1,6,36660.0
8454,383,122,2025-11-10,1,11,534000.0
8455,36,43,2025-08-10,1,13,52200.0
8456,83,129,2024-12-24,1,5,80750.0
8457,1181,50,2024-10-15,1,8,53360.0
8458,1651,36,2026-08-13,1,8,38640.0
8459,1266,66,2023-10-08,1,15,161500.0
8460,1404,87,2024-09-21,1,2,27440.0
8461,670,20,2023-11-18,1,13,39150.0
8462,1942,122,2025-03-25,1,13,522000.0
8463,289,96,2024-08-12,1,11,19580.0
8464,1207,22,2024-02-08,1,10,28800.0
8465,1601,140,2026-05-26,1,15,17850.0
8466,619,88,2024-04-06,1,14,30100.0
8467,1157,134,2024-11-13,1,4,43200.0
8468,840,138,2023-11-02,1,11,31150.0
8469,1786,10,2023-12-17,1,9,40950.0
8470,822,98,2026-02-11,1,6,47000.0
8471,1270,33,2025-11-14,1,13,22620.0
8472,1590,22,2024-02-09,1,7,29760.0
8473,1802,19,2026-01-03,1,10,29700.0
8474,1562,30,2024-11-24,1,12,42240.0
8475,46,71,2026-03-03,1,0,5000000.0
8476,811,41,2025-06-11,1,4,24000.0
8477,1451,26,2025-09-21,1,15,27200.0
8478,1215,118,2025-12-09,1,11,2670000.0
8479,1809,122,2024-06-24,1,1,594000.0
8480,415,86,2025-10-15,1,10,18000.0
8481,379,35,2025-09-28,1,12,30800.0
8482,295,127,2024-12-24,1,4,52800.0
8483,1401,79,2026-08-13,1,5,80750.0
8484,325,27,2025-06-29,1,0,36000.0
8485,1304,35,2025-04-14,1,12,30800.0
8486,1060,92,2026-09-09,1,11,16020.0
8487,1256,133,2025-11-15,1,4,28800.0
8488,1973,64,2026-08-23,1,2,147000.0
8489,742,49,2025-02-21,1,11,40050.0
8490,1224,12,2025-02-12,1,11,44500.0
8491,1726,98,2023-11-11,1,2,49000.0
8492,1201,84,2023-12-27,1,1,34650.0
8493,1248,4,2026-03-27,1,15,72250.0
8494,425,140,2024-03-25,1,5,19950.0
8495,1747,126,2024-12-09,1,5,38000.0
8496,1373,67,2023-09-30,1,10,225000.0
8497,1451,25,2024-03-16,1,6,23500.0
8498,943,3,2024-02-24,1,9,34580.0
8499,1089,70,2023-10-19,1,15,2550000.0
8500,974,103,2024-04-11,1,12,15840.0
8501,811,40,2026-03-14,1,2,29400.0
8502,1511,80,2025-06-19,1,2,58800.0
8503,167,68,2025-01-29,1,10,207000.0
8504,1413,51,2024-10-22,1,8,44160.0
8505,108,53,2025-04-13,1,10,58500.0
8506,719,55,2024-11-26,1,2,63700.0
8507,3,133,2024-01-05,1,1,29700.0
8508,1969,19,2025-02-14,1,1,32670.0
8509,1048,97,2024-11-02,1,13,39150.0
8510,1988,41,2025-07-11,1,11,22250.0
8511,1690,26,2026-02-27,1,11,28480.0
8512,1133,22,2026-07-29,1,11,28480.0
8513,15,39,2023-09-14,1,6,32900.0
8514,849,139,2024-08-04,1,13,26100.0
8515,1261,15,2025-11-26,1,2,63700.0
8516,1959,85,2025-07-02,1,10,43200.0
8517,164,50,2025-03-27,1,3,56260.0
8518,441,17,2025-08-14,1,14,18920.0
8519,495,64,2025-03-20,1,8,138000.0
8520,1451,113,2024-05-03,1,12,26400.0
8521,199,143,2026-05-29,1,4,19200.0
8522,1860,6,2023-11-25,1,15,52700.0
8523,772,78,2024-08-31,1,7,35340.0
8524,8,54,2025-02-10,1,6,112800.0
8525,1435,141,2023-11-11,1,7,26040.0
8526,1346,44,2024-04-19,1,11,44500.0
8527,629,127,2024-10-17,1,0,55000.0
8528,1149,114,2024-08-04,1,9,25480.0
8529,97,43,2025-09-10,1,5,57000.0
8530,1487,78,2026-08-25,1,3,36860.0
8531,665,34,2024-05-21,1,11,28480.0
8532,1062,6,2024-08-10,1,8,57040.0
8533,826,65,2023-10-14,1,5,209000.0
8534,1836,97,2026-06-29,1,4,43200.0
8535,420,36,2025-10-06,1,13,36540.0
8536,1931,130,2026-04-02,1,3,92150.0
8537,760,106,2025-10-12,1,2,19600.0
8538,1122,30,2025-08-30,1,15,40800.0
8539,1765,12,2024-04-17,1,5,47500.0
8540,1154,61,2023-09-18,1,2,44100.0
8541,1404,10,2026-03-18,1,7,41850.0
8542,1895,53,2026-06-11,1,9,59150.0
8543,527,65,2024-05-09,1,5,209000.0
8544,776,104,2026-03-06,1,3,21340.0
8545,1207,118,2024-11-09,1,5,2850000.0
8546,416,131,2025-04-07,1,0,150000.0
8547,1796,113,2026-02-18,1,2,29400.0
8548,726,87,2024-01-30,1,0,28000.0
8549,1110,5,2024-08-02,1,11,42720.0
8550,128,131,2023-11-13,1,4,144000.0
8551,1384,98,2025-06-08,1,15,42500.0
8552,1216,32,2026-07-17,1,9,70980.0
8553,1574,133,2024-07-04,1,4,28800.0
8554,176,40,2024-08-16,1,0,30000.0
8555,1883,2,2026-05-01,1,12,28160.0
8556,795,52,2024-09-01,1,4,67200.0
8557,695,28,2023-10-24,1,8,44160.0
8558,606,128,2026-09-02,1,7,74400.0
8559,1325,76,2025-11-07,1,14,34400.0
8560,1021,140,2026-09-08,1,0,21000.0
8561,269,99,2024-06-02,1,13,47850.0
8562,1825,117,2026-02-05,1,6,70500.0
8563,1255,133,2026-06-10,1,10,27000.0
8564,152,105,2023-12-22,1,9,27300.0
8565,1000,28,2023-12-17,1,15,40800.0
8566,1450,42,2023-12-01,1,15,34000.0
8567,1969,59,2024-03-08,1,5,47500.0
8568,261,78,2023-11-16,1,6,35720.0
8569,909,66,2025-07-13,1,1,188100.0
8570,1541,97,2025-07-26,1,11,40050.0
8571,1724,130,2026-02-20,1,8,87400.0
8572,1182,108,2024-08-15,1,11,26700.0
8573,1039,37,2026-08-23,1,8,17480.0
8574,631,11,2026-07-26,1,5,45600.0
8575,965,142,2025-03-12,1,1,37620.0
8576,192,30,2023-12-14,1,2,47040.0
8577,186,46,2024-02-26,1,12,42240.0
8578,1269,25,2025-07-02,1,13,21750.0
8579,1210,30,2025-03-21,1,14,41280.0
8580,1547,6,2024-11-09,1,7,57660.0
8581,1565,132,2023-09-29,1,15,20400.0
8582,134,70,2024-06-18,1,11,2670000.0
8583,186,18,2023-11-02,1,11,24920.0
8584,1550,33,2024-12-23,1,3,25220.0
8585,1616,69,2025-04-12,1,1,198000.0
8586,1206,108,2023-11-14,1,5,28500.0
8587,652,128,2024-01-18,1,9,72800.0
8588,1730,32,2026-03-02,1,7,72540.0
8589,2,58,2024-12-04,1,0,48000.0
8590,720,87,2023-11-15,1,2,27440.0
8591,1337,84,2024-10-07,1,5,33250.0
8592,1118,121,2025-02-05,1,11,204700.0
8593,211,87,2024-04-10,1,0,28000.0
8594,667,119,2025-06-28,1,1,1980000.0
8595,378,45,2024-03-18,1,2,41160.0
8596,96,132,2023-09-19,1,5,22800.0
8597,1830,33,2026-08-15,1,1,25740.0
8598,532,73,2024-06-21,1,14,30100.0
8599,254,26,2026-07-18,1,9,29120.0
8600,1490,3,2025-03-03,1,9,34580.0
8601,1042,29,2026-02-12,1,8,35880.0
8602,752,81,2026-05-01,1,1,21780.0
8603,1267,78,2024-09-11,1,10,34200.0
8604,532,139,2024-04-20,1,5,28500.0
8605,1021,4,2026-09-06,1,2,83300.0
8606,147,5,2024-03-24,1,1,47520.0
8607,176,86,2025-10-12,1,0,20000.0
8608,30,103,2024-12-30,1,15,15300.0
8609,1592,22,2025-06-23,1,14,27520.0
8610,590,134,2025-06-07,1,3,43650.0
8611,496,11,2025-06-17,1,2,47040.0
8612,1687,124,2026-05-12,1,11,62300.0
8613,1698,78,2024-12-13,1,7,35340.0
8614,1526,84,2024-12-21,1,14,30100.0
8615,1749,22,2026-08-25,1,0,32000.0
8616,574,89,2025-11-19,1,0,15000.0
8617,1344,27,2023-10-26,1,4,34560.0
8618,773,125,2026-08-28,1,13,95700.0
8619,309,15,2024-06-12,1,11,57850.0
8620,632,37,2026-06-29,1,2,18620.0
8621,634,40,2026-01-17,1,8,27600.0
8622,1358,6,2026-01-11,1,2,60760.0
8623,1069,75,2024-09-29,1,9,20020.0
8624,828,40,2024-09-18,1,4,28800.0
8625,826,66,2026-08-04,1,0,190000.0
8626,1698,89,2024-07-17,1,7,13950.0
8627,1106,68,2024-10-29,1,15,195500.0
8628,1965,84,2025-03-11,1,10,31500.0
8629,1853,15,2024-11-29,1,3,63050.0
8630,610,49,2023-10-04,1,13,39150.0
8631,705,26,2025-10-14,1,5,30400.0
8632,435,108,2023-10-09,1,8,27600.0
8633,1358,101,2024-03-21,1,14,301000.0
8634,484,86,2026-08-08,1,12,17600.0
8635,1754,99,2026-01-11,1,5,52250.0
8636,1123,32,2026-07-07,1,15,66300.0
8637,1929,57,2023-11-06,1,2,41160.0
8638,521,111,2024-06-06,1,4,52800.0
8639,1169,22,2023-10-26,1,8,29440.0
8640,142,17,2025-01-07,1,14,18920.0
8641,1798,132,2024-09-23,1,7,22320.0
8642,1073,81,2026-03-22,1,6,20680.0
8643,1822,4,2025-04-07,1,5,80750.0
8644,1756,126,2025-02-05,1,1,39600.0
8645,1854,124,2025-02-22,1,13,60900.0
8646,1440,140,2024-10-05,1,10,18900.0
8647,630,126,2024-03-19,1,9,36400.0
8648,775,65,2025-09-26,1,13,191400.0
8649,1179,114,2026-03-15,1,6,26320.0
8650,824,59,2024-07-22,1,11,44500.0
8651,1450,125,2024-04-28,1,3,106700.0
8652,984,127,2025-02-13,1,15,46750.0
8653,1129,56,2025-06-18,1,13,82650.0
8654,1475,117,2025-12-09,1,14,64500.0
8655,1217,77,2025-03-06,1,11,31150.0
8656,1888,25,2026-08-19,1,7,23250.0
8657,536,134,2024-10-10,1,2,44100.0
8658,1294,94,2024-06-30,1,1,19800.0
8659,1822,115,2024-09-05,1,12,39600.0
8660,112,79,2025-05-02,1,15,72250.0
8661,1165,116,2026-01-28,1,12,52800.0
8662,1188,36,2024-09-18,1,12,36960.0
8663,447,64,2025-05-28,1,12,132000.0
8664,855,69,2026-05-21,1,11,178000.0
8665,548,38,2025-12-29,1,6,26320.0
8666,1023,69,2023-12-26,1,3,194000.0
8667,299,128,2025-05-16,1,14,68800.0
8668,1395,111,2024-10-15,1,0,55000.0
8669,1539,48,2024-05-25,1,1,89100.0
8670,231,56,2024-08-25,1,9,86450.0
8671,582,21,2025-11-22,1,8,21160.0
8672,400,13,2026-06-05,1,0,42000.0
8673,1059,64,2024-02-02,1,1,148500.0
8674,62,94,2025-10-08,1,13,17400.0
8675,1631,10,2026-03-14,1,13,39150.0
8676,1884,49,2024-10-16,1,2,44100.0
8677,1214,130,2025-07-24,1,5,90250.0
8678,1800,51,2025-10-28,1,4,46080.0
8679,612,69,2023-12-18,1,0,200000.0
8680,69,39,2025-07-29,1,2,34300.0
8681,1686,45,2024-01-30,1,2,41160.0
8682,1553,119,2025-10-12,1,11,1780000.0
8683,160,90,2026-06-05,1,7,20460.0
8684,1521,114,2026-07-28,1,7,26040.0
8685,164,118,2024-07-08,1,14,2580000.0
8686,1305,17,2025-09-29,1,14,18920.0
8687,975,92,2024-08-11,1,2,17640.0
8688,415,95,2026-04-21,1,2,14700.0
8689,245,96,2025-08-23,1,10,19800.0
8690,948,12,2026-02-06,1,0,50000.0
8691,1702,50,2023-11-07,1,1,57420.0
8692,1813,66,2025-01-05,1,11,169100.0
8693,858,34,2026-08-06,1,4,30720.0
8694,1392,102,2025-04-03,1,14,430000.0
8695,975,107,2024-08-21,1,9,22750.0
8696,1856,24,2024-04-25,1,8,44160.0
8697,1295,88,2025-08-01,1,15,29750.0
8698,1544,98,2025-12-07,1,14,43000.0
8699,1326,101,2024-09-23,1,15,297500.0
8700,1493,75,2025-10-21,1,4,21120.0
8701,1143,23,2025-07-30,1,6,37600.0
8702,364,13,2023-10-02,1,1,41580.0
8703,112,15,2026-06-22,1,6,61100.0
8704,653,92,2024-01-27,1,6,16920.0
8705,22,62,2023-09-13,1,4,49920.0
8706,1202,16,2025-01-23,1,4,81600.0
8707,298,43,2024-11-29,1,6,56400.0
8708,1324,68,2024-05-02,1,3,223100.0
8709,1585,89,2025-02-28,1,2,14700.0
8710,1123,85,2025-10-21,1,4,46080.0
8711,1962,115,2026-01-27,1,12,39600.0
8712,1645,26,2023-09-26,1,10,28800.0
8713,1583,49,2026-04-14,1,4,43200.0
8714,872,12,2025-01-30,1,7,46500.0
8715,377,125,2026-06-14,1,2,107800.0
8716,1112,139,2023-11-25,1,14,25800.0
8717,1842,61,2024-04-20,1,9,40950.0
8718,782,18,2024-11-24,1,4,26880.0
8719,1452,47,2024-04-19,1,8,73600.0
8720,1370,89,2024-03-16,1,8,13800.0
8721,1478,32,2025-07-13,1,9,70980.0
8722,592,110,2023-11-22,1,11,53400.0
8723,1540,17,2023-10-20,1,10,19800.0
8724,1026,41,2026-01-22,1,6,23500.0
8725,324,107,2023-11-23,1,4,24000.0
8726,770,125,2025-10-31,1,5,104500.0
8727,182,90,2026-07-29,1,13,19140.0
8728,160,82,2025-07-01,1,15,23800.0
8729,183,123,2026-03-16,1,7,55800.0
8730,230,87,2025-05-29,1,15,23800.0
8731,1744,87,2024-07-22,1,1,27720.0
8732,657,141,2024-04-17,1,13,24360.0
8733,1243,132,2025-09-11,1,6,22560.0
8734,1790,124,2024-09-21,1,13,60900.0
8735,481,128,2025-07-15,1,10,72000.0
8736,656,41,2026-03-01,1,6,23500.0
8737,1447,31,2024-11-23,1,12,51040.0
8738,214,40,2025-03-25,1,4,28800.0
8739,1757,122,2025-08-07,1,1,594000.0
8740,363,8,2026-04-13,1,4,72000.0
8741,10,13,2026-05-19,1,11,37380.0
8742,1130,89,2024-06-10,1,14,12900.0
8743,1593,104,2025-08-26,1,1,21780.0
8744,599,62,2024-05-15,1,8,47840.0
8745,186,108,2025-03-23,1,14,25800.0
8746,641,47,2026-02-12,1,0,80000.0
8747,1488,28,2024-04-14,1,2,47040.0
8748,139,7,2024-06-26,1,7,51150.0
8749,302,98,2024-07-21,1,3,48500.0
8750,999,87,2025-06-10,1,5,26600.0
8751,1263,89,2025-12-11,1,6,14100.0
8752,985,40,2024-03-26,1,6,28200.0
8753,492,130,2024-05-11,1,11,84550.0
8754,1384,113,2024-12-28,1,2,29400.0
8755,1904,103,2026-04-18,1,11,16020.0
8756,1624,117,2024-04-16,1,5,71250.0
8757,619,37,2025-08-27,1,7,17670.0
8758,1492,53,2025-10-12,1,10,58500.0
8759,669,22,2025-11-01,1,8,29440.0
8760,1018,140,2024-04-25,1,12,18480.0
8761,1609,79,2023-12-25,1,6,79900.0
8762,455,27,2024-07-13,1,9,32760.0
8763,772,23,2023-11-16,1,6,37600.0
8764,204,87,2025-08-20,1,6,26320.0
8765,731,21,2025-01-11,1,2,22540.0
8766,1127,33,2026-08-02,1,14,22360.0
8767,177,19,2026-04-08,1,1,32670.0
8768,341,12,2025-03-23,1,6,47000.0
8769,1931,106,2023-10-29,1,9,18200.0
8770,1724,6,2026-07-05,1,7,57660.0
8771,1934,28,2024-03-05,1,0,48000.0
8772,754,47,2023-10-07,1,2,78400.0
8773,128,99,2024-08-23,1,0,55000.0
8774,719,74,2024-08-06,1,3,43650.0
8775,166,104,2024-06-19,1,4,21120.0
8776,849,32,2024-05-20,1,5,74100.0
8777,88,43,2025-07-19,1,11,53400.0
8778,145,4,2025-01-24,1,11,75650.0
8779,774,43,2024-08-02,1,2,58800.0
8780,545,135,2025-06-24,1,12,220000.0
8781,1470,138,2024-10-20,1,1,34650.0
8782,341,103,2025-05-04,1,9,16380.0
8783,955,32,2024-12-13,1,3,75660.0
8784,1600,86,2026-04-23,1,7,18600.0
8785,85,14,2023-10-09,1,9,50050.0
8786,1033,10,2025-12-27,1,6,42300.0
8787,1559,60,2024-05-26,1,3,87300.0
8788,224,45,2023-12-18,1,8,38640.0
8789,627,128,2025-02-17,1,5,76000.0
8790,1659,28,2024-08-07,1,8,44160.0
8791,1478,41,2025-10-26,1,11,22250.0
8792,648,38,2026-03-05,1,1,27720.0
8793,123,89,2023-12-05,1,9,13650.0
8794,1063,86,2025-04-02,1,15,17000.0
8795,644,118,2025-11-27,1,11,2670000.0
8796,1063,29,2025-03-31,1,6,36660.0
8797,191,46,2025-11-17,1,11,42720.0
8798,848,73,2025-05-16,1,6,32900.0
8799,1734,123,2026-08-14,1,7,55800.0
8800,249,17,2026-08-14,1,13,19140.0
8801,1387,133,2026-09-04,1,13,26100.0
8802,548,80,2024-04-28,1,10,54000.0
8803,676,71,2024-02-18,1,7,4650000.0
8804,840,36,2026-06-26,1,10,37800.0
8805,1500,73,2025-03-01,1,6,32900.0
8806,700,59,2024-01-24,1,8,46000.0
8807,1217,15,2025-05-12,1,12,57200.0
8808,1514,131,2024-09-19,1,15,127500.0
8809,1115,90,2025-07-06,1,13,19140.0
8810,1962,21,2025-04-15,1,14,19780.0
8811,1137,53,2026-04-30,1,7,60450.0
8812,819,5,2025-01-19,1,10,43200.0
8813,574,126,2025-08-14,1,10,36000.0
8814,1071,113,2025-05-19,1,1,29700.0
8815,980,108,2024-02-22,1,10,27000.0
8816,922,46,2026-03-23,1,5,45600.0
8817,32,33,2024-04-14,1,0,26000.0
8818,1807,72,2025-09-10,1,6,26320.0
8819,1622,42,2023-10-12,1,15,34000.0
8820,1040,16,2023-10-10,1,9,77350.0
8821,1063,35,2023-12-20,1,6,32900.0
8822,1817,128,2024-01-01,1,14,68800.0
8823,1101,97,2026-08-31,1,12,39600.0
8824,1644,90,2023-12-24,1,14,18920.0
8825,488,79,2025-01-02,1,14,73100.0
8826,279,139,2025-05-05,1,4,28800.0
8827,1627,130,2025-12-20,1,6,89300.0
8828,367,80,2024-01-18,1,6,56400.0
8829,613,116,2025-03-08,1,12,52800.0
8830,1070,124,2025-08-02,1,15,59500.0
8831,537,81,2026-03-05,1,14,18920.0
8832,762,128,2026-01-15,1,1,79200.0
8833,740,67,2025-12-27,1,8,230000.0
8834,1325,77,2023-10-07,1,7,32550.0
8835,1756,123,2026-07-03,1,6,56400.0
8836,589,21,2026-05-18,1,3,22310.0
8837,705,73,2025-08-12,1,6,32900.0
8838,1909,16,2024-05-03,1,5,80750.0
8839,1993,7,2024-01-11,1,6,51700.0
8840,588,57,2025-05-08,1,7,39060.0
8841,559,126,2023-12-26,1,5,38000.0
8842,1079,1,2024-12-23,1,8,22080.0
8843,1599,116,2025-06-10,1,10,54000.0
8844,1498,77,2024-03-09,1,3,33950.0
8845,1766,32,2024-01-02,1,11,69420.0
8846,863,70,2025-10-06,1,1,2970000.0
8847,1850,82,2024-10-01,1,15,23800.0
8848,1235,117,2025-01-20,1,6,70500.0
8849,930,110,2025-07-18,1,2,58800.0
8850,1149,27,2024-04-06,1,13,31320.0
8851,1746,44,2025-02-01,1,13,43500.0
8852,1848,109,2025-09-07,1,12,39600.0
8853,183,105,2025-09-15,1,9,27300.0
8854,1088,117,2026-07-13,1,6,70500.0
8855,863,14,2023-11-24,1,10,49500.0
8856,1892,78,2026-05-20,1,5,36100.0
8857,1466,7,2023-10-26,1,8,50600.0
8858,1888,122,2024-10-21,1,7,558000.0
8859,1102,137,2024-12-02,1,1,21780.0
8860,1432,58,2024-10-29,1,14,41280.0
8861,805,67,2024-02-14,1,12,220000.0
8862,1701,90,2024-12-10,1,4,21120.0
8863,96,43,2023-11-13,1,10,54000.0
8864,970,34,2025-10-11,1,2,31360.0
8865,1016,77,2025-08-10,1,4,33600.0
8866,1615,39,2024-11-17,1,0,35000.0
8867,1919,73,2025-12-20,1,9,31850.0
8868,1484,121,2025-05-18,1,5,218500.0
8869,57,110,2025-11-05,1,2,58800.0
8870,845,33,2025-08-30,1,1,25740.0
8871,842,121,2023-12-26,1,13,200100.0
8872,182,94,2024-07-06,1,6,18800.0
8873,190,137,2025-08-10,1,9,20020.0
8874,1523,13,2024-11-20,1,8,38640.0
8875,1640,27,2025-10-27,1,1,35640.0
8876,1892,119,2023-12-10,1,2,1960000.0
8877,123,22,2026-07-06,1,1,31680.0
8878,154,37,2024-02-26,1,6,17860.0
8879,105,135,2023-11-10,1,10,225000.0
8880,1070,118,2024-08-17,1,10,2700000.0
8881,743,57,2024-04-19,1,13,36540.0
8882,1773,83,2026-08-08,1,0,35000.0
8883,806,73,2026-03-30,1,6,32900.0
8884,391,13,2026-04-09,1,2,41160.0
8885,1251,28,2025-05-13,1,13,41760.0
8886,949,55,2025-04-05,1,10,58500.0
8887,51,73,2025-03-26,1,4,33600.0
8888,698,72,2023-12-24,1,12,24640.0
8889,1203,140,2023-10-14,1,7,19530.0
8890,1198,120,2025-03-16,1,6,235000.0
8891,1020,56,2025-03-06,1,1,94050.0
8892,431,9,2025-04-30,1,14,19780.0
8893,1887,42,2025-02-05,1,6,37600.0
8894,1428,64,2024-05-18,1,7,139500.0
8895,407,72,2023-11-06,1,0,28000.0
8896,549,122,2024-08-27,1,5,570000.0
8897,460,66,2025-01-20,1,4,182400.0
8898,674,138,2025-03-15,1,1,34650.0
8899,727,101,2026-02-27,1,10,315000.0
8900,377,99,2023-11-28,1,6,51700.0
8901,1253,42,2026-04-24,1,10,36000.0
8902,1838,81,2025-11-15,1,0,22000.0
8903,837,132,2024-03-19,1,0,24000.0
8904,1339,11,2026-05-16,1,1,47520.0
8905,627,89,2025-10-15,1,13,13050.0
8906,1253,127,2026-07-19,1,11,48950.0
8907,1151,43,2024-01-12,1,11,53400.0
8908,1337,125,2023-10-11,1,10,99000.0
8909,276,30,2025-11-27,1,8,44160.0
8910,1408,141,2024-10-28,1,15,23800.0
8911,354,26,2026-08-15,1,6,30080.0
8912,112,38,2024-11-05,1,8,25760.0
8913,1215,133,2024-07-07,1,9,27300.0
8914,332,143,2024-10-16,1,5,19000.0
8915,1701,83,2025-09-07,1,11,31150.0
8916,739,116,2025-12-18,1,0,60000.0
8917,1185,97,2024-11-10,1,1,44550.0
8918,1706,6,2025-10-14,1,8,57040.0
8919,1315,32,2026-01-31,1,2,76440.0
8920,125,126,2025-12-07,1,14,34400.0
8921,1919,130,2026-05-29,1,5,90250.0
8922,389,73,2024-02-09,1,8,32200.0
8923,1634,67,2024-06-25,1,8,230000.0
8924,1334,95,2023-10-16,1,3,14550.0
8925,786,46,2025-04-06,1,5,45600.0
8926,288,103,2023-12-14,1,5,17100.0
8927,1,132,2024-11-08,1,6,22560.0
8928,625,9,2024-07-18,1,10,20700.0
8929,1849,41,2024-07-26,1,6,23500.0
8930,724,16,2025-08-28,1,8,78200.0
8931,897,70,2025-05-11,1,11,2670000.0
8932,383,49,2023-10-17,1,9,40950.0
8933,911,47,2024-05-26,1,4,76800.0
8934,1402,98,2025-08-31,1,4,48000.0
8935,1941,129,2025-04-22,1,1,84150.0
8936,853,89,2024-04-01,1,2,14700.0
8937,1410,80,2026-03-15,1,12,52800.0
8938,862,63,2026-01-06,1,5,36100.0
8939,982,40,2025-01-02,1,12,26400.0
8940,1915,145,2024-10-01,1,7,32550.0
8941,547,8,2025-12-16,1,14,64500.0
8942,1478,124,2024-05-24,1,2,68600.0
8943,1588,70,2025-03-29,1,4,2880000.0
8944,1922,101,2024-07-31,1,10,315000.0
8945,408,95,2025-01-15,1,1,14850.0
8946,750,98,2025-06-22,1,9,45500.0
8947,1170,66,2025-12-08,1,3,184300.0
8948,440,123,2026-07-04,1,11,53400.0
8949,1976,17,2023-11-14,1,6,20680.0
8950,1801,101,2025-03-17,1,0,350000.0
8951,874,92,2026-03-31,1,6,16920.0
8952,1619,83,2025-03-11,1,7,32550.0
8953,1514,94,2026-05-21,1,11,17800.0
8954,1338,69,2024-11-01,1,0,200000.0
8955,603,14,2026-01-10,1,12,48400.0
8956,783,118,2024-04-12,1,13,2610000.0
8957,307,6,2025-11-26,1,10,55800.0
8958,469,88,2025-01-25,1,1,34650.0
8959,1585,12,2025-06-22,1,3,48500.0
8960,22,123,2025-12-04,1,7,55800.0
8961,1589,76,2025-02-13,1,0,40000.0
8962,1380,125,2024-11-30,1,11,97900.0
8963,839,24,2025-04-06,1,9,43680.0
8964,1539,42,2024-12-24,1,9,36400.0
8965,752,36,2025-01-11,1,15,35700.0
8966,1480,135,2025-05-05,1,9,227500.0
8967,1241,94,2025-03-08,1,15,17000.0
8968,229,145,2024-10-28,1,1,34650.0
8969,921,57,2025-07-30,1,6,39480.0
8970,948,7,2025-04-30,1,11,48950.0
8971,1607,80,2026-03-06,1,0,60000.0
8972,1683,78,2023-12-01,1,10,34200.0
8973,1532,76,2023-11-05,1,11,35600.0
8974,1460,79,2025-07-30,1,12,74800.0
8975,715,52,2025-12-11,1,12,61600.0
8976,826,89,2026-03-15,1,3,14550.0
8977,1778,30,2025-05-15,1,13,41760.0
8978,1159,107,2026-08-25,1,15,21250.0
8979,1114,19,2026-07-01,1,1,32670.0
8980,558,139,2024-06-12,1,12,26400.0
8981,1876,127,2025-02-22,1,12,48400.0
8982,1486,134,2025-12-26,1,4,43200.0
8983,437,41,2023-11-12,1,11,22250.0
8984,329,49,2025-05-22,1,6,42300.0
8985,1419,32,2025-08-01,1,12,68640.0
8986,138,106,2023-10-06,1,3,19400.0
8987,74,122,2023-10-29,1,11,534000.0
8988,1809,35,2024-11-04,1,2,34300.0
8989,1088,10,2026-06-23,1,15,38250.0
8990,1838,123,2026-01-13,1,13,52200.0
8991,287,121,2025-02-07,1,2,225400.0
8992,1451,1,2025-03-16,1,9,21840.0
8993,591,67,2023-10-13,1,12,220000.0
8994,1870,76,2026-08-12,1,0,40000.0
8995,322,109,2025-07-24,1,7,41850.0
8996,1285,69,2023-12-07,1,10,180000.0
8997,1039,97,2024-05-25,1,5,42750.0
8998,1359,39,2026-01-04,1,11,31150.0
8999,204,140,2026-01-02,1,15,17850.0
9000,36,78,2025-09-21,1,13,33060.0
9001,1115,94,2025-05-02,1,8,18400.0
9002,1828,74,2023-10-17,1,1,44550.0
9003,452,60,2024-07-06,1,15,76500.0
9004,925,76,2024-03-21,1,9,36400.0
9005,1696,101,2026-04-15,1,0,350000.0
9006,1548,69,2024-10-21,1,0,200000.0
9007,1553,39,2026-03-26,1,11,31150.0
9008,1900,38,2025-09-04,1,11,24920.0
9009,1817,32,2025-07-10,1,15,66300.0
9010,294,138,2024-07-29,1,7,32550.0
9011,526,4,2024-08-01,1,15,72250.0
9012,1055,98,2024-08-03,1,6,47000.0
9013,1544,128,2023-09-20,1,5,76000.0
9014,987,13,2024-04-07,1,6,39480.0
9015,1786,7,2024-02-27,1,13,47850.0
9016,1452,122,2025-02-13,1,2,588000.0
9017,1666,57,2026-06-13,1,5,39900.0
9018,150,116,2026-08-04,1,5,57000.0
9019,190,144,2025-12-25,1,4,26880.0
9020,863,22,2026-01-10,1,8,29440.0
9021,765,11,2024-06-26,1,12,42240.0
9022,173,22,2024-03-17,1,3,31040.0
9023,859,124,2025-02-10,1,10,63000.0
9024,868,75,2024-08-06,1,12,19360.0
9025,330,32,2024-06-09,1,11,69420.0
9026,1656,80,2025-09-23,1,4,57600.0
9027,357,31,2024-12-07,1,3,56260.0
9028,1597,30,2023-11-14,1,7,44640.0
9029,1667,91,2025-03-29,1,2,25480.0
9030,579,131,2024-08-30,1,8,138000.0
9031,376,59,2024-02-05,1,6,47000.0
9032,840,124,2025-07-06,1,12,61600.0
9033,1346,69,2024-05-23,1,7,186000.0
9034,632,20,2024-04-30,1,8,41400.0
9035,1231,145,2025-07-15,1,5,33250.0
9036,858,118,2025-08-17,1,3,2910000.0
9037,191,58,2025-01-01,1,14,41280.0
9038,706,52,2026-08-04,1,4,67200.0
9039,775,74,2025-03-16,1,15,38250.0
9040,1698,86,2026-04-24,1,11,17800.0
9041,1856,119,2024-04-01,1,4,1920000.0
9042,969,111,2024-09-10,1,1,54450.0
9043,683,134,2025-02-01,1,5,42750.0
9044,820,39,2024-05-07,1,13,30450.0
9045,106,88,2023-12-23,1,13,30450.0
9046,233,113,2024-02-04,1,1,29700.0
9047,27,109,2025-06-19,1,7,41850.0
9048,1280,15,2026-02-17,1,12,57200.0
9049,1345,98,2024-11-04,1,12,44000.0
9050,23,121,2026-08-20,1,5,218500.0
9051,1994,89,2026-04-05,1,13,13050.0
9052,1232,52,2023-10-07,1,5,66500.0
9053,611,119,2025-10-31,1,2,1960000.0
9054,279,74,2024-10-05,1,1,44550.0
9055,109,60,2026-03-26,1,14,77400.0
9056,1698,39,2024-10-30,1,7,32550.0
9057,1974,104,2025-09-11,1,7,20460.0
9058,1057,49,2024-03-24,1,0,45000.0
9059,1734,112,2026-08-20,1,9,20020.0
9060,1820,47,2024-12-20,1,10,72000.0
9061,1213,139,2024-12-21,1,10,27000.0
9062,290,30,2025-02-24,1,3,46560.0
9063,797,41,2023-10-03,1,2,24500.0
9064,756,59,2026-07-18,1,15,42500.0
9065,393,1,2024-03-24,1,10,21600.0
9066,257,94,2024-07-07,1,6,18800.0
9067,1005,12,2025-10-09,1,8,46000.0
9068,1202,34,2026-06-30,1,4,30720.0
9069,889,8,2025-09-27,1,6,70500.0
9070,1043,124,2026-05-07,1,9,63700.0
9071,1453,137,2024-05-30,1,0,22000.0
9072,691,59,2025-02-15,1,5,47500.0
9073,1461,111,2025-09-18,1,0,55000.0
9074,688,72,2025-03-06,1,3,27160.0
9075,1245,95,2025-05-21,1,10,13500.0
9076,1992,43,2025-12-12,1,5,57000.0
9077,1983,38,2024-10-04,1,15,23800.0
9078,1676,109,2024-10-23,1,11,40050.0
9079,115,68,2025-08-04,1,12,202400.0
9080,1782,75,2026-03-05,1,4,21120.0
9081,1100,62,2025-11-27,1,14,44720.0
9082,439,110,2026-04-02,1,2,58800.0
9083,740,100,2025-01-27,1,7,232500.0
9084,1349,57,2026-09-04,1,15,35700.0
9085,1775,40,2025-01-13,1,14,25800.0
9086,1551,71,2025-07-23,1,4,4800000.0
9087,1620,124,2025-10-31,1,5,66500.0
9088,1515,9,2026-03-15,1,6,21620.0
9089,1461,39,2024-03-13,1,5,33250.0
9090,638,81,2026-02-19,1,5,20900.0
9091,1050,103,2025-09-20,1,0,18000.0
9092,933,104,2025-01-01,1,8,20240.0
9093,1638,45,2023-12-22,1,4,40320.0
9094,24,94,2024-01-06,1,8,18400.0
9095,1519,127,2024-01-03,1,11,48950.0
9096,1193,58,2025-09-03,1,9,43680.0
9097,885,134,2024-03-31,1,3,43650.0
9098,1173,42,2025-09-17,1,12,35200.0
9099,1839,47,2024-02-11,1,11,71200.0
9100,658,47,2023-12-03,1,15,68000.0
9101,1106,31,2026-03-05,1,8,53360.0
9102,1646,65,2024-04-08,1,9,200200.0
9103,295,130,2025-03-20,1,13,82650.0
9104,1814,83,2025-11-25,1,13,30450.0
9105,877,25,2025-08-15,1,0,25000.0
9106,1257,78,2026-01-21,1,2,37240.0
9107,1423,36,2026-01-20,1,0,42000.0
9108,1215,1,2026-02-11,1,5,22800.0
9109,1068,132,2023-12-08,1,14,20640.0
9110,1959,25,2026-02-08,1,4,24000.0
9111,1660,117,2023-11-25,1,14,64500.0
9112,484,66,2024-08-04,1,5,180500.0
9113,828,53,2026-08-21,1,1,64350.0
9114,1089,126,2025-03-08,1,15,34000.0
9115,1089,87,2025-04-17,1,15,23800.0
9116,1505,55,2024-08-17,1,3,63050.0
9117,1115,112,2026-08-29,1,8,20240.0
9118,1546,39,2024-08-07,1,15,29750.0
9119,1365,60,2025-11-22,1,15,76500.0
9120,813,104,2025-12-03,1,10,19800.0
9121,1583,95,2025-02-08,1,12,13200.0
9122,423,122,2024-03-25,1,9,546000.0
9123,1711,81,2024-01-27,1,4,21120.0
9124,919,26,2024-01-03,1,13,27840.0
9125,1521,31,2025-02-08,1,6,54520.0
9126,1764,100,2024-08-07,1,9,227500.0
9127,746,55,2025-06-21,1,4,62400.0
9128,794,24,2025-01-10,1,8,44160.0
9129,888,20,2026-05-07,1,8,41400.0
9130,1489,100,2026-01-04,1,8,230000.0
9131,12,121,2023-12-31,1,14,197800.0
9132,1557,117,2026-02-18,1,7,69750.0
9133,1664,90,2025-03-17,1,12,19360.0
9134,1620,61,2024-10-04,1,15,38250.0
9135,1501,75,2024-12-06,1,11,19580.0
9136,1385,115,2026-07-02,1,5,42750.0
9137,1424,64,2024-05-11,1,1,148500.0
9138,1846,30,2024-08-22,1,6,45120.0
9139,96,20,2026-05-22,1,13,39150.0
9140,1064,99,2025-10-14,1,6,51700.0
9141,1025,134,2025-11-16,1,2,44100.0
9142,870,20,2024-12-07,1,6,42300.0
9143,1578,124,2025-09-05,1,14,60200.0
9144,1444,86,2023-09-15,1,11,17800.0
9145,622,25,2024-09-15,1,4,24000.0
9146,842,103,2025-11-04,1,12,15840.0
9147,991,69,2026-09-11,1,5,190000.0
9148,904,120,2026-07-15,1,12,220000.0
9149,1813,30,2024-09-16,1,5,45600.0
9150,759,49,2024-12-07,1,7,41850.0
9151,642,142,2025-08-01,1,1,37620.0
9152,639,31,2025-06-25,1,3,56260.0
9153,1028,53,2025-03-11,1,12,57200.0
9154,1971,96,2026-01-07,1,1,21780.0
9155,1453,117,2024-10-02,1,1,74250.0
9156,606,104,2025-05-17,1,5,20900.0
9157,1233,4,2025-01-21,1,7,79050.0
9158,1366,66,2023-11-07,1,7,176700.0
9159,1759,23,2026-06-30,1,10,36000.0
9160,1783,97,2024-06-10,1,13,39150.0
9161,1172,25,2024-02-26,1,0,25000.0
9162,1695,37,2024-03-12,1,1,18810.0
9163,458,49,2024-02-16,1,11,40050.0
9164,1621,33,2025-10-28,1,4,24960.0
9165,1754,107,2026-07-04,1,1,24750.0
9166,1994,20,2024-01-08,1,12,39600.0
9167,711,111,2023-10-16,1,13,47850.0
9168,1636,58,2025-05-06,1,10,43200.0
9169,702,57,2024-05-26,1,3,40740.0
9170,1817,57,2026-04-29,1,12,36960.0
9171,831,107,2026-04-26,1,9,22750.0
9172,522,120,2026-08-02,1,14,215000.0
9173,87,80,2026-01-18,1,7,55800.0
9174,960,128,2025-05-10,1,11,71200.0
9175,486,47,2023-09-15,1,15,68000.0
9176,517,21,2024-08-11,1,5,21850.0
9177,1583,120,2025-07-30,1,1,247500.0
9178,1475,135,2026-02-24,1,5,237500.0
9179,189,40,2024-10-24,1,10,27000.0
9180,590,80,2025-05-27,1,11,53400.0
9181,1178,127,2024-12-05,1,14,47300.0
9182,79,88,2026-07-24,1,0,35000.0
9183,1765,109,2026-01-27,1,2,44100.0
9184,321,104,2026-01-18,1,8,20240.0
9185,270,37,2025-11-25,1,3,18430.0
9186,1282,18,2026-02-18,1,7,26040.0
9187,1377,127,2026-09-02,1,0,55000.0
9188,1711,92,2026-01-28,1,4,17280.0
9189,1768,51,2023-12-07,1,9,43680.0
9190,1749,104,2025-02-19,1,4,21120.0
9191,39,72,2024-05-01,1,13,24360.0
9192,987,21,2025-11-10,1,14,19780.0
9193,1016,78,2025-12-14,1,14,32680.0
9194,158,137,2025-08-24,1,8,20240.0
9195,910,132,2024-10-14,1,13,20880.0
9196,21,137,2026-05-14,1,6,20680.0
9197,510,4,2026-01-22,1,11,75650.0
9198,1533,87,2024-07-09,1,3,27160.0
9199,140,135,2025-05-23,1,7,232500.0
9200,1618,65,2026-02-26,1,14,189200.0
9201,644,114,2024-07-08,1,14,24080.0
9202,1868,141,2024-02-19,1,9,25480.0
9203,1136,32,2025-06-17,1,15,66300.0
9204,280,132,2026-02-26,1,4,23040.0
9205,399,85,2024-08-08,1,3,46560.0
9206,1038,27,2025-03-24,1,8,33120.0
9207,1461,76,2025-12-22,1,1,39600.0
9208,1098,125,2024-02-22,1,2,107800.0
9209,1133,137,2025-09-26,1,6,20680.0
9210,1452,7,2026-02-11,1,1,54450.0
9211,693,126,2024-08-22,1,3,38800.0
9212,694,138,2024-11-29,1,8,32200.0
9213,1945,122,2025-07-15,1,3,582000.0
9214,1761,133,2024-03-05,1,12,26400.0
9215,1583,8,2026-05-04,1,10,67500.0
9216,558,103,2025-12-06,1,7,16740.0
9217,269,66,2026-05-04,1,3,184300.0
9218,1034,47,2023-10-17,1,12,70400.0
9219,1423,19,2025-08-30,1,11,29370.0
9220,1514,47,2026-08-15,1,3,77600.0
9221,966,139,2025-04-28,1,14,25800.0
9222,1147,33,2023-10-02,1,9,23660.0
9223,579,81,2023-10-19,1,2,21560.0
9224,1978,113,2024-09-05,1,5,28500.0
9225,1136,123,2023-11-26,1,6,56400.0
9226,428,42,2024-01-25,1,6,37600.0
9227,952,5,2025-11-20,1,7,44640.0
9228,602,75,2026-07-20,1,8,20240.0
9229,1717,136,2024-09-15,1,6,282000.0
9230,984,37,2026-09-11,1,9,17290.0
9231,1875,115,2024-02-12,1,5,42750.0
9232,286,105,2025-01-03,1,15,25500.0
9233,1174,62,2024-05-13,1,4,49920.0
9234,1649,111,2024-11-26,1,9,50050.0
9235,1814,82,2026-01-11,1,2,27440.0
9236,696,84,2024-01-21,1,9,31850.0
9237,1241,31,2024-04-02,1,9,52780.0
9238,316,134,2025-08-25,1,6,42300.0
9239,1447,20,2023-11-12,1,15,38250.0
9240,1095,125,2024-01-08,1,11,97900.0
9241,1236,72,2026-02-14,1,8,25760.0
9242,1889,65,2025-06-21,1,14,189200.0
9243,913,54,2025-10-14,1,14,103200.0
9244,1470,95,2023-11-14,1,7,13950.0
9245,1838,50,2024-11-13,1,14,49880.0
9246,1171,142,2024-07-12,1,12,33440.0
9247,379,69,2025-05-16,1,11,178000.0
9248,236,111,2024-09-13,1,8,50600.0
9249,860,143,2025-12-19,1,2,19600.0
9250,767,24,2025-10-26,1,12,42240.0
9251,960,104,2023-11-20,1,9,20020.0
9252,1538,69,2024-01-19,1,6,188000.0
9253,24,48,2024-02-20,1,10,81000.0
9254,123,121,2025-02-17,1,8,211600.0
9255,404,137,2024-08-03,1,5,20900.0
9256,1452,84,2024-12-28,1,0,35000.0
9257,286,87,2025-08-23,1,8,25760.0
9258,1188,136,2023-09-14,1,1,297000.0
9259,543,91,2025-08-17,1,15,22100.0
9260,203,102,2025-02-21,1,11,445000.0
9261,853,52,2024-05-23,1,0,70000.0
9262,279,23,2026-03-30,1,14,34400.0
9263,866,51,2026-02-23,1,10,43200.0
9264,1998,6,2025-04-24,1,5,58900.0
9265,1448,115,2024-10-30,1,14,38700.0
9266,1550,142,2024-02-22,1,14,32680.0
9267,1528,130,2025-04-26,1,11,84550.0
9268,559,130,2024-10-21,1,0,95000.0
9269,1886,142,2025-12-11,1,6,35720.0
9270,466,24,2025-04-18,1,15,40800.0
9271,611,143,2025-10-23,1,6,18800.0
9272,1615,10,2024-11-14,1,13,39150.0
9273,1328,44,2023-12-03,1,11,44500.0
9274,1247,126,2026-08-14,1,10,36000.0
9275,422,27,2026-04-05,1,12,31680.0
9276,1097,105,2026-05-29,1,2,29400.0
9277,36,123,2024-09-13,1,10,54000.0
9278,1439,71,2026-03-29,1,15,4250000.0
9279,16,143,2026-04-06,1,14,17200.0
9280,745,31,2024-08-28,1,0,58000.0
9281,80,57,2024-08-14,1,14,36120.0
9282,1217,122,2025-04-16,1,3,582000.0
9283,1113,59,2025-10-27,1,9,45500.0
9284,1113,113,2024-12-18,1,1,29700.0
9285,242,121,2023-11-19,1,10,207000.0
9286,1567,57,2023-12-10,1,10,37800.0
9287,1540,81,2025-10-02,1,2,21560.0
9288,1362,51,2024-12-25,1,12,42240.0
9289,854,126,2025-03-21,1,2,39200.0
9290,1426,68,2024-10-09,1,11,204700.0
9291,1033,99,2024-01-05,1,4,52800.0
9292,505,34,2024-08-06,1,0,32000.0
9293,726,129,2026-06-12,1,15,72250.0
9294,847,7,2024-01-29,1,5,52250.0
9295,398,45,2026-08-05,1,6,39480.0
9296,699,3,2025-08-02,1,5,36100.0
9297,960,27,2024-12-27,1,13,31320.0
9298,1442,127,2024-07-25,1,11,48950.0
9299,1946,33,2026-04-18,1,15,22100.0
9300,414,122,2026-07-15,1,6,564000.0
9301,362,76,2026-03-11,1,14,34400.0
9302,1185,144,2023-09-27,1,14,24080.0
9303,1921,103,2023-10-12,1,1,17820.0
9304,1661,2,2026-04-24,1,12,28160.0
9305,1207,63,2024-06-24,1,6,35720.0
9306,51,141,2024-11-09,1,10,25200.0
9307,1921,131,2024-04-01,1,6,141000.0
9308,1865,44,2025-07-04,1,8,46000.0
9309,1852,6,2025-06-11,1,15,52700.0
9310,1221,65,2024-07-18,1,1,217800.0
9311,510,57,2026-01-05,1,13,36540.0
9312,718,7,2024-11-13,1,7,51150.0
9313,1434,27,2025-11-05,1,2,35280.0
9314,1823,67,2024-11-11,1,15,212500.0
9315,1707,32,2024-03-01,1,4,74880.0
9316,1976,139,2023-11-25,1,10,27000.0
9317,965,62,2025-11-29,1,2,50960.0
9318,51,12,2026-07-21,1,0,50000.0
9319,1782,110,2025-06-26,1,10,54000.0
9320,628,136,2026-01-31,1,10,270000.0
9321,98,118,2024-01-19,1,13,2610000.0
9322,1602,43,2024-10-03,1,9,54600.0
9323,510,28,2026-01-24,1,4,46080.0
9324,1925,109,2024-12-22,1,4,43200.0
9325,1584,5,2024-10-07,1,3,46560.0
9326,609,108,2026-08-22,1,11,26700.0
9327,1654,78,2024-12-03,1,10,34200.0
9328,152,81,2025-11-21,1,7,20460.0
9329,1713,138,2025-10-24,1,13,30450.0
9330,1249,46,2026-07-04,1,8,44160.0
9331,764,91,2023-12-06,1,5,24700.0
9332,1053,55,2024-04-22,1,0,65000.0
9333,1208,123,2024-11-28,1,8,55200.0
9334,512,14,2024-03-23,1,8,50600.0
9335,1141,44,2024-08-26,1,11,44500.0
9336,359,143,2026-07-25,1,15,17000.0
9337,545,133,2024-05-12,1,10,27000.0
9338,1413,141,2026-04-17,1,2,27440.0
9339,1811,78,2024-12-04,1,1,37620.0
9340,1300,104,2026-01-20,1,5,20900.0
9341,714,13,2023-11-03,1,2,41160.0
9342,1682,22,2025-09-30,1,7,29760.0
9343,1467,90,2024-02-16,1,1,21780.0
9344,624,84,2023-12-01,1,9,31850.0
9345,1231,67,2025-12-06,1,2,245000.0
9346,953,138,2024-07-08,1,0,35000.0
9347,1785,69,2024-12-31,1,3,194000.0
9348,634,23,2026-06-06,1,0,40000.0
9349,208,27,2026-05-05,1,2,35280.0
9350,1506,12,2024-07-24,1,14,43000.0
9351,269,35,2026-06-29,1,2,34300.0
9352,1212,120,2024-02-02,1,10,225000.0
9353,549,61,2024-08-24,1,12,39600.0
9354,811,66,2025-07-09,1,13,165300.0
9355,94,113,2024-05-01,1,10,27000.0
9356,739,45,2025-12-15,1,4,40320.0
9357,323,70,2025-07-22,1,5,2850000.0
9358,981,122,2025-02-04,1,14,516000.0
9359,971,106,2023-10-04,1,15,17000.0
9360,990,50,2026-01-03,1,14,49880.0
9361,166,34,2024-01-04,1,13,27840.0
9362,752,124,2025-01-24,1,8,64400.0
9363,684,87,2025-07-23,1,10,25200.0
9364,37,104,2023-09-13,1,14,18920.0
9365,1075,8,2026-02-18,1,11,66750.0
9366,1838,141,2025-10-20,1,3,27160.0
9367,1022,57,2024-12-06,1,0,42000.0
9368,1658,112,2025-12-04,1,15,18700.0
9369,75,74,2024-07-12,1,9,40950.0
9370,1955,97,2024-12-04,1,0,45000.0
9371,912,47,2024-01-13,1,8,73600.0
9372,1584,73,2026-09-04,1,3,33950.0
9373,1391,5,2024-05-11,1,8,44160.0
9374,1298,37,2025-11-29,1,1,18810.0
9375,1164,6,2025-08-28,1,15,52700.0
9376,866,18,2026-08-19,1,6,26320.0
9377,1545,128,2025-11-30,1,8,73600.0
9378,1207,106,2026-01-20,1,12,17600.0
9379,1734,28,2023-10-28,1,8,44160.0
9380,1234,66,2025-04-29,1,4,182400.0
9381,463,60,2025-04-27,1,9,81900.0
9382,265,107,2023-09-22,1,4,24000.0
9383,1735,136,2025-08-16,1,4,288000.0
9384,1724,132,2024-07-17,1,8,22080.0
9385,38,119,2026-08-28,1,15,1700000.0
9386,685,71,2025-12-06,1,13,4350000.0
9387,250,63,2025-09-05,1,9,34580.0
9388,737,41,2025-03-30,1,11,22250.0
9389,1751,135,2024-08-17,1,3,242500.0
9390,395,34,2024-10-17,1,7,29760.0
9391,1312,64,2023-10-11,1,13,130500.0
9392,912,111,2024-01-08,1,12,48400.0
9393,1353,117,2024-03-21,1,3,72750.0
9394,1814,47,2024-12-24,1,13,69600.0
9395,1163,118,2025-11-07,1,3,2910000.0
9396,1135,133,2023-10-19,1,4,28800.0
9397,280,106,2025-10-05,1,9,18200.0
9398,483,62,2023-12-05,1,9,47320.0
9399,1666,62,2024-08-31,1,2,50960.0
9400,1356,44,2026-01-17,1,0,50000.0
9401,267,65,2025-07-04,1,14,189200.0
9402,850,19,2024-10-14,1,15,28050.0
9403,1455,52,2024-10-09,1,10,63000.0
9404,114,50,2024-07-24,1,10,52200.0
9405,241,119,2026-02-13,1,11,1780000.0
9406,168,123,2025-09-08,1,13,52200.0
9407,715,134,2026-01-01,1,1,44550.0
9408,1116,38,2023-10-30,1,11,24920.0
9409,1618,12,2024-02-11,1,5,47500.0
9410,1393,125,2025-08-27,1,15,93500.0
9411,1725,14,2026-02-09,1,5,52250.0
9412,1728,134,2024-05-06,1,10,40500.0
9413,1699,122,2025-12-29,1,6,564000.0
9414,218,114,2024-05-22,1,7,26040.0
9415,1367,6,2024-07-24,1,9,56420.0
9416,54,14,2026-01-26,1,9,50050.0
9417,619,50,2024-12-31,1,5,55100.0
9418,1237,143,2026-06-28,1,7,18600.0
9419,1246,54,2026-05-14,1,12,105600.0
9420,171,77,2024-07-16,1,2,34300.0
9421,613,16,2025-08-24,1,0,85000.0
9422,1192,47,2025-12-08,1,13,69600.0
9423,1510,68,2025-01-06,1,4,220800.0
9424,357,71,2024-07-15,1,14,4300000.0
9425,892,141,2023-10-31,1,10,25200.0
9426,1140,104,2023-09-25,1,14,18920.0
9427,276,83,2024-04-23,1,7,32550.0
9428,1261,9,2024-02-09,1,11,20470.0
9429,730,79,2025-06-27,1,10,76500.0
9430,1934,125,2025-03-07,1,13,95700.0
9431,152,78,2025-03-02,1,0,38000.0
9432,1260,58,2026-07-27,1,0,48000.0
9433,1805,65,2025-09-10,1,2,215600.0
9434,155,123,2024-10-12,1,14,51600.0
9435,1541,45,2025-09-04,1,1,41580.0
9436,1236,37,2025-10-07,1,10,17100.0
9437,519,125,2024-05-28,1,6,103400.0
9438,164,85,2026-04-27,1,3,46560.0
9439,1666,2,2024-03-30,1,12,28160.0
9440,1736,60,2024-12-19,1,13,78300.0
9441,1427,144,2025-01-04,1,15,23800.0
9442,1987,56,2025-12-20,1,13,82650.0
9443,596,17,2025-11-24,1,0,22000.0
9444,1641,64,2025-12-28,1,9,136500.0
9445,1097,98,2026-01-15,1,11,44500.0
9446,1043,104,2024-09-19,1,6,20680.0
9447,541,1,2024-08-26,1,0,24000.0
9448,1007,2,2023-11-08,1,4,30720.0
9449,669,53,2024-01-01,1,1,64350.0
9450,1412,109,2024-10-01,1,12,39600.0
9451,946,141,2023-11-01,1,2,27440.0
9452,383,131,2025-11-26,1,14,129000.0
9453,886,86,2026-04-25,1,10,18000.0
9454,1567,126,2023-10-08,1,4,38400.0
9455,1005,119,2025-05-21,1,8,1840000.0
9456,1420,74,2026-08-09,1,13,39150.0
9457,534,36,2026-04-08,1,14,36120.0
9458,1120,125,2026-02-10,1,10,99000.0
9459,1339,62,2026-06-23,1,3,50440.0
9460,457,140,2026-06-02,1,11,18690.0
9461,626,28,2025-05-27,1,9,43680.0
9462,1859,69,2025-12-13,1,2,196000.0
9463,1432,103,2023-10-21,1,6,16920.0
9464,63,144,2025-04-10,1,15,23800.0
9465,1671,65,2025-09-16,1,14,189200.0
9466,1430,15,2023-10-29,1,3,63050.0
9467,1106,9,2025-12-26,1,6,21620.0
9468,438,128,2024-09-18,1,14,68800.0
9469,1418,52,2024-05-01,1,12,61600.0
9470,1025,111,2025-07-11,1,4,52800.0
9471,1571,73,2026-03-17,1,7,32550.0
9472,418,99,2025-09-04,1,6,51700.0
9473,188,111,2026-08-01,1,8,50600.0
9474,1160,96,2023-11-11,1,5,20900.0
9475,1451,24,2026-06-30,1,3,46560.0
9476,1267,138,2026-08-27,1,3,33950.0
9477,1191,55,2025-01-16,1,11,57850.0
9478,1196,100,2023-10-07,1,7,232500.0
9479,1555,140,2026-08-25,1,3,20370.0
9480,1492,86,2025-12-28,1,6,18800.0
9481,833,141,2025-09-05,1,6,26320.0
9482,1910,112,2026-08-13,1,6,20680.0
9483,601,69,2024-01-19,1,12,176000.0
9484,131,84,2025-05-31,1,6,32900.0
9485,579,112,2024-10-15,1,2,21560.0
9486,1453,117,2025-06-09,1,11,66750.0
9487,315,6,2024-12-14,1,2,60760.0
9488,1710,117,2026-02-14,1,11,66750.0
9489,656,85,2025-01-25,1,13,41760.0
9490,1760,103,2023-12-27,1,11,16020.0
9491,1560,105,2025-09-11,1,1,29700.0
9492,254,62,2025-01-16,1,3,50440.0
9493,1746,128,2026-07-07,1,0,80000.0
9494,1673,65,2024-01-11,1,15,187000.0
9495,447,20,2025-04-16,1,6,42300.0
9496,971,11,2023-12-19,1,10,43200.0
9497,254,65,2023-12-10,1,0,220000.0
9498,1194,7,2024-10-20,1,11,48950.0
9499,1047,11,2025-05-24,1,0,48000.0
9500,1444,122,2026-05-03,1,13,522000.0
9501,1350,94,2025-04-23,1,3,19400.0
9502,1140,27,2026-01-14,1,0,36000.0
9503,1986,95,2025-09-17,1,0,15000.0
9504,1146,79,2023-12-31,1,5,80750.0
9505,459,115,2024-09-03,1,15,38250.0
9506,978,102,2023-12-14,1,7,465000.0
9507,282,142,2024-10-03,1,14,32680.0
9508,1378,95,2024-09-14,1,10,13500.0
9509,1057,47,2025-02-01,1,3,77600.0
9510,1802,113,2023-10-04,1,2,29400.0
9511,491,61,2024-09-06,1,15,38250.0
9512,1726,60,2025-11-28,1,8,82800.0
9513,1723,88,2025-09-23,1,1,34650.0
9514,857,38,2026-01-18,1,12,24640.0
9515,1173,26,2026-04-26,1,14,27520.0
9516,1533,18,2025-09-26,1,0,28000.0
9517,1132,127,2025-05-08,1,3,53350.0
9518,1287,12,2025-03-10,1,13,43500.0
9519,1611,35,2026-05-14,1,0,35000.0
9520,1249,112,2026-09-08,1,11,19580.0
9521,1469,104,2023-10-01,1,14,18920.0
9522,400,121,2025-07-30,1,4,220800.0
9523,1003,95,2025-09-15,1,6,14100.0
9524,398,36,2023-10-15,1,4,40320.0
9525,1937,96,2026-03-06,1,14,18920.0
9526,1539,40,2026-08-11,1,3,29100.0
9527,17,54,2025-09-02,1,9,109200.0
9528,193,56,2024-02-03,1,3,92150.0
9529,869,63,2024-04-23,1,1,37620.0
9530,872,56,2025-12-20,1,1,94050.0
9531,1848,6,2026-06-26,1,0,62000.0
9532,848,138,2024-02-03,1,12,30800.0
9533,1651,69,2025-03-13,1,3,194000.0
9534,1089,102,2023-11-22,1,15,425000.0
9535,417,100,2026-04-24,1,1,247500.0
9536,430,56,2025-12-14,1,14,81700.0
9537,458,13,2024-05-24,1,13,36540.0
9538,940,11,2024-10-31,1,15,40800.0
9539,1346,65,2024-03-10,1,10,198000.0
9540,1586,68,2024-11-13,1,11,204700.0
9541,1551,77,2024-12-09,1,2,34300.0
9542,298,65,2025-02-03,1,5,209000.0
9543,1582,83,2026-06-30,1,13,30450.0
9544,1854,85,2026-04-02,1,3,46560.0
9545,549,100,2026-04-03,1,9,227500.0
9546,1136,46,2026-01-09,1,6,45120.0
9547,1567,80,2024-03-12,1,7,55800.0
9548,838,3,2024-06-24,1,8,34960.0
9549,1359,143,2025-07-31,1,0,20000.0
9550,1517,18,2024-12-19,1,8,25760.0
9551,707,112,2024-01-03,1,9,20020.0
9552,1897,81,2024-04-06,1,5,20900.0
9553,1084,36,2024-05-19,1,11,37380.0
9554,908,117,2025-02-01,1,15,63750.0
9555,273,36,2024-04-03,1,13,36540.0
9556,1015,138,2025-04-04,1,8,32200.0
9557,1125,28,2025-03-20,1,10,43200.0
9558,1528,23,2024-04-26,1,14,34400.0
9559,552,143,2024-12-09,1,4,19200.0
9560,1365,4,2024-11-21,1,6,79900.0
9561,1530,17,2024-04-28,1,4,21120.0
9562,1310,109,2025-10-29,1,3,43650.0
9563,180,92,2023-11-12,1,7,16740.0
9564,43,70,2023-10-05,1,9,2730000.0
9565,1360,37,2025-11-16,1,1,18810.0
9566,623,86,2024-04-16,1,12,17600.0
9567,773,92,2025-07-07,1,7,16740.0
9568,1528,26,2025-06-22,1,5,30400.0
9569,583,129,2024-05-02,1,10,76500.0
9570,1095,44,2026-03-31,1,10,45000.0
9571,1640,8,2026-03-17,1,8,69000.0
9572,290,87,2025-10-23,1,10,25200.0
9573,1130,73,2024-01-22,1,5,33250.0
9574,1677,8,2024-10-05,1,7,69750.0
9575,675,137,2026-04-14,1,4,21120.0
9576,344,57,2025-03-29,1,7,39060.0
9577,1896,87,2025-07-29,1,8,25760.0
9578,1815,28,2025-07-02,1,11,42720.0
9579,1448,52,2024-11-05,1,2,68600.0
9580,998,89,2026-03-20,1,11,13350.0
9581,1050,69,2026-03-14,1,9,182000.0
9582,1256,73,2024-03-24,1,13,30450.0
9583,976,124,2025-03-02,1,9,63700.0
9584,725,68,2024-05-28,1,9,209300.0
9585,1480,140,2026-03-25,1,14,18060.0
9586,655,119,2024-05-24,1,6,1880000.0
9587,537,40,2023-12-02,1,7,27900.0
9588,1051,53,2024-02-29,1,14,55900.0
9589,10,16,2024-08-27,1,11,75650.0
9590,1097,109,2024-11-12,1,14,38700.0
9591,1439,10,2024-09-05,1,11,40050.0
9592,1718,51,2025-07-23,1,14,41280.0
9593,662,83,2025-02-24,1,15,29750.0
9594,1796,45,2026-08-09,1,9,38220.0
9595,1593,12,2025-03-07,1,14,43000.0
9596,746,110,2024-04-17,1,6,56400.0
9597,15,104,2024-08-28,1,15,18700.0
9598,364,95,2024-07-31,1,0,15000.0
9599,1675,47,2025-08-31,1,11,71200.0
9600,1110,5,2025-06-07,1,14,41280.0
9601,1883,60,2026-01-26,1,1,89100.0
9602,1717,112,2026-03-03,1,6,20680.0
9603,55,40,2024-09-18,1,0,30000.0
9604,337,111,2025-02-27,1,3,53350.0
9605,1332,122,2026-07-16,1,3,582000.0
9606,865,81,2025-03-21,1,7,20460.0
9607,1092,12,2024-12-06,1,7,46500.0
9608,823,3,2024-01-11,1,4,36480.0
9609,798,13,2024-12-05,1,10,37800.0
9610,1585,61,2025-12-15,1,13,39150.0
9611,742,99,2025-08-11,1,8,50600.0
9612,1994,17,2023-10-16,1,9,20020.0
9613,1940,53,2026-02-09,1,14,55900.0
9614,1619,24,2024-04-03,1,15,40800.0
9615,1361,16,2024-09-30,1,2,83300.0
9616,635,110,2024-01-08,1,4,57600.0
9617,308,143,2026-02-20,1,3,19400.0
9618,1011,14,2026-04-14,1,0,55000.0
9619,1025,63,2024-12-30,1,1,37620.0
9620,1409,79,2025-04-04,1,1,84150.0
9621,1927,68,2026-07-14,1,5,218500.0
9622,1102,99,2025-11-22,1,10,49500.0
9623,1742,65,2026-07-18,1,10,198000.0
9624,1914,43,2026-02-24,1,8,55200.0
9625,1605,23,2026-06-30,1,10,36000.0
9626,485,13,2025-07-11,1,2,41160.0
9627,160,29,2026-06-26,1,0,39000.0
9628,264,95,2023-10-03,1,14,12900.0
9629,1589,11,2024-07-17,1,12,42240.0
9630,160,37,2025-07-06,1,6,17860.0
9631,239,1,2026-05-13,1,11,21360.0
9632,1421,54,2024-01-15,1,5,114000.0
9633,141,144,2025-05-15,1,11,24920.0
9634,1835,141,2025-01-14,1,15,23800.0
9635,1723,50,2025-05-21,1,0,58000.0
9636,492,130,2025-08-26,1,10,85500.0
9637,1078,109,2024-09-05,1,6,42300.0
9638,1549,80,2024-04-19,1,1,59400.0
9639,1152,76,2025-04-02,1,14,34400.0
9640,88,48,2026-08-20,1,13,78300.0
9641,382,130,2023-09-27,1,13,82650.0
9642,1122,14,2025-12-05,1,8,50600.0
9643,1420,69,2026-08-28,1,3,194000.0
9644,809,67,2026-01-18,1,2,245000.0
9645,552,107,2026-04-12,1,12,22000.0
9646,641,7,2025-02-23,1,7,51150.0
9647,1239,11,2025-05-06,1,12,42240.0
9648,1172,133,2026-04-18,1,11,26700.0
9649,874,87,2024-12-11,1,11,24920.0
9650,745,11,2026-02-02,1,0,48000.0
9651,879,96,2024-06-10,1,7,20460.0
9652,1078,99,2026-02-10,1,12,48400.0
9653,184,100,2024-01-01,1,15,212500.0
9654,1475,136,2024-04-04,1,2,294000.0
9655,323,7,2026-03-07,1,6,51700.0
9656,966,105,2024-11-23,1,12,26400.0
9657,1053,66,2026-05-20,1,11,169100.0
9658,1673,76,2026-04-19,1,13,34800.0
9659,1929,132,2023-10-29,1,6,22560.0
9660,1497,84,2023-11-12,1,3,33950.0
9661,188,8,2026-03-27,1,11,66750.0
9662,936,36,2024-12-31,1,0,42000.0
9663,633,119,2024-01-29,1,12,1760000.0
9664,1069,138,2024-08-30,1,5,33250.0
9665,1163,109,2024-01-08,1,2,44100.0
9666,716,63,2023-12-16,1,2,37240.0
9667,1396,137,2023-09-25,1,4,21120.0
9668,246,10,2025-05-20,1,5,42750.0
9669,605,72,2025-04-28,1,0,28000.0
9670,606,40,2026-04-15,1,0,30000.0
9671,1702,43,2024-09-11,1,4,57600.0
9672,743,4,2025-01-13,1,12,74800.0
9673,1991,119,2025-05-30,1,5,1900000.0
9674,680,9,2025-04-25,1,4,22080.0
9675,1196,109,2024-05-27,1,3,43650.0
9676,1730,40,2024-08-04,1,5,28500.0
9677,949,25,2024-06-28,1,1,24750.0
9678,479,126,2026-08-29,1,0,40000.0
9679,1770,53,2025-05-21,1,15,55250.0
9680,1045,143,2025-05-24,1,7,18600.0
9681,1749,80,2023-11-28,1,11,53400.0
9682,462,64,2024-04-27,1,2,147000.0
9683,1772,8,2026-02-12,1,3,72750.0
9684,116,94,2026-04-28,1,5,19000.0
9685,583,142,2024-06-08,1,1,37620.0
9686,1274,141,2024-10-06,1,3,27160.0
9687,1745,99,2024-07-30,1,8,50600.0
9688,1418,61,2024-10-11,1,2,44100.0
9689,1636,64,2025-05-01,1,10,135000.0
9690,1790,91,2025-02-21,1,13,22620.0
9691,831,111,2024-04-15,1,13,47850.0
9692,493,54,2024-09-16,1,9,109200.0
9693,1781,59,2025-02-11,1,11,44500.0
9694,903,37,2026-07-25,1,11,16910.0
9695,1511,113,2025-04-24,1,9,27300.0
9696,990,75,2026-04-20,1,14,18920.0
9697,1764,99,2023-12-10,1,3,53350.0
9698,178,14,2024-07-12,1,8,50600.0
9699,1579,78,2024-07-10,1,6,35720.0
9700,648,59,2023-12-17,1,11,44500.0
9701,1176,23,2026-04-10,1,1,39600.0
9702,1180,140,2026-07-24,1,7,19530.0
9703,1676,86,2024-12-27,1,7,18600.0
9704,545,137,2024-04-26,1,14,18920.0
9705,1659,109,2025-08-18,1,7,41850.0
9706,1707,22,2025-01-04,1,15,27200.0
9707,802,108,2023-09-15,1,7,27900.0
9708,206,16,2025-08-09,1,14,73100.0
9709,1774,87,2026-02-27,1,12,24640.0
9710,580,144,2023-12-14,1,5,26600.0
9711,636,1,2026-02-27,1,8,22080.0
9712,934,14,2025-05-06,1,2,53900.0
9713,738,77,2024-07-24,1,2,34300.0
9714,518,34,2026-08-04,1,7,29760.0
9715,1992,29,2024-11-14,1,14,33540.0
9716,1951,7,2024-02-23,1,15,46750.0
9717,1713,4,2025-09-21,1,1,84150.0
9718,951,131,2026-08-11,1,4,144000.0
9719,1082,59,2023-11-12,1,6,47000.0
9720,590,119,2024-06-19,1,11,1780000.0
9721,509,104,2025-12-29,1,0,22000.0
9722,1860,122,2023-10-28,1,15,510000.0
9723,1544,99,2024-12-13,1,15,46750.0
9724,108,82,2025-10-28,1,0,28000.0
9725,400,23,2025-04-20,1,2,39200.0
9726,1708,42,2026-05-28,1,11,35600.0
9727,1540,27,2025-10-04,1,2,35280.0
9728,1390,78,2026-01-18,1,9,34580.0
9729,918,9,2024-10-12,1,4,22080.0
9730,725,55,2025-04-14,1,12,57200.0
9731,726,122,2023-09-13,1,15,510000.0
9732,1748,19,2026-03-17,1,8,30360.0
9733,1484,128,2025-06-03,1,12,70400.0
9734,198,13,2026-03-07,1,8,38640.0
9735,163,18,2026-08-09,1,11,24920.0
9736,465,108,2023-10-18,1,12,26400.0
9737,595,109,2025-09-16,1,8,41400.0
9738,1194,108,2026-02-02,1,0,30000.0
9739,326,33,2025-10-22,1,12,22880.0
9740,1768,64,2024-05-08,1,12,132000.0
9741,1129,130,2024-06-03,1,10,85500.0
9742,621,42,2024-04-29,1,7,37200.0
9743,439,2,2026-05-07,1,6,30080.0
9744,364,7,2025-08-27,1,5,52250.0
9745,1190,87,2026-08-03,1,2,27440.0
9746,1941,10,2026-06-26,1,10,40500.0
9747,1972,7,2025-05-19,1,14,47300.0
9748,1599,47,2026-01-17,1,6,75200.0
9749,1991,92,2025-07-19,1,0,18000.0
9750,1066,95,2026-01-04,1,11,13350.0
9751,1716,16,2024-07-09,1,12,74800.0
9752,1133,57,2025-07-11,1,12,36960.0
9753,1202,92,2024-09-07,1,14,15480.0
9754,1299,10,2025-10-29,1,3,43650.0
9755,1147,84,2024-07-25,1,12,30800.0
9756,1289,118,2024-05-25,1,8,2760000.0
9757,1555,67,2026-09-03,1,8,230000.0
9758,1158,70,2024-05-18,1,11,2670000.0
9759,254,118,2024-09-09,1,11,2670000.0
9760,1568,122,2024-11-12,1,15,510000.0
9761,1781,127,2025-05-28,1,9,50050.0
9762,1113,95,2024-09-10,1,5,14250.0
9763,1938,92,2026-04-29,1,2,17640.0
9764,860,9,2024-10-18,1,15,19550.0
9765,1065,30,2024-04-09,1,5,45600.0
9766,1783,76,2026-02-22,1,14,34400.0
9767,256,68,2025-04-14,1,10,207000.0
9768,297,98,2024-03-11,1,14,43000.0
9769,1208,94,2026-03-14,1,3,19400.0
9770,1338,15,2025-08-09,1,8,59800.0
9771,1461,80,2026-08-16,1,13,52200.0
9772,1992,72,2024-01-13,1,1,27720.0
9773,809,80,2026-07-31,1,14,51600.0
9774,887,5,2024-02-24,1,10,43200.0
9775,1243,26,2026-04-07,1,12,28160.0
9776,787,4,2024-12-11,1,15,72250.0
9777,1817,63,2026-07-26,1,13,33060.0
9778,1111,50,2026-02-02,1,14,49880.0
9779,656,40,2025-01-14,1,0,30000.0
9780,882,37,2024-03-14,1,7,17670.0
9781,783,78,2026-05-03,1,0,38000.0
9782,1182,1,2024-06-10,1,0,24000.0
9783,1878,105,2024-08-11,1,6,28200.0
9784,1784,68,2025-08-27,1,10,207000.0
9785,296,23,2024-04-30,1,15,34000.0
9786,1341,5,2024-02-17,1,11,42720.0
9787,1896,113,2025-10-11,1,9,27300.0
9788,1740,112,2024-12-06,1,12,19360.0
9789,279,30,2023-09-22,1,8,44160.0
9790,569,19,2025-04-30,1,4,31680.0
9791,628,102,2024-02-10,1,14,430000.0
9792,1388,128,2025-09-06,1,4,76800.0
9793,944,14,2025-07-27,1,1,54450.0
9794,1185,47,2024-08-25,1,9,72800.0
9795,375,99,2025-08-19,1,10,49500.0
9796,1848,65,2025-05-19,1,4,211200.0
9797,1797,95,2024-07-29,1,2,14700.0
9798,1581,85,2026-01-24,1,3,46560.0
9799,1582,102,2025-01-25,1,14,430000.0
9800,1976,142,2024-04-04,1,7,35340.0
9801,393,55,2024-01-17,1,15,55250.0
9802,1164,66,2024-10-19,1,12,167200.0
9803,787,29,2024-10-10,1,6,36660.0
9804,130,51,2026-03-20,1,3,46560.0
9805,1321,66,2025-12-28,1,0,190000.0
9806,611,143,2023-11-04,1,6,18800.0
9807,864,79,2025-12-31,1,4,81600.0
9808,349,80,2024-04-10,1,15,51000.0
9809,1226,61,2025-12-19,1,12,39600.0
9810,1187,82,2026-01-08,1,12,24640.0
9811,1795,78,2025-03-31,1,5,36100.0
9812,1372,96,2024-03-14,1,15,18700.0
9813,654,141,2025-02-06,1,3,27160.0
9814,1743,107,2024-01-06,1,1,24750.0
9815,185,15,2023-09-18,1,7,60450.0
9816,1352,20,2025-05-12,1,13,39150.0
9817,655,74,2024-08-23,1,15,38250.0
9818,775,102,2024-12-12,1,2,490000.0
9819,366,15,2024-08-05,1,4,62400.0
9820,803,77,2025-06-01,1,11,31150.0
9821,1062,141,2024-03-26,1,6,26320.0
9822,565,73,2026-02-08,1,15,29750.0
9823,1209,76,2023-12-24,1,11,35600.0
9824,467,60,2025-06-04,1,3,87300.0
9825,61,6,2024-12-14,1,13,53940.0
9826,635,9,2025-07-26,1,13,20010.0
9827,1898,126,2025-05-18,1,14,34400.0
9828,1928,40,2026-02-26,1,6,28200.0
9829,1070,26,2025-09-12,1,7,29760.0
9830,464,48,2023-11-22,1,9,81900.0
9831,1890,101,2026-04-04,1,4,336000.0
9832,291,33,2024-02-22,1,1,25740.0
9833,518,125,2026-04-07,1,13,95700.0
9834,1580,117,2024-05-16,1,5,71250.0
9835,1903,119,2025-05-22,1,6,1880000.0
9836,924,107,2026-04-16,1,13,21750.0
9837,1646,6,2024-03-15,1,4,59520.0
9838,1941,93,2023-12-08,1,10,12600.0
9839,1329,140,2025-03-11,1,4,20160.0
9840,616,105,2025-04-19,1,5,28500.0
9841,1263,65,2026-02-13,1,4,211200.0
9842,368,134,2025-07-19,1,5,42750.0
9843,173,59,2026-02-10,1,12,44000.0
9844,1701,59,2025-03-27,1,7,46500.0
9845,1796,17,2023-10-05,1,4,21120.0
9846,1975,46,2025-09-09,1,8,44160.0
9847,1298,121,2026-01-25,1,12,202400.0
9848,683,85,2023-10-25,1,5,45600.0
9849,1084,138,2023-11-20,1,9,31850.0
9850,356,75,2024-10-28,1,11,19580.0
9851,943,98,2025-12-25,1,7,46500.0
9852,880,95,2026-01-16,1,4,14400.0
9853,1891,23,2025-05-19,1,4,38400.0
9854,1358,47,2025-10-21,1,11,71200.0
9855,24,114,2025-08-18,1,7,26040.0
9856,661,26,2023-12-26,1,12,28160.0
9857,1554,49,2025-01-24,1,15,38250.0
9858,582,17,2024-09-01,1,1,21780.0
9859,247,101,2025-05-22,1,14,301000.0
9860,1917,17,2025-09-01,1,7,20460.0
9861,1296,53,2025-06-03,1,4,62400.0
9862,627,115,2026-03-20,1,13,39150.0
9863,720,37,2026-08-03,1,15,16150.0
9864,435,35,2025-07-16,1,15,29750.0
9865,867,134,2025-12-13,1,3,43650.0
9866,669,49,2024-09-26,1,10,40500.0
9867,849,107,2026-09-01,1,1,24750.0
9868,582,127,2024-02-20,1,14,47300.0
9869,861,126,2026-04-18,1,4,38400.0
9870,1067,17,2023-09-24,1,8,20240.0
9871,352,52,2025-03-16,1,13,60900.0
9872,1673,26,2024-12-14,1,0,32000.0
9873,1082,52,2025-02-15,1,11,62300.0
9874,1663,125,2025-03-28,1,7,102300.0
9875,1264,61,2024-06-17,1,8,41400.0
9876,365,24,2025-07-19,1,15,40800.0
9877,1608,62,2025-02-28,1,12,45760.0
9878,1720,127,2025-04-22,1,10,49500.0
9879,597,65,2023-10-28,1,10,198000.0
9880,302,53,2025-03-05,1,15,55250.0
9881,1816,143,2026-09-05,1,5,19000.0
9882,769,106,2024-12-26,1,2,19600.0
9883,681,114,2026-01-04,1,9,25480.0
9884,1422,38,2026-06-02,1,12,24640.0
9885,299,23,2026-03-12,1,5,38000.0
9886,1522,86,2026-04-22,1,5,19000.0
9887,1855,115,2024-07-14,1,8,41400.0
9888,1388,111,2025-06-01,1,2,53900.0
9889,661,76,2025-02-06,1,15,34000.0
9890,432,12,2025-12-21,1,14,43000.0
9891,345,41,2026-03-29,1,0,25000.0
9892,1932,134,2024-12-10,1,9,40950.0
9893,756,13,2023-10-21,1,0,42000.0
9894,1514,32,2026-03-15,1,0,78000.0
9895,693,27,2026-03-13,1,7,33480.0
9896,1197,54,2025-01-22,1,12,105600.0
9897,796,137,2026-04-05,1,13,19140.0
9898,696,84,2023-11-08,1,13,30450.0
9899,1438,17,2024-04-28,1,15,18700.0
9900,752,63,2026-07-31,1,12,33440.0
9901,289,53,2025-10-03,1,6,61100.0
9902,1147,136,2024-04-11,1,11,267000.0
9903,681,116,2025-10-17,1,4,57600.0
9904,1951,57,2025-07-26,1,11,37380.0
9905,1690,143,2026-04-16,1,4,19200.0
9906,631,79,2025-07-01,1,8,78200.0
9907,797,113,2024-06-18,1,4,28800.0
9908,1759,137,2025-03-18,1,15,18700.0
9909,1342,105,2025-07-25,1,12,26400.0
9910,703,121,2026-01-30,1,8,211600.0
9911,1030,81,2024-05-15,1,3,21340.0
9912,374,100,2025-02-15,1,3,242500.0
9913,1417,49,2024-09-21,1,10,40500.0
9914,1685,87,2024-10-05,1,7,26040.0
9915,1260,74,2023-10-10,1,5,42750.0
9916,920,60,2024-08-18,1,10,81000.0
9917,174,82,2024-05-05,1,15,23800.0
9918,1811,57,2023-12-12,1,9,38220.0
9919,93,17,2025-08-21,1,5,20900.0
9920,1828,118,2026-07-05,1,12,2640000.0
9921,811,83,2024-06-01,1,11,31150.0
9922,1471,98,2026-05-09,1,5,47500.0
9923,572,69,2024-06-27,1,8,184000.0
9924,1642,9,2023-12-11,1,14,19780.0
9925,301,68,2025-11-15,1,6,216200.0
9926,1085,22,2023-09-14,1,7,29760.0
9927,1529,33,2026-05-09,1,11,23140.0
9928,872,138,2026-01-05,1,0,35000.0
9929,989,119,2025-04-01,1,2,1960000.0
9930,154,33,2023-10-22,1,10,23400.0
9931,1744,6,2024-10-18,1,10,55800.0
9932,1289,99,2023-09-29,1,7,51150.0
9933,1228,86,2023-12-24,1,12,17600.0
9934,527,130,2026-06-22,1,6,89300.0
9935,364,77,2023-09-27,1,8,32200.0
9936,343,92,2026-08-10,1,7,16740.0
9937,460,38,2024-10-26,1,7,26040.0
9938,305,5,2025-01-30,1,11,42720.0
9939,1269,69,2024-05-26,1,1,198000.0
9940,1552,13,2025-05-15,1,11,37380.0
9941,335,131,2025-03-04,1,12,132000.0
9942,326,61,2025-08-10,1,1,44550.0
9943,264,132,2023-11-26,1,15,20400.0
9944,376,42,2025-08-05,1,13,34800.0
9945,827,145,2026-08-20,1,8,32200.0
9946,1460,101,2026-07-18,1,9,318500.0
9947,768,139,2024-08-07,1,9,27300.0
9948,351,25,2024-01-12,1,15,21250.0
9949,646,133,2024-01-17,1,1,29700.0
9950,107,35,2026-07-19,1,2,34300.0
9951,1612,133,2026-06-30,1,7,27900.0
9952,948,125,2024-06-11,1,6,103400.0
9953,474,43,2024-06-28,1,12,52800.0
9954,1155,4,2023-11-21,1,9,77350.0
9955,530,7,2025-10-04,1,10,49500.0
9956,1459,12,2023-10-20,1,13,43500.0
9957,1670,136,2023-12-09,1,6,282000.0
9958,1409,114,2026-08-31,1,8,25760.0
9959,383,136,2025-04-09,1,12,264000.0
9960,1053,34,2026-03-17,1,13,27840.0
9961,553,142,2025-04-22,1,1,37620.0
9962,1052,137,2025-11-03,1,2,21560.0
9963,441,44,2025-05-02,1,15,42500.0
9964,1456,4,2024-06-07,1,6,79900.0
9965,990,141,2026-08-28,1,11,24920.0
9966,1967,109,2025-10-22,1,11,40050.0
9967,1757,88,2025-06-18,1,4,33600.0
9968,1600,105,2024-06-05,1,8,27600.0
9969,1281,24,2024-11-02,1,4,46080.0
9970,48,124,2024-10-21,1,1,69300.0
9971,1590,114,2024-02-21,1,0,28000.0
9972,1778,126,2026-06-14,1,12,35200.0
9973,151,1,2025-12-26,1,5,22800.0
9974,1395,13,2026-04-13,1,7,39060.0
9975,569,91,2024-04-30,1,3,25220.0
9976,130,134,2025-10-30,1,4,43200.0
9977,1415,74,2025-03-23,1,0,45000.0
9978,621,48,2024-04-09,1,14,77400.0
9979,959,45,2025-09-17,1,12,36960.0
9980,51,44,2024-05-27,1,2,49000.0
9981,1169,111,2025-02-05,1,8,50600.0
9982,1545,130,2026-08-23,1,7,88350.0
9983,1273,52,2023-10-08,1,7,65100.0
9984,1671,66,2023-10-17,1,13,165300.0
9985,1512,11,2026-02-01,1,8,44160.0
9986,1977,83,2026-02-09,1,3,33950.0
9987,395,105,2025-01-27,1,7,27900.0
9988,916,33,2025-09-26,1,12,22880.0
9989,533,33,2024-03-06,1,5,24700.0
9990,1395,98,2024-02-12,1,15,42500.0
9991,1097,59,2024-04-09,1,7,46500.0
9992,1894,31,2023-10-05,1,1,57420.0
9993,1064,61,2026-04-04,1,0,45000.0
9994,1886,24,2023-10-30,1,2,47040.0
9995,1754,112,2026-05-29,1,3,21340.0
9996,1020,74,2024-02-20,1,3,43650.0
9997,218,61,2024-09-07,1,11,40050.0
9998,907,32,2026-07-20,1,3,75660.0
9999,873,109,2024-09-11,1,4,43200.0
10000,81,86,2026-01-16,1,5,19000.0
