Booking_ID,Customer_ID,Flight_ID,Booking_Date,Travel_Class,Seat_Number,Ticket_Price,Booking_Status
1,275,696,2025-09-22,Business,15C,1291.03,Completed
2,11,458,2025-12-27,First Class,36D,412.5,Confirmed
3,250,322,2025-12-17,Economy,27B,167.62,Confirmed
4,393,317,2026-06-20,Business,3E,2573.5,Cancelled
5,153,690,2025-12-23,Economy,6F,847.55,Completed
6,483,342,2026-05-08,Economy,35E,319.09,Confirmed
7,84,807,2026-05-22,First Class,7B,2780.38,Confirmed
8,161,120,2025-12-23,First Class,16B,1071.15,Confirmed
9,105,978,2025-11-19,Premium Economy,13C,1410.21,Cancelled
10,135,554,2026-05-12,Economy,1E,574.16,Confirmed
11,323,408,2026-01-20,Premium Economy,8B,1242.45,Confirmed
12,62,790,2026-09-02,Economy,24B,858.35,Confirmed
13,239,563,2026-07-07,Economy,19C,457.97,Completed
14,203,566,2026-04-06,Business,12B,823.38,Confirmed
15,77,554,2026-09-23,Business,14F,739.7,Confirmed
16,252,957,2026-01-21,Economy,9C,649.5,Completed
17,51,928,2026-09-01,First Class,27B,4243.73,Cancelled
18,257,362,2026-05-17,Business,15F,2556.86,Confirmed
19,142,683,2026-01-16,Economy,31A,699.74,Cancelled
20,42,973,2026-09-01,Economy,22B,703.35,Confirmed
21,157,401,2026-02-28,Economy,6E,657.63,Confirmed
22,81,456,2025-09-20,Economy,34A,287.31,Confirmed
23,430,273,2025-11-09,Premium Economy,33B,759.24,Confirmed
24,230,13,2026-10-19,Economy,13C,732.66,Completed
25,49,146,2026-05-18,First Class,25E,2943.09,Completed
26,352,502,2026-08-02,Premium Economy,24F,656.64,Confirmed
27,437,790,2026-06-24,Economy,7B,519.63,Confirmed
28,21,634,2026-05-13,Premium Economy,18D,968.85,Cancelled
29,62,372,2026-01-04,Premium Economy,5D,1005.88,Cancelled
30,467,863,2026-09-13,Economy,28E,1072.63,Completed
31,490,17,2026-03-21,Business,26F,2158.32,Confirmed
32,417,978,2025-11-29,First Class,4B,1010.84,Confirmed
33,236,467,2026-02-01,Economy,4A,948.54,Confirmed
34,369,971,2025-12-06,Economy,19D,661.18,Completed
35,40,144,2026-07-03,Economy,20C,608.78,Cancelled
36,497,148,2026-05-31,Business,32F,1939.96,Confirmed
37,179,815,2026-08-05,Economy,17B,894.15,Confirmed
38,10,639,2025-11-17,Business,34C,1639.91,Confirmed
39,62,794,2026-04-07,Business,7A,1277.33,Completed
40,74,619,2026-08-14,First Class,10C,3309.14,Confirmed
41,244,82,2026-01-14,Premium Economy,20E,290.67,Completed
42,6,436,2026-08-20,First Class,39F,3187.31,Completed
43,121,156,2025-10-31,Economy,9A,556.34,Confirmed
44,355,774,2026-11-04,Premium Economy,8D,988.51,Confirmed
45,345,5,2026-03-09,Business,24B,1641.93,Confirmed
46,392,291,2026-04-18,Economy,17B,249.51,Cancelled
47,395,71,2025-11-17,Premium Economy,7F,1446.37,Confirmed
48,262,279,2025-11-04,First Class,5E,4385.82,Cancelled
49,93,579,2026-02-14,Premium Economy,3E,227.14,Confirmed
50,322,4,2026-08-09,Premium Economy,33D,528.84,Confirmed
51,16,47,2025-09-13,Premium Economy,11F,1268.99,Confirmed
52,242,10,2026-04-23,Economy,35B,270.9,Cancelled
53,299,225,2026-11-08,Economy,38B,425.48,Completed
54,291,750,2025-09-21,Economy,13E,941.23,Confirmed
55,482,459,2025-08-08,First Class,4F,2266.07,Confirmed
56,363,853,2026-07-16,Premium Economy,31C,973.64,Completed
57,22,245,2026-05-07,Premium Economy,26E,792.49,Cancelled
58,220,620,2026-06-12,Economy,14C,902.33,Cancelled
59,485,325,2026-01-23,Business,29F,242.29,Completed
60,77,568,2026-01-06,First Class,32A,4028.08,Confirmed
61,283,346,2026-07-22,Economy,25D,188.58,Completed
62,234,158,2025-10-20,Economy,17F,172.13,Confirmed
63,404,659,2025-09-02,Business,31F,601.98,Confirmed
64,446,770,2026-09-06,First Class,38A,1028.58,Completed
65,500,758,2026-11-02,Economy,15D,758.17,Confirmed
66,54,4,2026-08-09,Business,6A,1384.95,Completed
67,481,776,2025-08-28,Premium Economy,22E,135.3,Cancelled
68,324,943,2026-02-12,Economy,10F,532.43,Confirmed
69,204,754,2026-04-28,Premium Economy,19F,1215.59,Confirmed
70,118,239,2026-04-12,Economy,6A,856.08,Confirmed
71,340,583,2026-07-27,First Class,1F,4346.58,Cancelled
72,227,676,2026-12-23,Business,34A,1105.24,Completed
73,493,956,2026-01-19,Economy,16F,980.94,Cancelled
74,297,421,2026-01-19,First Class,2B,4258.71,Confirmed
75,404,636,2026-01-23,Economy,18F,65.69,Cancelled
76,97,216,2026-02-27,Economy,2A,266.65,Confirmed
77,98,714,2026-03-10,Economy,35B,871.03,Confirmed
78,199,901,2026-03-19,Economy,1A,769.83,Completed
79,308,750,2025-11-02,Economy,36D,596.53,Confirmed
80,358,589,2026-02-20,Economy,12A,525.0,Confirmed
81,283,666,2026-11-05,Economy,3E,49.66,Confirmed
82,164,364,2026-07-12,Premium Economy,8F,1317.86,Completed
83,225,682,2026-02-04,Business,23F,1290.62,Confirmed
84,238,167,2026-07-29,Premium Economy,12C,551.33,Confirmed
85,331,507,2026-07-10,Premium Economy,34E,319.52,Confirmed
86,461,437,2025-11-11,Economy,3F,489.48,Confirmed
87,484,921,2026-04-09,Economy,26F,483.18,Confirmed
88,323,409,2026-07-04,Premium Economy,14E,383.96,Confirmed
89,404,824,2026-06-03,Economy,16F,737.99,Completed
90,156,291,2026-04-18,First Class,5D,983.36,Completed
91,309,667,2025-11-30,Economy,9F,121.89,Confirmed
92,436,158,2025-11-06,Economy,8E,998.47,Confirmed
93,354,339,2026-05-24,Premium Economy,13D,545.34,Confirmed
94,427,473,2025-08-09,Premium Economy,12A,561.54,Cancelled
95,253,231,2026-03-27,Premium Economy,9F,180.68,Confirmed
96,198,85,2025-11-19,Premium Economy,3E,1471.84,Cancelled
97,201,21,2026-03-13,First Class,31D,2339.1,Completed
98,307,104,2025-08-21,First Class,24E,690.88,Confirmed
99,50,92,2026-02-23,Premium Economy,4B,560.22,Completed
100,48,531,2026-08-04,Premium Economy,11C,461.05,Confirmed
101,401,462,2026-03-01,Economy,40E,698.34,Completed
102,302,712,2026-07-03,Business,18C,830.91,Confirmed
103,67,171,2025-08-09,Business,23F,854.12,Confirmed
104,163,423,2026-05-19,Premium Economy,5D,481.62,Completed
105,134,995,2026-09-12,Economy,7F,133.15,Confirmed
106,53,272,2026-01-08,Business,25B,169.19,Cancelled
107,29,200,2026-05-27,Economy,31B,744.72,Confirmed
108,296,1000,2025-10-27,Economy,5E,318.58,Completed
109,96,22,2026-06-01,Premium Economy,31F,531.43,Cancelled
110,368,112,2026-01-07,Economy,18D,85.57,Confirmed
111,62,717,2025-12-02,Premium Economy,4F,343.14,Cancelled
112,93,769,2026-04-25,First Class,37B,758.47,Confirmed
113,150,53,2026-05-06,Business,8F,355.99,Completed
114,132,974,2026-04-12,Economy,29E,702.94,Cancelled
115,186,851,2025-10-01,Economy,37C,104.92,Confirmed
116,429,275,2025-08-16,Premium Economy,22A,1521.54,Confirmed
117,260,766,2026-06-09,Premium Economy,26F,665.08,Confirmed
118,291,129,2026-09-19,Premium Economy,24B,1408.25,Confirmed
119,218,789,2026-05-02,Economy,13B,858.74,Completed
120,175,757,2026-02-12,Premium Economy,3D,745.99,Completed
121,237,390,2026-06-13,Economy,18A,474.69,Confirmed
122,231,674,2026-08-10,Economy,17A,88.05,Confirmed
123,278,391,2026-01-05,Premium Economy,23A,894.4,Confirmed
124,184,691,2026-02-04,Economy,2D,767.73,Completed
125,138,357,2025-11-16,Economy,2B,981.55,Cancelled
126,34,989,2026-01-08,Economy,16B,290.95,Cancelled
127,220,510,2026-01-27,First Class,4F,1504.41,Confirmed
128,100,473,2025-11-28,Economy,32D,150.63,Cancelled
129,63,13,2026-07-08,Economy,18F,309.15,Confirmed
130,333,115,2026-09-23,Business,16C,1888.93,Confirmed
131,480,242,2026-06-29,Economy,15F,781.08,Completed
132,42,478,2026-01-14,Economy,34B,964.2,Completed
133,355,625,2026-02-16,Economy,26D,773.77,Completed
134,177,295,2026-05-22,Economy,38D,217.82,Confirmed
135,495,338,2026-01-21,Business,4A,1495.61,Confirmed
136,61,690,2026-04-26,First Class,23B,3721.64,Confirmed
137,189,371,2026-10-25,Economy,30E,218.03,Confirmed
138,43,26,2025-09-02,Economy,37C,630.17,Confirmed
139,476,143,2026-01-31,Business,9A,2129.38,Confirmed
140,299,204,2026-04-11,Economy,24E,292.46,Cancelled
141,482,849,2026-08-12,Economy,4E,100.89,Confirmed
142,195,104,2025-12-01,Economy,2B,547.34,Confirmed
143,203,42,2026-01-18,Economy,34C,423.57,Cancelled
144,398,990,2026-10-22,First Class,20C,899.54,Cancelled
145,247,814,2025-09-15,Premium Economy,17D,1129.86,Confirmed
146,336,993,2026-04-26,Economy,12B,940.13,Confirmed
147,376,353,2026-12-11,Economy,5E,600.64,Confirmed
148,382,959,2025-11-29,First Class,4C,668.02,Confirmed
149,485,130,2026-06-10,Economy,39C,720.92,Cancelled
150,173,196,2026-03-24,Business,2A,150.81,Completed
151,70,648,2026-05-06,Economy,15D,646.3,Cancelled
152,144,701,2026-12-06,Economy,20A,743.29,Completed
153,87,980,2026-03-16,Economy,31B,227.37,Confirmed
154,440,72,2025-07-20,Economy,1C,909.99,Confirmed
155,413,288,2025-11-24,Economy,3A,147.67,Cancelled
156,236,111,2026-09-23,Economy,32D,102.13,Confirmed
157,78,262,2025-10-19,Economy,18A,512.69,Confirmed
158,57,637,2026-03-07,First Class,3A,1741.6,Cancelled
159,215,543,2026-05-08,Economy,26A,786.2,Confirmed
160,196,462,2026-03-11,Economy,18C,1003.62,Confirmed
161,172,510,2025-11-08,Business,28B,2322.48,Confirmed
162,2,103,2026-03-23,Economy,3B,677.22,Completed
163,145,622,2025-12-01,Economy,37B,402.39,Cancelled
164,493,306,2026-04-28,Premium Economy,30A,464.28,Completed
165,450,500,2026-04-16,Premium Economy,31A,615.02,Completed
166,118,225,2026-11-02,Premium Economy,38E,1532.8,Confirmed
167,211,855,2025-09-19,Economy,1C,302.79,Completed
168,490,308,2026-07-04,First Class,36D,1371.29,Confirmed
169,33,555,2026-02-17,Premium Economy,28F,140.28,Confirmed
170,80,947,2025-07-25,First Class,6D,547.14,Completed
171,167,328,2026-07-11,Economy,3D,118.07,Confirmed
172,439,755,2025-12-17,Economy,15E,200.0,Cancelled
173,306,607,2026-05-27,First Class,9A,1982.14,Confirmed
174,408,248,2026-01-31,Economy,3E,1110.84,Confirmed
175,442,790,2026-05-19,Business,19F,1978.4,Cancelled
176,362,131,2026-03-30,First Class,6D,2294.7,Cancelled
177,383,945,2026-03-22,Premium Economy,14F,1036.18,Completed
178,57,276,2026-05-19,Business,38F,849.15,Confirmed
179,42,550,2026-01-16,Premium Economy,16D,1123.18,Confirmed
180,255,915,2025-11-20,Economy,23C,511.29,Confirmed
181,445,838,2025-10-20,Economy,15D,774.89,Cancelled
182,168,87,2026-02-18,Premium Economy,18D,265.18,Confirmed
183,222,403,2025-10-03,Economy,22E,271.39,Confirmed
184,26,374,2026-03-13,Premium Economy,17D,1018.73,Confirmed
185,110,967,2025-10-24,Economy,13F,100.13,Cancelled
186,31,591,2025-11-08,Economy,6C,651.48,Completed
187,379,943,2025-12-29,Economy,6C,597.04,Confirmed
188,424,630,2026-05-16,Premium Economy,32F,677.95,Completed
189,450,358,2025-10-10,Economy,18A,484.48,Confirmed
190,307,645,2026-01-15,Premium Economy,26D,1234.43,Confirmed
191,165,816,2026-05-05,Premium Economy,35C,341.47,Completed
192,372,769,2026-02-22,Economy,31E,797.57,Confirmed
193,387,238,2025-11-28,Premium Economy,14A,409.52,Confirmed
194,161,431,2026-03-21,Economy,31D,457.7,Confirmed
195,481,324,2025-12-31,First Class,13B,668.35,Completed
196,270,816,2026-04-23,Premium Economy,30E,391.83,Confirmed
197,186,73,2026-05-27,Economy,1E,950.76,Completed
198,132,396,2026-06-05,Economy,13C,893.03,Confirmed
199,196,11,2026-01-23,Economy,8F,761.82,Confirmed
200,396,586,2025-09-22,Economy,30A,452.51,Confirmed
201,124,480,2025-11-02,Economy,7C,879.81,Confirmed
202,164,754,2026-04-20,Business,23D,889.7,Cancelled
203,405,8,2026-09-01,Economy,5F,237.91,Confirmed
204,141,632,2025-10-21,Premium Economy,33C,594.72,Completed
205,286,180,2025-11-15,Economy,17B,309.31,Completed
206,76,627,2026-11-11,Economy,6E,123.62,Confirmed
207,294,881,2026-08-02,Economy,35B,855.1,Confirmed
208,454,484,2026-09-20,Premium Economy,30F,1125.73,Confirmed
209,335,665,2026-01-22,Business,20E,2304.01,Confirmed
210,242,10,2026-06-24,First Class,39A,3184.86,Confirmed
211,140,291,2026-02-07,Premium Economy,21A,640.51,Completed
212,236,634,2026-04-26,Business,25B,1351.45,Cancelled
213,276,885,2025-10-02,Economy,39D,612.19,Confirmed
214,345,110,2026-04-09,Economy,10B,436.18,Confirmed
215,113,578,2026-05-23,Business,6B,665.79,Confirmed
216,414,370,2026-05-22,Economy,16C,968.45,Confirmed
217,327,664,2026-08-09,Economy,37D,1055.85,Confirmed
218,343,732,2025-10-10,Economy,8B,747.98,Completed
219,211,266,2026-07-20,Business,17F,599.02,Confirmed
220,424,702,2026-01-18,Premium Economy,13B,803.95,Confirmed
221,109,15,2025-12-19,Economy,36C,537.67,Confirmed
222,201,890,2026-11-10,Premium Economy,32D,1186.2,Confirmed
223,361,441,2026-04-14,Economy,11E,193.04,Confirmed
224,166,513,2026-04-25,Economy,40A,323.87,Confirmed
225,18,834,2025-10-26,Economy,14D,126.81,Confirmed
226,319,97,2026-01-27,Premium Economy,31F,932.11,Confirmed
227,285,104,2025-11-02,Economy,30F,783.32,Confirmed
228,428,41,2025-10-24,Premium Economy,36D,842.23,Cancelled
229,459,163,2026-04-04,Economy,2A,855.49,Confirmed
230,141,249,2026-02-16,Economy,21C,667.73,Confirmed
231,55,769,2025-12-05,Premium Economy,19B,296.54,Confirmed
232,144,69,2025-09-03,Economy,37C,332.33,Completed
233,312,675,2026-02-01,Premium Economy,23E,1323.16,Confirmed
234,284,898,2025-12-26,Business,27B,2369.33,Cancelled
235,79,237,2025-09-16,Premium Economy,35C,585.46,Completed
236,172,310,2026-04-01,Economy,21F,886.26,Confirmed
237,366,844,2026-03-18,Economy,15D,274.15,Confirmed
238,82,4,2026-04-19,Business,8E,606.17,Cancelled
239,50,860,2026-02-23,First Class,4A,3788.56,Confirmed
240,173,56,2026-11-11,Economy,30F,927.53,Confirmed
241,76,503,2026-01-01,Economy,22F,242.19,Confirmed
242,373,153,2026-04-10,Economy,10C,793.62,Confirmed
243,287,343,2026-09-13,Economy,20C,640.2,Confirmed
244,308,648,2026-04-24,Premium Economy,23A,815.27,Confirmed
245,407,811,2026-09-04,Economy,5E,238.1,Confirmed
246,398,415,2026-02-20,Business,23C,912.28,Confirmed
247,315,998,2025-10-15,Business,33E,2350.27,Confirmed
248,60,383,2026-03-02,Economy,29A,302.91,Completed
249,204,647,2026-07-02,First Class,3A,1680.43,Confirmed
250,284,204,2025-11-22,Economy,31E,265.19,Completed
251,198,82,2025-12-10,Economy,19B,551.64,Confirmed
252,384,507,2026-08-12,Economy,27B,474.9,Cancelled
253,115,350,2026-04-27,First Class,3D,3074.24,Completed
254,422,594,2026-07-29,Economy,22C,198.53,Confirmed
255,117,950,2026-07-24,Economy,38D,376.34,Confirmed
256,473,35,2025-12-16,First Class,34B,3036.02,Confirmed
257,408,731,2025-12-14,Economy,22E,784.74,Confirmed
258,241,397,2026-09-15,Business,7C,1754.79,Confirmed
259,197,781,2026-08-12,Economy,29C,602.21,Confirmed
260,454,405,2026-05-04,Economy,18B,496.97,Confirmed
261,137,501,2025-09-04,Economy,25C,796.7,Completed
262,233,918,2025-09-12,Economy,27B,254.24,Completed
263,9,989,2025-11-16,Economy,27F,239.45,Confirmed
264,211,104,2025-10-05,First Class,29D,3262.91,Confirmed
265,255,721,2025-12-03,Economy,11A,869.46,Cancelled
266,360,115,2026-06-15,Business,38C,1716.57,Confirmed
267,500,727,2026-07-11,Economy,20F,537.42,Confirmed
268,436,25,2026-10-28,Economy,25B,608.65,Confirmed
269,114,902,2025-12-17,Economy,8B,941.86,Confirmed
270,140,751,2026-12-20,Economy,8D,701.21,Confirmed
271,52,95,2026-02-23,Economy,25E,297.39,Cancelled
272,128,514,2026-08-24,First Class,2A,659.06,Confirmed
273,213,594,2026-06-19,Business,37F,1316.63,Confirmed
274,403,248,2026-01-13,Economy,7A,459.04,Confirmed
275,372,496,2026-09-06,First Class,28F,2217.95,Completed
276,284,30,2026-06-22,Economy,30F,430.14,Confirmed
277,303,212,2026-05-01,Economy,10F,970.25,Confirmed
278,109,304,2026-07-14,Economy,23C,493.73,Confirmed
279,123,604,2026-03-10,Economy,16E,702.16,Completed
280,417,669,2026-07-19,First Class,30F,2490.0,Cancelled
281,475,965,2026-01-17,First Class,35A,1845.48,Completed
282,56,752,2026-08-01,Premium Economy,31F,837.23,Confirmed
283,123,839,2026-02-20,Premium Economy,10F,1293.11,Confirmed
284,429,811,2026-09-10,First Class,29B,3115.61,Cancelled
285,313,967,2025-12-18,Economy,9D,148.53,Confirmed
286,359,589,2026-02-20,Economy,30A,81.21,Cancelled
287,234,489,2026-02-17,Economy,26B,122.52,Confirmed
288,209,266,2026-07-20,Business,3A,277.17,Confirmed
289,406,857,2025-10-18,Premium Economy,37F,706.89,Confirmed
290,22,492,2026-07-11,Business,40F,616.53,Confirmed
291,104,224,2026-06-02,Premium Economy,12C,166.9,Confirmed
292,214,773,2026-06-25,Economy,9F,332.66,Confirmed
293,368,490,2026-03-04,Economy,34D,357.97,Confirmed
294,195,506,2026-07-06,Economy,10A,614.54,Completed
295,274,154,2026-02-28,Economy,17E,638.5,Completed
296,61,572,2026-11-01,Business,29F,1602.35,Confirmed
297,14,842,2026-01-07,First Class,28A,2846.15,Confirmed
298,312,1,2026-06-03,Economy,16E,835.31,Confirmed
299,33,697,2026-09-06,First Class,15A,571.53,Cancelled
300,180,621,2025-10-23,Premium Economy,5C,1035.49,Confirmed
301,382,364,2026-06-26,Business,30C,2010.0,Cancelled
302,391,706,2026-06-19,Economy,8B,995.85,Confirmed
303,42,197,2025-12-19,Economy,39E,233.49,Confirmed
304,20,452,2026-06-09,Economy,35E,74.08,Confirmed
305,156,967,2025-12-01,Premium Economy,5D,879.38,Confirmed
306,73,26,2025-09-21,Economy,29B,260.76,Confirmed
307,239,941,2025-11-29,Premium Economy,28D,506.99,Confirmed
308,342,741,2026-08-01,Business,23A,767.35,Completed
309,395,812,2026-04-11,Premium Economy,13F,1231.05,Confirmed
310,124,936,2025-09-20,First Class,40B,804.91,Cancelled
311,58,373,2026-10-02,Premium Economy,32D,1057.87,Confirmed
312,131,184,2026-08-16,Economy,19A,801.31,Completed
313,48,724,2025-11-16,Premium Economy,18E,709.52,Cancelled
314,66,384,2026-01-22,First Class,2F,2136.03,Confirmed
315,363,831,2026-08-03,Economy,26F,209.47,Completed
316,21,606,2025-10-02,Economy,36D,681.89,Confirmed
317,241,635,2026-07-08,Premium Economy,37E,931.18,Cancelled
318,477,712,2026-11-21,Economy,19D,972.18,Confirmed
319,10,555,2026-04-18,Economy,18A,927.87,Cancelled
320,79,153,2026-02-16,Premium Economy,39C,514.02,Confirmed
321,436,817,2025-10-19,Business,22A,130.42,Completed
322,346,23,2025-12-22,Economy,23E,818.44,Completed
323,16,720,2026-09-14,Premium Economy,24D,100.77,Confirmed
324,222,27,2025-12-18,Premium Economy,30D,486.66,Completed
325,383,422,2025-09-20,Premium Economy,1A,812.71,Confirmed
326,185,337,2025-11-06,First Class,15D,1657.52,Confirmed
327,348,14,2026-02-10,Economy,30B,695.14,Confirmed
328,233,955,2026-04-24,Economy,1A,816.18,Confirmed
329,246,405,2026-03-20,Economy,29F,647.42,Cancelled
330,473,780,2026-05-01,Economy,34D,1012.31,Confirmed
331,33,442,2026-07-15,Economy,28E,713.29,Cancelled
332,372,11,2025-12-20,Business,13D,316.71,Completed
333,235,453,2026-11-11,Economy,25B,951.06,Confirmed
334,186,730,2026-05-02,Economy,16A,663.62,Confirmed
335,332,184,2026-08-16,First Class,13D,2576.6,Confirmed
336,398,84,2026-09-21,First Class,13F,2430.8,Confirmed
337,375,457,2026-08-22,Premium Economy,36B,191.12,Confirmed
338,263,119,2026-07-06,Business,1B,1188.39,Cancelled
339,493,227,2025-09-15,Business,6C,1970.47,Confirmed
340,468,258,2025-11-21,First Class,6B,1554.74,Completed
341,274,639,2026-01-04,Economy,39E,111.39,Completed
342,159,836,2025-10-10,Premium Economy,22C,275.18,Completed
343,200,764,2026-07-27,Economy,27D,791.24,Confirmed
344,348,182,2026-02-03,Economy,9C,120.5,Confirmed
345,498,120,2025-08-19,Economy,17C,879.88,Cancelled
346,265,845,2026-02-10,First Class,37B,198.53,Cancelled
347,106,89,2026-06-21,First Class,36A,1650.78,Completed
348,162,661,2026-01-12,Economy,32B,518.86,Confirmed
349,498,540,2026-09-17,Economy,18D,711.2,Confirmed
350,44,540,2026-07-09,Business,4F,1241.82,Confirmed
351,471,268,2026-09-08,Economy,36A,612.48,Confirmed
352,489,393,2026-06-09,Economy,25B,687.13,Confirmed
353,399,324,2026-01-09,Economy,33E,289.54,Confirmed
354,128,832,2026-04-25,First Class,15A,3520.76,Completed
355,305,59,2026-03-18,Economy,22D,565.86,Completed
356,454,212,2026-06-17,First Class,32B,3669.2,Confirmed
357,286,857,2025-07-30,First Class,8F,525.15,Confirmed
358,32,16,2026-10-31,First Class,10F,688.26,Confirmed
359,259,627,2026-06-16,Premium Economy,10E,386.25,Cancelled
360,316,380,2026-01-18,Economy,33C,843.05,Confirmed
361,452,578,2026-05-15,Economy,37A,354.14,Cancelled
362,138,147,2025-12-01,First Class,23B,2370.63,Confirmed
363,320,76,2026-01-17,First Class,5B,2077.95,Cancelled
364,325,795,2026-02-23,Business,20F,1813.39,Cancelled
365,479,837,2025-10-19,First Class,23E,984.43,Completed
366,181,52,2026-04-27,Economy,18E,803.11,Confirmed
367,336,82,2025-12-04,Economy,20E,894.17,Confirmed
368,404,331,2026-01-04,Business,6D,307.03,Confirmed
369,20,479,2026-01-25,Economy,4A,135.47,Completed
370,322,175,2026-06-10,Economy,34F,759.69,Completed
371,165,636,2025-12-13,Premium Economy,29A,328.05,Confirmed
372,191,223,2025-08-23,First Class,18A,1614.53,Completed
373,363,24,2025-10-08,Economy,36D,844.27,Confirmed
374,23,324,2026-01-30,Economy,5C,654.79,Cancelled
375,288,741,2026-06-28,Economy,32B,677.66,Confirmed
376,299,302,2026-04-09,Economy,1A,652.3,Completed
377,229,155,2026-07-25,First Class,7B,1681.65,Confirmed
378,291,858,2025-11-18,First Class,12B,1184.35,Cancelled
379,145,287,2025-12-19,Business,13B,2433.8,Confirmed
380,272,340,2026-01-07,Premium Economy,26D,479.91,Confirmed
381,463,848,2026-04-02,Economy,9A,103.19,Cancelled
382,159,101,2025-12-23,Business,29E,762.97,Cancelled
383,19,316,2025-08-27,Economy,18A,322.16,Cancelled
384,194,273,2025-12-06,Economy,36E,773.08,Confirmed
385,472,165,2026-02-09,Economy,26E,756.42,Confirmed
386,265,611,2026-05-12,Premium Economy,22F,1066.59,Confirmed
387,133,82,2026-03-01,First Class,10A,1697.42,Confirmed
388,449,134,2025-09-05,Economy,10D,261.82,Confirmed
389,430,124,2026-05-29,Business,13A,1606.25,Completed
390,405,387,2026-08-21,Premium Economy,33A,426.53,Confirmed
391,206,839,2025-09-03,Economy,1B,685.84,Confirmed
392,363,33,2025-10-29,Business,5F,2544.11,Confirmed
393,458,46,2025-11-29,Economy,17B,592.63,Cancelled
394,118,725,2026-11-28,First Class,37E,1033.63,Confirmed
395,135,623,2026-05-13,Business,28D,2083.05,Confirmed
396,189,59,2025-10-06,Economy,27F,766.61,Confirmed
397,339,732,2025-10-22,Premium Economy,19B,444.85,Cancelled
398,30,949,2026-04-27,Premium Economy,12F,797.38,Cancelled
399,478,163,2026-04-28,First Class,26D,1311.56,Confirmed
400,363,662,2026-04-02,Premium Economy,26E,179.04,Confirmed
401,279,123,2026-05-30,First Class,28B,1210.07,Confirmed
402,463,633,2026-09-09,Economy,5A,742.63,Confirmed
403,111,873,2026-09-09,Business,13C,2675.56,Confirmed
404,445,290,2025-09-07,Economy,9E,1033.84,Confirmed
405,285,908,2026-07-25,Premium Economy,7B,91.81,Confirmed
406,358,92,2026-02-21,Business,34B,1949.02,Confirmed
407,410,876,2026-02-20,Premium Economy,28A,501.48,Confirmed
408,191,29,2026-03-25,First Class,14F,2002.84,Confirmed
409,212,276,2026-03-15,Premium Economy,5D,776.1,Cancelled
410,179,90,2026-07-06,Premium Economy,23F,278.71,Cancelled
411,104,377,2025-10-26,Economy,6C,1141.28,Cancelled
412,354,593,2026-05-02,Economy,37A,552.7,Completed
413,128,707,2026-12-02,Premium Economy,24D,1400.43,Confirmed
414,229,930,2025-11-11,Economy,23D,467.41,Completed
415,412,665,2026-07-11,First Class,16E,404.34,Cancelled
416,275,710,2026-07-04,Economy,15C,205.8,Completed
417,281,649,2025-10-08,Economy,40F,617.5,Confirmed
418,480,634,2025-12-27,Economy,3E,807.37,Cancelled
419,477,54,2026-06-17,Economy,12D,63.97,Confirmed
420,102,3,2026-09-07,Premium Economy,39F,583.11,Cancelled
421,301,556,2026-03-15,First Class,30C,779.65,Confirmed
422,195,440,2026-06-05,Business,12E,1431.8,Confirmed
423,255,34,2026-10-30,First Class,33A,1551.93,Confirmed
424,249,925,2026-03-03,Premium Economy,12B,554.93,Confirmed
425,265,622,2025-12-31,First Class,21F,1592.15,Confirmed
426,288,167,2026-07-25,Economy,28F,735.12,Confirmed
427,360,815,2026-08-27,Premium Economy,6B,710.23,Cancelled
428,2,481,2026-01-22,Economy,2D,127.95,Confirmed
429,458,771,2026-01-07,First Class,23F,3185.63,Confirmed
430,469,110,2026-04-28,First Class,20E,1261.99,Confirmed
431,123,964,2025-11-28,First Class,32F,957.89,Confirmed
432,414,49,2026-10-04,Economy,14E,566.75,Confirmed
433,340,59,2025-11-04,Premium Economy,31C,1023.63,Completed
434,166,124,2026-05-08,Business,19D,619.49,Confirmed
435,237,697,2026-06-28,Economy,40C,789.59,Completed
436,347,32,2026-04-29,Business,11A,1133.98,Cancelled
437,294,880,2026-10-21,Business,33D,1000.98,Confirmed
438,425,119,2026-06-29,Economy,1A,828.14,Confirmed
439,89,307,2025-12-21,Premium Economy,32E,1211.42,Confirmed
440,182,979,2026-03-03,Premium Economy,35D,594.69,Confirmed
441,152,912,2025-09-21,First Class,36D,2152.26,Completed
442,358,639,2026-04-06,Business,25F,1345.54,Confirmed
443,121,287,2025-11-16,Business,20A,306.52,Confirmed
444,279,334,2026-04-17,Economy,11C,200.14,Completed
445,216,987,2026-05-01,Premium Economy,28A,449.09,Confirmed
446,413,194,2025-11-19,Economy,22B,687.26,Confirmed
447,28,994,2026-05-27,Economy,12F,148.58,Cancelled
448,125,519,2025-10-31,First Class,40A,911.81,Completed
449,236,242,2026-07-22,Business,26A,2005.87,Confirmed
450,32,126,2026-09-14,First Class,3D,4398.17,Confirmed
451,45,959,2026-01-16,Business,26F,1678.39,Cancelled
452,385,604,2025-10-13,First Class,9D,3467.05,Confirmed
453,181,158,2025-10-05,Economy,26D,291.56,Confirmed
454,462,339,2026-04-10,First Class,30F,316.94,Confirmed
455,184,71,2026-03-11,Economy,3A,893.72,Confirmed
456,243,289,2025-12-02,Economy,6A,820.47,Confirmed
457,291,812,2026-06-26,First Class,31A,1428.72,Confirmed
458,466,942,2026-07-09,Business,22F,1533.88,Confirmed
459,202,25,2026-10-25,Economy,5E,455.84,Confirmed
460,262,539,2026-02-09,First Class,39D,1428.56,Confirmed
461,58,23,2025-08-06,Economy,24D,340.6,Confirmed
462,284,978,2025-11-10,Economy,27E,623.55,Confirmed
463,238,845,2026-02-16,Economy,3B,649.96,Confirmed
464,269,285,2026-01-26,Premium Economy,26C,431.36,Confirmed
465,332,144,2026-03-17,Economy,7D,977.58,Confirmed
466,448,198,2026-02-09,Business,22B,181.45,Cancelled
467,325,679,2026-05-24,First Class,13D,2395.0,Completed
468,356,854,2025-12-08,Economy,36A,177.21,Cancelled
469,133,937,2025-11-29,First Class,36D,3203.65,Completed
470,435,654,2026-03-26,Business,38E,1684.23,Confirmed
471,249,132,2025-11-18,First Class,25D,3582.2,Completed
472,234,303,2026-04-17,Economy,29B,122.19,Completed
473,67,869,2026-04-03,Economy,2A,675.45,Confirmed
474,156,175,2026-07-11,Economy,10A,247.88,Cancelled
475,374,901,2026-02-06,Business,32B,1418.97,Confirmed
476,342,95,2026-02-12,Premium Economy,25E,573.3,Confirmed
477,250,308,2026-08-29,Business,26D,2289.73,Completed
478,125,858,2025-11-17,Economy,1D,742.25,Cancelled
479,397,955,2026-08-30,First Class,34F,1799.56,Cancelled
480,409,65,2026-03-13,Economy,8C,469.28,Confirmed
481,37,733,2026-06-23,First Class,35B,3640.54,Confirmed
482,156,899,2026-04-11,Economy,9F,638.22,Confirmed
483,131,696,2025-11-21,Premium Economy,22F,708.74,Confirmed
484,475,765,2025-11-30,Economy,12C,597.45,Cancelled
485,351,849,2026-11-17,Economy,18E,131.46,Confirmed
486,403,534,2026-01-26,Economy,5D,976.2,Completed
487,141,439,2025-11-26,Economy,15E,354.09,Cancelled
488,442,95,2026-02-20,Business,33E,1919.29,Completed
489,495,885,2025-11-19,First Class,23E,2451.78,Confirmed
490,318,770,2026-07-14,Economy,20A,1146.91,Confirmed
491,327,557,2026-06-29,Economy,40D,913.82,Confirmed
492,184,193,2025-12-28,First Class,18E,3927.04,Confirmed
493,342,834,2026-02-07,Economy,37B,628.43,Confirmed
494,232,123,2026-05-12,Premium Economy,2F,1019.15,Cancelled
495,328,852,2026-01-17,Business,37E,1672.59,Confirmed
496,81,49,2026-10-05,Economy,39B,204.05,Confirmed
497,428,784,2026-03-02,Economy,1D,783.66,Completed
498,475,643,2026-02-04,First Class,29D,3838.36,Confirmed
499,381,52,2026-02-23,Economy,23A,273.15,Confirmed
500,410,841,2026-04-01,First Class,5F,1379.88,Confirmed
501,14,422,2025-11-26,Economy,16D,167.79,Confirmed
502,365,213,2026-01-03,Economy,30E,243.47,Completed
503,51,758,2026-10-04,Premium Economy,17C,1319.98,Confirmed
504,67,76,2026-01-05,Economy,36B,191.15,Confirmed
505,2,529,2026-08-17,Economy,16D,724.29,Cancelled
506,336,562,2026-06-29,Economy,11D,66.69,Confirmed
507,411,442,2026-10-29,Economy,34B,326.0,Confirmed
508,51,781,2026-08-26,First Class,6A,833.32,Completed
509,320,274,2026-07-02,Economy,21D,986.7,Confirmed
510,67,514,2026-08-11,Premium Economy,1E,934.2,Confirmed
511,277,449,2025-07-16,Premium Economy,30E,337.64,Confirmed
512,246,831,2026-09-18,Premium Economy,13B,1129.98,Confirmed
513,9,244,2026-05-06,First Class,15D,2978.96,Confirmed
514,229,647,2026-05-27,Economy,8A,151.42,Confirmed
515,475,858,2025-12-22,Premium Economy,17E,332.68,Cancelled
516,224,105,2026-06-15,First Class,8E,262.47,Confirmed
517,288,753,2026-05-11,Economy,20B,894.62,Confirmed
518,21,606,2026-01-22,Business,28E,845.19,Confirmed
519,186,986,2026-02-09,Business,14D,637.39,Confirmed
520,22,652,2025-08-22,Business,8E,2288.56,Confirmed
521,40,965,2026-06-29,First Class,3F,3760.52,Confirmed
522,161,501,2025-11-27,Economy,24C,332.4,Completed
523,369,227,2025-08-09,Business,36B,1080.23,Completed
524,242,960,2025-10-27,Economy,35B,102.38,Confirmed
525,108,500,2026-04-03,Economy,19F,483.99,Completed
526,50,264,2026-02-06,Premium Economy,14F,1195.44,Completed
527,303,343,2026-07-09,Premium Economy,6D,824.73,Confirmed
528,16,53,2025-12-25,First Class,1D,2363.81,Completed
529,491,659,2025-11-28,Business,2C,262.24,Confirmed
530,228,247,2026-01-14,Economy,27F,238.73,Confirmed
531,30,731,2025-09-23,Premium Economy,34C,1399.43,Confirmed
532,292,475,2026-02-09,Economy,35E,599.0,Completed
533,203,492,2026-08-23,First Class,4E,4155.57,Confirmed
534,210,350,2026-09-09,Economy,20E,169.14,Confirmed
535,146,12,2026-01-29,Premium Economy,12B,619.12,Confirmed
536,57,982,2025-12-16,Business,40A,1528.6,Cancelled
537,487,825,2026-06-16,Economy,10A,572.29,Confirmed
538,22,650,2025-09-27,Economy,34C,512.08,Confirmed
539,296,786,2026-02-05,Economy,6A,886.45,Confirmed
540,417,512,2026-05-16,Economy,8C,127.2,Completed
541,442,307,2026-04-11,Economy,17C,928.85,Cancelled
542,449,341,2026-07-26,Business,15B,811.82,Cancelled
543,32,366,2026-08-23,Economy,7F,323.78,Completed
544,349,635,2026-08-04,First Class,32B,2502.41,Completed
545,61,423,2026-08-15,Economy,26A,632.46,Cancelled
546,309,182,2025-11-06,Premium Economy,21D,222.21,Cancelled
547,114,143,2025-10-15,Economy,6B,594.83,Confirmed
548,195,770,2026-12-04,Business,8C,552.52,Confirmed
549,312,774,2026-08-30,Economy,25F,559.27,Confirmed
550,55,811,2026-06-13,Economy,11D,178.95,Confirmed
551,56,196,2026-07-28,Business,25D,1759.85,Cancelled
552,209,665,2026-06-03,Premium Economy,7A,1204.95,Confirmed
553,445,881,2026-05-23,Business,5B,251.84,Confirmed
554,190,919,2026-06-11,Business,14F,1668.01,Completed
555,221,427,2026-07-05,Premium Economy,9F,569.83,Completed
556,148,672,2026-02-06,Premium Economy,15A,90.04,Confirmed
557,453,161,2026-02-04,Business,14B,1596.68,Confirmed
558,137,969,2026-03-15,Premium Economy,23E,779.37,Confirmed
559,240,464,2026-11-10,Premium Economy,4A,144.25,Completed
560,296,903,2026-04-02,Economy,35F,654.73,Confirmed
561,231,503,2025-11-19,Economy,29E,989.29,Confirmed
562,339,647,2026-05-21,Economy,12E,624.48,Cancelled
563,368,985,2026-07-07,Economy,29E,394.84,Confirmed
564,327,921,2026-03-06,Economy,19E,605.78,Confirmed
565,495,206,2026-02-17,Economy,3D,797.76,Cancelled
566,253,363,2025-11-30,Premium Economy,35A,410.82,Confirmed
567,436,170,2026-05-16,Economy,34A,337.24,Confirmed
568,199,386,2025-09-27,Economy,1B,371.16,Cancelled
569,135,123,2026-04-03,Economy,9C,947.09,Completed
570,23,958,2025-10-05,First Class,17E,2583.87,Confirmed
571,279,384,2026-01-23,First Class,7B,274.93,Completed
572,150,796,2026-02-17,First Class,39D,4005.13,Cancelled
573,147,266,2026-08-11,Economy,25B,408.92,Completed
574,454,932,2026-04-13,First Class,13E,2347.22,Confirmed
575,171,106,2026-02-11,Premium Economy,17A,133.18,Cancelled
576,191,465,2026-10-23,First Class,37C,1200.81,Confirmed
577,163,382,2025-10-15,First Class,27E,1691.86,Cancelled
578,109,571,2025-12-11,Economy,35F,1132.61,Cancelled
579,279,45,2026-04-06,Business,2D,1965.11,Confirmed
580,212,418,2026-07-05,Economy,4C,174.2,Confirmed
581,356,175,2026-02-25,Premium Economy,30D,955.73,Completed
582,413,216,2025-10-06,First Class,16D,4137.35,Completed
583,453,641,2026-02-22,Economy,13D,291.38,Confirmed
584,408,94,2026-04-28,Premium Economy,7F,1137.06,Completed
585,399,182,2025-11-15,Business,21F,1088.07,Confirmed
586,287,863,2026-11-11,First Class,36C,3966.9,Cancelled
587,175,505,2026-05-13,First Class,11E,2625.3,Cancelled
588,429,898,2026-05-01,Business,33C,2550.82,Cancelled
589,194,723,2026-04-11,Business,30B,179.9,Confirmed
590,288,71,2026-01-14,Economy,20C,532.12,Confirmed
591,283,214,2026-01-29,Economy,21B,231.6,Confirmed
592,275,30,2026-07-05,Economy,23E,264.64,Confirmed
593,182,199,2026-03-31,Economy,3C,365.67,Confirmed
594,355,142,2026-05-13,First Class,10E,1631.16,Confirmed
595,308,602,2026-07-20,Economy,9D,672.01,Cancelled
596,68,342,2026-03-27,Premium Economy,26F,902.71,Confirmed
597,436,467,2025-12-14,Economy,26D,509.1,Cancelled
598,302,796,2026-03-17,Economy,17E,489.39,Confirmed
599,117,431,2026-03-14,Business,25B,1860.39,Confirmed
600,223,986,2026-06-18,Economy,16F,197.35,Completed
601,337,124,2026-05-08,Business,11B,2654.31,Confirmed
602,214,657,2026-09-13,Premium Economy,2F,165.14,Completed
603,277,963,2025-12-14,Economy,3A,382.07,Confirmed
604,107,514,2026-09-17,First Class,2D,2460.47,Completed
605,184,921,2026-04-08,Business,9D,716.15,Confirmed
606,376,76,2025-12-03,Business,5C,962.35,Confirmed
607,143,15,2026-01-22,First Class,40F,444.36,Confirmed
608,275,155,2026-05-17,Business,21E,694.62,Confirmed
609,120,174,2026-10-13,Economy,11A,867.79,Confirmed
610,210,809,2025-09-10,Economy,25C,711.52,Cancelled
611,175,59,2025-10-09,First Class,6E,2670.23,Confirmed
612,65,880,2026-09-01,Premium Economy,39C,1387.91,Confirmed
613,371,55,2025-12-25,Economy,7F,429.21,Confirmed
614,305,761,2026-02-07,Business,12A,694.91,Confirmed
615,84,267,2026-05-06,Economy,19C,696.14,Cancelled
616,397,154,2026-04-07,Business,12E,1372.38,Confirmed
617,83,878,2026-08-06,First Class,3C,2515.7,Confirmed
618,360,56,2026-06-12,Business,18F,982.13,Confirmed
619,406,255,2026-04-16,Business,39B,2545.67,Confirmed
620,403,87,2025-09-24,Economy,32D,266.16,Confirmed
621,494,541,2026-02-28,Economy,29E,720.7,Cancelled
622,311,207,2026-02-07,First Class,20B,3948.47,Completed
623,425,840,2026-01-24,First Class,2F,3052.48,Cancelled
624,115,391,2026-02-05,Economy,10B,224.9,Completed
625,441,555,2026-06-06,First Class,1C,2435.52,Confirmed
626,124,311,2026-08-27,Business,12C,1944.39,Completed
627,451,645,2026-03-24,First Class,12A,3002.11,Confirmed
628,436,512,2026-07-29,Business,1E,508.04,Cancelled
629,436,470,2026-01-31,Premium Economy,6A,712.9,Confirmed
630,141,719,2026-09-03,First Class,30E,3971.21,Completed
631,426,892,2026-02-24,First Class,35D,2435.49,Completed
632,315,617,2025-12-24,Economy,26A,74.92,Confirmed
633,419,523,2026-02-06,Economy,18E,589.28,Confirmed
634,494,587,2026-04-22,Economy,16E,947.54,Confirmed
635,157,412,2026-04-14,Premium Economy,18C,1403.08,Confirmed
636,145,919,2026-04-22,Economy,39A,563.36,Confirmed
637,284,441,2026-02-01,Premium Economy,7B,1247.19,Confirmed
638,96,832,2026-01-02,Economy,34E,885.41,Confirmed
639,451,743,2026-05-18,Economy,39D,673.17,Confirmed
640,80,662,2026-07-07,Business,15B,819.76,Confirmed
641,337,404,2025-12-15,Business,20E,302.8,Confirmed
642,301,608,2026-09-28,Economy,21D,127.2,Confirmed
643,441,377,2025-09-14,Economy,14A,314.44,Confirmed
644,377,42,2026-02-01,Economy,24F,262.42,Completed
645,467,219,2026-01-20,Business,29E,2472.9,Cancelled
646,344,554,2026-05-14,Business,35C,1132.86,Confirmed
647,51,729,2026-01-15,Economy,6C,370.53,Cancelled
648,174,189,2026-05-05,Premium Economy,35F,305.34,Confirmed
649,251,647,2026-08-18,Business,27F,1539.04,Confirmed
650,10,444,2026-04-11,First Class,25A,634.48,Completed
651,420,762,2026-01-05,First Class,27B,1743.4,Confirmed
652,379,901,2026-02-01,Premium Economy,18C,1135.79,Confirmed
653,446,141,2026-04-28,Economy,25C,167.46,Confirmed
654,362,149,2025-12-11,Business,34E,2770.81,Confirmed
655,17,142,2026-05-27,Premium Economy,18F,356.15,Confirmed
656,370,200,2026-05-26,Business,22B,307.94,Confirmed
657,296,298,2026-07-06,Economy,31F,268.15,Confirmed
658,463,193,2025-12-26,Economy,37F,65.61,Confirmed
659,351,489,2025-10-25,First Class,9D,2708.28,Confirmed
660,234,625,2025-11-21,Premium Economy,8A,593.42,Completed
661,302,927,2026-09-23,Business,24C,1389.36,Cancelled
662,197,665,2026-05-21,Economy,31F,916.65,Cancelled
663,96,522,2025-12-19,Economy,28E,782.26,Confirmed
664,52,450,2026-08-12,Economy,23F,487.3,Confirmed
665,157,972,2025-12-13,First Class,20F,510.67,Confirmed
666,61,412,2026-08-12,Economy,21E,295.53,Confirmed
667,451,742,2026-01-31,Premium Economy,6A,766.9,Completed
668,186,50,2026-02-22,Economy,6A,480.61,Confirmed
669,499,767,2025-11-30,Economy,13A,509.4,Confirmed
670,321,528,2026-06-15,Premium Economy,25B,949.35,Completed
671,131,484,2026-11-04,Premium Economy,5F,664.43,Cancelled
672,159,981,2026-05-04,Economy,18B,917.94,Confirmed
673,247,911,2026-04-01,Economy,7C,877.05,Cancelled
674,418,177,2026-07-13,First Class,5A,1091.71,Confirmed
675,136,232,2026-06-17,Premium Economy,36F,339.81,Cancelled
676,213,420,2026-04-02,Economy,37B,714.65,Confirmed
677,424,847,2026-05-25,Economy,10C,664.67,Completed
678,260,146,2026-05-01,Business,9A,2095.03,Completed
679,439,502,2026-06-19,Business,35F,2245.08,Confirmed
680,498,695,2026-06-30,Business,26C,888.3,Confirmed
681,121,65,2026-05-24,Economy,29E,160.49,Completed
682,345,213,2025-10-26,Economy,40C,67.85,Confirmed
683,318,211,2026-01-05,Premium Economy,27E,667.64,Completed
684,349,141,2026-07-23,Business,4D,735.54,Confirmed
685,171,545,2025-08-04,Economy,12F,97.69,Confirmed
686,363,568,2026-04-13,First Class,30D,372.36,Confirmed
687,164,228,2026-04-13,Economy,12E,1060.04,Confirmed
688,75,85,2025-11-19,Business,31A,2356.37,Confirmed
689,308,619,2026-07-09,Economy,40D,87.1,Confirmed
690,15,461,2026-07-30,First Class,36F,1540.12,Confirmed
691,441,589,2026-04-21,First Class,20E,638.89,Cancelled
692,327,919,2026-03-27,First Class,39F,3759.68,Cancelled
693,77,146,2026-06-09,Economy,20D,616.92,Completed
694,204,78,2025-11-09,First Class,36F,264.29,Confirmed
695,77,95,2025-10-23,Business,31C,607.95,Confirmed
696,66,477,2026-04-20,Economy,39F,259.08,Confirmed
697,395,557,2026-07-11,First Class,33E,3063.77,Confirmed
698,330,449,2025-09-18,Premium Economy,32D,1205.6,Completed
699,161,500,2026-03-20,Economy,20D,586.09,Confirmed
700,162,935,2025-09-06,First Class,5B,3477.04,Confirmed
701,145,912,2026-01-19,Economy,30B,714.9,Confirmed
702,296,639,2026-03-02,Business,10B,1205.51,Cancelled
703,156,448,2026-07-24,First Class,10B,3079.81,Confirmed
704,153,846,2026-10-16,First Class,34F,2772.25,Cancelled
705,25,332,2026-04-09,Economy,39A,418.98,Cancelled
706,64,387,2026-08-23,Premium Economy,11D,1168.21,Confirmed
707,29,208,2026-08-03,First Class,14A,1218.26,Cancelled
708,208,47,2025-09-07,Premium Economy,16B,373.28,Completed
709,30,836,2025-08-29,Premium Economy,38B,462.42,Confirmed
710,116,65,2026-05-26,Economy,24D,103.07,Confirmed
711,445,414,2026-04-28,First Class,26E,3034.62,Confirmed
712,378,850,2026-04-14,Premium Economy,1B,1085.75,Completed
713,304,851,2025-09-25,Economy,11A,325.09,Confirmed
714,254,144,2026-03-02,Economy,36C,312.17,Cancelled
715,302,391,2025-12-01,First Class,1A,3376.84,Confirmed
716,219,945,2026-03-13,Business,28F,537.7,Confirmed
717,60,968,2026-09-26,Economy,8F,1079.84,Confirmed
718,205,435,2025-10-03,Business,38A,310.28,Completed
719,386,984,2026-01-16,Economy,33D,148.96,Cancelled
720,227,327,2026-02-18,Premium Economy,15D,79.03,Completed
721,215,227,2026-02-04,Economy,37B,912.7,Confirmed
722,201,444,2026-07-28,Business,36A,1766.99,Confirmed
723,458,254,2026-10-25,Economy,38A,1084.87,Confirmed
724,391,207,2025-12-08,Economy,1C,264.17,Confirmed
725,271,936,2025-11-18,Economy,25F,60.45,Confirmed
726,455,41,2025-08-22,Premium Economy,31A,1171.45,Confirmed
727,2,12,2025-11-01,Premium Economy,28D,1003.36,Confirmed
728,66,675,2026-06-16,Business,13A,665.3,Completed
729,211,493,2026-05-18,Economy,31D,277.22,Confirmed
730,27,14,2026-01-08,Premium Economy,33B,671.19,Completed
731,480,356,2026-03-14,Economy,8E,947.4,Completed
732,23,774,2026-09-17,Premium Economy,26F,1026.71,Confirmed
733,453,513,2026-05-09,Business,15D,2451.06,Cancelled
734,218,998,2025-09-28,Business,19E,1059.62,Completed
735,472,24,2025-08-22,Business,30B,1055.42,Confirmed
736,484,302,2025-12-22,Economy,33D,330.84,Completed
737,266,140,2026-06-14,Economy,27E,901.73,Confirmed
738,137,2,2026-03-15,Business,17D,1783.54,Confirmed
739,110,313,2026-08-27,Economy,29F,240.74,Confirmed
740,279,674,2026-08-22,Economy,3A,331.84,Confirmed
741,77,961,2026-05-03,Premium Economy,39F,753.4,Confirmed
742,219,304,2026-07-24,Premium Economy,27E,266.19,Cancelled
743,400,6,2026-02-19,Business,34F,1421.5,Completed
744,77,327,2026-01-22,Economy,20D,760.93,Confirmed
745,179,592,2025-10-13,First Class,31D,3576.38,Confirmed
746,392,199,2026-05-05,Economy,20B,284.64,Confirmed
747,377,6,2026-04-02,Business,21D,1232.87,Confirmed
748,112,243,2026-05-18,First Class,13D,3971.42,Completed
749,321,868,2026-06-03,Economy,20F,828.23,Cancelled
750,400,137,2026-01-11,Premium Economy,14F,1247.61,Completed
751,89,610,2026-03-28,Economy,27D,211.08,Confirmed
752,456,172,2026-01-22,Economy,4F,70.79,Confirmed
753,27,36,2025-10-24,Economy,9B,868.72,Completed
754,57,547,2025-09-15,Premium Economy,1A,707.08,Completed
755,64,390,2026-02-13,Economy,15D,184.61,Confirmed
756,284,268,2026-06-27,Economy,11A,541.34,Completed
757,142,364,2026-02-28,First Class,21C,331.55,Completed
758,221,431,2025-11-02,Economy,35E,734.83,Cancelled
759,390,858,2025-12-11,Economy,3B,380.89,Confirmed
760,436,62,2026-02-05,Economy,4D,730.71,Confirmed
761,463,59,2026-03-05,Economy,30C,577.0,Confirmed
762,51,252,2026-08-28,First Class,5E,1871.16,Confirmed
763,216,569,2026-03-24,Economy,2D,985.94,Cancelled
764,43,475,2025-09-30,Premium Economy,18C,437.66,Confirmed
765,93,435,2025-09-03,Business,3A,1147.3,Completed
766,255,380,2025-12-17,First Class,10E,1801.4,Confirmed
767,244,42,2026-03-06,Business,8D,899.23,Confirmed
768,278,287,2026-02-27,Economy,31B,355.76,Cancelled
769,215,327,2026-02-11,Premium Economy,17C,886.88,Confirmed
770,190,243,2026-06-06,Business,12C,2364.65,Cancelled
771,189,783,2026-04-01,Economy,12D,630.72,Confirmed
772,107,142,2026-04-02,Economy,19C,120.2,Completed
773,228,742,2025-11-23,Premium Economy,15B,678.34,Cancelled
774,31,154,2026-01-28,Economy,39B,467.98,Completed
775,12,310,2026-04-07,Economy,38E,922.19,Completed
776,265,11,2025-10-08,Premium Economy,36B,1059.83,Confirmed
777,438,753,2026-04-04,First Class,40D,505.48,Completed
778,392,597,2026-02-09,First Class,37A,3593.84,Confirmed
779,62,405,2026-05-17,Economy,10A,839.86,Confirmed
780,245,480,2025-10-31,Economy,7C,939.95,Completed
781,65,606,2025-10-30,Premium Economy,7B,904.55,Confirmed
782,274,271,2025-09-25,Economy,39B,634.22,Cancelled
783,51,391,2025-10-31,Economy,31B,194.73,Confirmed
784,24,901,2026-01-21,Economy,6D,787.43,Completed
785,157,137,2025-11-13,First Class,34E,2262.32,Cancelled
786,69,395,2026-03-09,Economy,29D,388.11,Cancelled
787,242,25,2026-08-21,Economy,22C,924.1,Confirmed
788,345,39,2026-07-11,First Class,22C,2572.42,Completed
789,396,270,2026-11-14,Premium Economy,6B,848.23,Cancelled
790,445,442,2026-10-19,Economy,40F,951.03,Confirmed
791,176,952,2025-12-11,First Class,16D,2928.87,Confirmed
792,455,952,2026-02-13,Economy,20A,775.21,Cancelled
793,470,983,2025-12-21,Economy,21D,878.17,Completed
794,54,665,2026-05-03,Premium Economy,7A,1027.58,Confirmed
795,330,975,2026-01-14,Economy,30E,772.39,Confirmed
796,168,194,2025-11-08,Business,32A,1665.8,Cancelled
797,443,558,2026-07-06,First Class,39B,2894.14,Confirmed
798,287,833,2026-01-27,Economy,40B,524.29,Confirmed
799,205,738,2026-03-29,Economy,40D,686.77,Completed
800,19,353,2026-08-13,First Class,31C,2715.55,Cancelled
801,299,505,2026-05-04,Economy,16E,562.11,Confirmed
802,121,696,2026-01-30,First Class,1E,2110.82,Confirmed
803,399,47,2025-08-02,First Class,19F,3682.2,Confirmed
804,397,953,2025-12-30,First Class,11A,4400.93,Cancelled
805,293,288,2026-01-06,Economy,21D,839.64,Confirmed
806,478,920,2025-10-21,Economy,25D,289.9,Cancelled
807,19,781,2026-12-05,Economy,12A,112.61,Confirmed
808,352,806,2025-07-25,Economy,31B,998.68,Confirmed
809,369,66,2026-05-07,Premium Economy,10F,503.31,Completed
810,103,185,2026-02-25,Economy,13B,521.94,Completed
811,9,820,2025-10-17,Economy,14A,425.0,Confirmed
812,250,853,2026-06-23,First Class,25F,3603.72,Confirmed
813,328,249,2026-01-12,Business,18D,270.95,Confirmed
814,177,516,2025-08-07,Economy,40D,773.5,Completed
815,465,912,2025-11-12,Economy,23D,602.01,Cancelled
816,33,11,2025-08-31,Business,34A,2153.58,Confirmed
817,477,380,2025-10-18,Premium Economy,37F,123.87,Confirmed
818,99,923,2026-07-24,Economy,15D,112.65,Confirmed
819,171,881,2026-04-12,Business,33D,2705.75,Confirmed
820,315,513,2025-12-05,First Class,7F,2583.11,Confirmed
821,213,621,2025-07-21,First Class,12D,3945.83,Confirmed
822,232,998,2025-08-04,First Class,15A,2850.47,Confirmed
823,496,339,2026-06-28,First Class,25B,3943.86,Cancelled
824,51,569,2026-04-23,Economy,35A,61.81,Confirmed
825,97,927,2026-07-21,Business,33E,1783.89,Completed
826,16,27,2026-04-02,Economy,19E,146.94,Cancelled
827,338,697,2026-08-01,Business,17E,2589.25,Confirmed
828,114,836,2025-12-03,Business,34A,1942.73,Cancelled
829,454,642,2025-12-18,Economy,31E,832.52,Confirmed
830,24,113,2026-06-12,Premium Economy,40A,1089.24,Completed
831,368,277,2026-04-07,First Class,6C,2017.81,Cancelled
832,115,964,2025-11-29,First Class,29C,352.88,Confirmed
833,458,238,2025-11-17,Premium Economy,31D,445.18,Confirmed
834,103,869,2026-05-25,Premium Economy,34E,462.58,Confirmed
835,415,198,2025-09-28,First Class,18A,1558.58,Confirmed
836,93,952,2025-12-17,Business,2C,2655.62,Confirmed
837,2,264,2025-12-05,Economy,18D,362.31,Cancelled
838,412,726,2026-02-09,Business,4A,1582.11,Completed
839,331,693,2026-08-28,Business,20A,1929.09,Confirmed
840,150,983,2026-05-03,Economy,35E,84.82,Completed
841,97,207,2026-05-20,Economy,29C,880.98,Confirmed
842,276,383,2026-02-21,Premium Economy,24D,183.46,Cancelled
843,324,12,2025-09-28,Economy,37F,421.46,Confirmed
844,247,100,2026-05-08,Economy,23A,820.0,Cancelled
845,479,62,2025-11-15,Premium Economy,10B,924.54,Completed
846,437,102,2026-04-18,Economy,35A,52.77,Completed
847,334,456,2025-11-01,Economy,23A,890.47,Completed
848,191,729,2026-04-22,Economy,21A,221.57,Confirmed
849,62,373,2026-06-22,Business,22B,1419.32,Completed
850,497,815,2026-07-24,Economy,33E,164.18,Confirmed
851,155,241,2026-08-11,First Class,8A,2983.55,Confirmed
852,127,182,2025-11-21,Business,17A,1968.52,Confirmed
853,500,680,2026-09-21,Economy,31F,809.59,Completed
854,91,344,2026-02-05,Premium Economy,21F,883.43,Confirmed
855,245,794,2026-02-26,Economy,15A,176.49,Completed
856,171,428,2026-04-09,Business,25C,2354.18,Confirmed
857,380,396,2026-06-26,Economy,35C,408.4,Confirmed
858,222,661,2025-12-30,Economy,17E,264.86,Confirmed
859,474,274,2026-10-29,Economy,1E,572.04,Confirmed
860,173,979,2026-02-04,Premium Economy,1D,843.34,Confirmed
861,100,241,2026-11-22,Business,5E,1819.3,Cancelled
862,133,537,2026-07-30,Premium Economy,12B,940.79,Completed
863,193,970,2025-10-10,Business,26A,1679.43,Confirmed
864,2,664,2026-07-14,Economy,9C,764.82,Confirmed
865,493,718,2025-12-28,Business,23E,1063.24,Cancelled
866,20,556,2026-03-12,Economy,38B,89.41,Confirmed
867,302,28,2026-07-13,First Class,27F,3525.03,Confirmed
868,198,19,2026-09-29,Economy,37E,860.91,Cancelled
869,382,521,2026-11-09,Premium Economy,21D,991.18,Confirmed
870,317,871,2026-07-12,Economy,21C,624.76,Cancelled
871,464,486,2026-10-01,Business,10B,1298.93,Cancelled
872,293,246,2026-03-18,First Class,24C,1172.4,Confirmed
873,408,854,2025-09-22,Business,7F,1067.76,Completed
874,91,652,2025-09-15,Economy,1B,201.28,Cancelled
875,403,915,2025-12-13,First Class,25D,1264.99,Confirmed
876,121,150,2025-11-25,First Class,11C,1124.14,Completed
877,64,497,2026-03-11,First Class,12A,811.05,Completed
878,463,904,2025-12-02,First Class,18C,3336.02,Confirmed
879,367,175,2026-04-08,Economy,28F,783.28,Completed
880,268,609,2026-09-24,First Class,9C,2587.93,Confirmed
881,159,296,2026-01-23,Economy,30D,647.52,Confirmed
882,196,513,2026-03-31,Economy,29B,990.39,Confirmed
883,482,636,2026-02-09,Economy,20A,919.49,Confirmed
884,66,643,2026-04-19,First Class,40D,2931.08,Confirmed
885,358,638,2026-02-07,Premium Economy,19A,360.32,Completed
886,392,999,2025-11-30,Economy,18B,238.01,Completed
887,114,460,2026-03-07,First Class,33D,2189.48,Confirmed
888,254,800,2025-08-23,Premium Economy,33E,1428.21,Confirmed
889,155,599,2026-09-08,Economy,40E,817.47,Confirmed
890,414,310,2026-02-27,Economy,14D,580.2,Confirmed
891,445,288,2026-01-31,Business,1B,2259.19,Confirmed
892,17,485,2026-03-16,Economy,8B,442.04,Completed
893,210,173,2025-12-15,Business,38A,1707.68,Cancelled
894,488,961,2026-07-11,Premium Economy,1E,742.62,Confirmed
895,160,651,2026-05-26,Economy,10A,61.76,Completed
896,83,716,2026-01-10,Business,10F,830.22,Completed
897,12,532,2026-05-10,Economy,31A,959.37,Completed
898,69,119,2026-12-07,Economy,36F,267.21,Confirmed
899,437,786,2026-04-20,Business,5D,844.92,Cancelled
900,317,621,2025-11-02,Premium Economy,2D,772.22,Confirmed
901,454,498,2026-01-17,Economy,29E,756.91,Confirmed
902,35,547,2025-11-29,Economy,1B,195.02,Completed
903,206,391,2025-11-23,First Class,38C,2258.15,Confirmed
904,485,999,2025-11-09,Economy,35A,642.86,Confirmed
905,350,65,2026-01-16,Economy,35F,243.06,Cancelled
906,390,644,2025-11-11,First Class,3D,1196.88,Confirmed
907,155,441,2026-05-08,Economy,12B,932.92,Cancelled
908,244,186,2026-08-24,First Class,7D,2685.14,Confirmed
909,400,608,2026-07-25,Business,31E,1796.47,Completed
910,43,777,2026-06-14,Premium Economy,38B,1134.08,Confirmed
911,454,852,2026-05-04,Business,5C,1496.49,Cancelled
912,9,974,2026-02-04,Economy,7F,236.01,Confirmed
913,390,612,2026-08-04,Economy,7D,722.07,Confirmed
914,476,387,2026-04-20,Economy,28F,663.87,Confirmed
915,438,127,2026-11-27,Economy,37D,749.43,Completed
916,58,648,2026-04-04,Economy,27E,380.36,Confirmed
917,120,529,2026-07-13,Economy,14B,470.15,Cancelled
918,395,607,2026-04-15,Premium Economy,5C,354.79,Completed
919,441,631,2026-01-26,Premium Economy,1A,1228.49,Confirmed
920,41,975,2026-03-24,Economy,28D,259.03,Confirmed
921,30,663,2025-10-27,First Class,17D,1127.52,Completed
922,342,402,2026-09-04,Economy,10C,711.74,Completed
923,164,759,2026-08-30,Economy,18A,142.63,Cancelled
924,370,554,2026-09-13,Premium Economy,2C,385.2,Confirmed
925,10,353,2026-10-27,Economy,14B,353.1,Cancelled
926,494,136,2026-05-27,Premium Economy,34B,598.39,Confirmed
927,35,618,2025-09-08,Premium Economy,23E,1346.55,Cancelled
928,111,559,2026-03-12,Business,27D,1823.47,Confirmed
929,342,464,2026-09-06,Premium Economy,14B,415.35,Confirmed
930,63,172,2025-11-13,Economy,25A,860.42,Confirmed
931,366,659,2025-08-29,Economy,28D,894.7,Confirmed
932,243,357,2026-01-04,First Class,21F,2395.77,Cancelled
933,192,357,2025-10-30,Economy,5C,563.9,Confirmed
934,86,48,2026-07-08,Economy,36B,284.37,Confirmed
935,438,665,2026-04-09,Economy,13B,1048.78,Confirmed
936,84,578,2026-08-16,Business,28F,621.18,Cancelled
937,449,880,2026-06-18,Business,9B,524.45,Confirmed
938,382,827,2026-04-25,Economy,6D,63.45,Confirmed
939,292,974,2026-03-24,Premium Economy,35F,924.87,Confirmed
940,178,39,2026-08-04,First Class,32F,3960.76,Confirmed
941,37,68,2026-08-15,First Class,15A,2324.12,Completed
942,240,792,2026-05-26,Economy,19C,271.55,Completed
943,38,114,2026-04-07,Business,10E,2486.13,Confirmed
944,119,616,2026-10-14,Business,27C,1507.38,Confirmed
945,327,187,2025-10-23,Economy,10D,668.59,Cancelled
946,116,715,2026-02-21,Economy,16F,519.73,Cancelled
947,442,917,2026-04-26,First Class,15F,345.4,Completed
948,172,22,2026-05-24,Economy,1F,309.47,Confirmed
949,407,609,2026-06-17,First Class,8B,3220.01,Confirmed
950,372,712,2026-09-08,Premium Economy,5E,184.44,Confirmed
951,362,618,2025-11-09,Economy,6E,854.5,Confirmed
952,234,774,2026-09-20,Economy,5C,386.82,Confirmed
953,144,322,2025-10-07,First Class,2D,234.54,Confirmed
954,156,436,2026-09-26,Business,40C,212.65,Confirmed
955,233,45,2025-12-26,Business,33F,656.88,Confirmed
956,227,782,2025-08-15,Economy,33B,266.53,Cancelled
957,277,385,2025-10-07,Business,1C,1870.59,Confirmed
958,115,760,2025-12-02,Business,30E,1300.62,Confirmed
959,3,305,2026-05-28,Premium Economy,38E,892.69,Confirmed
960,48,295,2026-08-04,Economy,31F,842.11,Confirmed
961,219,814,2025-10-26,Economy,29C,769.68,Completed
962,87,729,2025-12-27,First Class,16E,3147.17,Completed
963,294,122,2026-01-05,Economy,40E,840.74,Confirmed
964,208,852,2026-03-09,Economy,17E,193.21,Confirmed
965,481,924,2026-01-25,Economy,24F,217.63,Completed
966,22,660,2026-03-09,Economy,20A,152.33,Confirmed
967,35,737,2026-03-25,Economy,34A,602.91,Cancelled
968,370,950,2026-06-12,Economy,7B,520.54,Cancelled
969,257,307,2025-11-24,First Class,12B,586.95,Completed
970,193,422,2025-11-04,Premium Economy,1E,625.64,Confirmed
971,177,398,2025-09-15,Business,4A,2480.64,Cancelled
972,149,952,2026-03-28,Business,35D,2307.78,Confirmed
973,90,138,2026-04-02,Premium Economy,12F,1222.36,Confirmed
974,485,938,2026-06-05,Economy,16E,135.62,Confirmed
975,243,451,2026-01-08,Premium Economy,2A,302.44,Confirmed
976,282,603,2026-06-28,First Class,7B,3471.3,Confirmed
977,179,126,2026-08-27,Business,19E,1208.26,Confirmed
978,26,252,2026-10-01,Economy,13E,911.51,Completed
979,49,344,2026-03-24,Economy,2C,341.18,Confirmed
980,144,511,2026-05-27,First Class,15E,3507.56,Confirmed
981,197,370,2026-05-21,Business,38B,673.9,Confirmed
982,372,61,2025-10-14,Premium Economy,28D,1055.3,Confirmed
983,345,30,2026-02-18,First Class,24E,3461.17,Confirmed
984,131,988,2025-12-25,Premium Economy,11D,1353.4,Confirmed
985,208,143,2025-10-07,Economy,37B,278.68,Completed
986,322,301,2025-11-17,First Class,11E,2238.13,Confirmed
987,358,158,2025-09-17,Business,5C,1576.15,Completed
988,319,905,2026-03-04,Economy,16E,915.29,Completed
989,262,431,2025-11-24,Economy,35E,1076.8,Cancelled
990,189,225,2026-06-18,Economy,10D,596.0,Confirmed
991,118,428,2026-05-14,Economy,9F,371.0,Confirmed
992,222,706,2026-02-18,Economy,22C,853.42,Confirmed
993,217,192,2026-03-31,Economy,23D,260.95,Confirmed
994,60,27,2026-02-16,Business,24E,421.04,Confirmed
995,372,404,2025-11-17,Economy,31E,602.35,Confirmed
996,75,798,2026-04-09,Economy,18A,264.64,Confirmed
997,82,584,2025-11-25,Economy,32B,426.84,Confirmed
998,462,507,2026-08-07,Economy,28F,131.42,Confirmed
999,47,664,2026-09-23,Economy,10A,1033.22,Confirmed
1000,411,397,2026-11-12,Economy,32E,275.74,Completed
1001,152,740,2025-11-20,First Class,29E,623.32,Confirmed
1002,133,699,2026-01-07,Economy,24E,627.83,Confirmed
1003,278,289,2026-04-27,Premium Economy,39E,606.93,Cancelled
1004,442,927,2026-10-23,Economy,34D,781.94,Confirmed
1005,487,560,2026-01-04,Economy,2D,1052.01,Confirmed
1006,383,529,2026-07-24,Economy,5A,769.01,Cancelled
1007,66,732,2025-12-11,First Class,37D,197.02,Confirmed
1008,423,183,2026-01-09,Economy,33B,322.95,Cancelled
1009,176,370,2026-07-05,First Class,18E,3540.8,Confirmed
1010,385,662,2026-03-13,Economy,14E,701.67,Confirmed
1011,428,415,2025-12-10,Economy,2D,540.16,Completed
1012,256,537,2026-05-16,Premium Economy,21C,726.01,Cancelled
1013,316,935,2025-08-21,Economy,28A,597.96,Confirmed
1014,100,130,2026-09-02,First Class,20F,3206.06,Cancelled
1015,98,657,2026-07-30,Business,19D,736.3,Confirmed
1016,328,944,2026-07-16,Economy,4D,435.38,Completed
1017,45,62,2026-03-04,Premium Economy,28A,707.83,Confirmed
1018,335,773,2026-10-16,Economy,16F,470.91,Cancelled
1019,61,601,2026-10-16,Business,10F,1714.48,Completed
1020,150,87,2025-09-03,Economy,19D,731.54,Confirmed
1021,176,495,2026-10-04,First Class,31A,4003.18,Confirmed
1022,422,903,2026-04-05,Premium Economy,5C,1470.28,Cancelled
1023,223,605,2026-01-13,Economy,16A,483.87,Confirmed
1024,190,968,2026-06-23,Economy,24B,288.23,Cancelled
1025,176,484,2026-08-18,First Class,3B,2239.68,Cancelled
1026,164,308,2026-05-27,Economy,30E,987.17,Confirmed
1027,192,411,2026-02-09,Economy,7A,560.11,Confirmed
1028,27,561,2025-12-23,Economy,20E,165.16,Completed
1029,202,360,2026-04-06,Economy,39D,557.28,Completed
1030,442,185,2026-04-21,Economy,2F,817.56,Confirmed
1031,99,580,2026-11-04,Premium Economy,14D,611.9,Cancelled
1032,29,762,2026-04-04,Premium Economy,11C,1377.39,Confirmed
1033,226,338,2025-10-01,Economy,31E,710.25,Cancelled
1034,362,253,2025-10-12,Business,10E,536.86,Confirmed
1035,356,175,2026-02-12,Business,35C,288.23,Cancelled
1036,358,502,2026-09-07,Economy,25C,466.81,Completed
1037,289,261,2026-05-26,Economy,26B,688.72,Confirmed
1038,62,795,2026-07-10,Premium Economy,19F,575.03,Confirmed
1039,365,676,2026-08-06,Business,11D,247.05,Confirmed
1040,175,961,2026-07-02,Business,40E,1943.97,Confirmed
1041,124,220,2026-09-12,Business,28E,2209.16,Completed
1042,355,178,2025-10-26,Economy,5E,202.01,Cancelled
1043,481,273,2025-08-28,Business,8F,405.46,Cancelled
1044,132,793,2025-12-15,Economy,4D,87.64,Cancelled
1045,421,476,2025-12-17,Premium Economy,37F,1223.67,Confirmed
1046,401,85,2026-01-20,Economy,1B,713.04,Confirmed
1047,108,761,2026-05-06,Economy,39F,860.04,Confirmed
1048,160,131,2026-08-26,Premium Economy,2B,473.58,Confirmed
1049,257,832,2026-04-11,First Class,39A,2394.18,Cancelled
1050,110,454,2026-04-27,First Class,34B,463.84,Confirmed
1051,497,332,2026-04-09,Business,22A,2359.06,Completed
1052,204,391,2025-12-05,First Class,17A,652.72,Confirmed
1053,93,872,2026-03-05,Economy,40A,210.01,Cancelled
1054,52,758,2026-09-23,Economy,9F,122.81,Completed
1055,219,247,2025-09-29,Economy,18F,848.4,Confirmed
1056,280,984,2025-11-09,Premium Economy,13E,379.51,Confirmed
1057,312,680,2026-06-09,Business,8D,1868.05,Confirmed
1058,114,10,2026-07-16,Economy,17B,950.98,Confirmed
1059,240,805,2026-08-07,Business,6A,481.88,Confirmed
1060,214,4,2026-05-29,Economy,28F,224.18,Confirmed
1061,370,105,2026-05-31,Economy,14B,312.05,Completed
1062,137,827,2026-04-08,Premium Economy,27D,256.59,Confirmed
1063,351,100,2026-08-17,First Class,31C,3431.02,Completed
1064,354,149,2026-02-12,Economy,33B,150.43,Completed
1065,92,137,2025-12-13,Premium Economy,29E,1200.28,Confirmed
1066,324,264,2025-10-16,Economy,10E,441.33,Confirmed
1067,262,932,2026-07-20,Business,16D,1925.97,Cancelled
1068,46,368,2026-04-10,Economy,40A,821.9,Cancelled
1069,142,764,2026-05-11,Business,32E,1162.61,Confirmed
1070,206,541,2026-05-09,Economy,22D,208.45,Completed
1071,406,105,2026-07-11,Economy,26E,428.75,Confirmed
1072,21,989,2026-03-01,Economy,14E,749.96,Cancelled
1073,486,442,2026-08-06,Premium Economy,36A,813.12,Confirmed
1074,244,816,2026-04-14,Economy,17B,110.32,Confirmed
1075,307,719,2026-04-27,Economy,3E,376.76,Confirmed
1076,222,36,2025-10-07,First Class,19F,614.33,Confirmed
1077,288,426,2026-02-08,Premium Economy,9B,1077.26,Completed
1078,235,682,2026-05-26,Economy,20C,897.46,Completed
1079,239,136,2026-03-28,Economy,40F,523.69,Confirmed
1080,283,210,2026-07-22,First Class,31D,2227.88,Completed
1081,113,613,2025-10-07,Economy,4D,609.59,Confirmed
1082,109,186,2026-06-24,First Class,12C,3885.16,Confirmed
1083,138,770,2026-09-16,Premium Economy,11A,1148.79,Confirmed
1084,474,903,2026-05-26,First Class,8C,3098.6,Confirmed
1085,54,341,2026-07-25,First Class,29D,4155.21,Confirmed
1086,138,152,2025-11-07,First Class,8D,2982.43,Completed
1087,300,715,2025-12-08,Economy,9A,797.17,Confirmed
1088,317,218,2026-02-01,Economy,33F,870.19,Confirmed
1089,428,898,2026-04-11,First Class,21E,251.82,Confirmed
1090,338,889,2026-06-15,Economy,12E,644.54,Confirmed
1091,7,470,2025-12-05,Economy,8F,671.18,Completed
1092,298,626,2025-12-16,Premium Economy,26A,592.16,Completed
1093,158,546,2026-08-16,Economy,4D,587.99,Confirmed
1094,371,910,2026-06-15,Economy,19C,215.08,Confirmed
1095,458,318,2025-12-17,Economy,10C,88.06,Confirmed
1096,348,577,2026-04-21,Economy,25E,459.1,Cancelled
1097,150,482,2026-07-05,Economy,3B,660.82,Completed
1098,448,674,2026-07-04,First Class,26D,1686.79,Completed
1099,488,733,2026-04-13,Premium Economy,35A,965.79,Completed
1100,287,336,2026-03-14,Economy,10B,630.74,Confirmed
1101,273,126,2026-05-08,Business,39F,2455.49,Completed
1102,134,963,2025-09-12,Premium Economy,37D,696.75,Confirmed
1103,203,509,2026-09-07,Economy,27B,299.65,Completed
1104,5,883,2026-06-08,Business,14B,2426.29,Confirmed
1105,185,610,2026-03-31,Economy,27E,376.88,Cancelled
1106,375,124,2026-06-29,Economy,8E,325.58,Completed
1107,360,269,2026-02-04,Economy,7B,925.57,Confirmed
1108,82,897,2026-02-22,Economy,6B,315.43,Completed
1109,96,43,2025-09-04,Economy,20E,658.04,Cancelled
1110,447,265,2026-04-25,Economy,13F,397.59,Confirmed
1111,20,356,2026-05-01,First Class,22E,3163.5,Confirmed
1112,137,548,2026-04-15,First Class,15B,3952.61,Confirmed
1113,156,286,2026-02-16,Economy,14D,851.4,Confirmed
1114,153,735,2026-10-06,Economy,22B,579.18,Confirmed
1115,248,682,2026-02-16,Business,34A,2214.93,Completed
1116,326,98,2026-10-04,Economy,31F,1047.29,Cancelled
1117,76,840,2026-02-17,Economy,38D,124.45,Confirmed
1118,205,147,2026-01-30,Economy,15D,928.69,Completed
1119,112,63,2026-07-24,Business,36B,2321.9,Confirmed
1120,384,453,2026-10-18,Economy,11E,786.55,Confirmed
1121,347,495,2026-10-02,Business,24E,2208.49,Completed
1122,165,709,2026-07-17,Economy,40B,1102.46,Confirmed
1123,355,375,2025-10-26,Economy,20B,888.89,Completed
1124,453,484,2026-11-16,Economy,25F,671.6,Confirmed
1125,474,840,2025-12-17,First Class,20E,2182.95,Confirmed
1126,303,452,2026-04-07,Premium Economy,10D,976.4,Confirmed
1127,200,734,2026-04-18,Economy,2E,126.68,Completed
1128,200,385,2025-08-30,Business,13D,718.88,Confirmed
1129,48,866,2026-09-02,Economy,31A,925.45,Completed
1130,217,547,2025-12-18,Business,17F,367.18,Confirmed
1131,464,373,2026-10-14,First Class,18D,3714.61,Confirmed
1132,210,128,2026-07-21,Economy,11D,605.02,Confirmed
1133,150,377,2025-10-11,Economy,38C,540.55,Cancelled
1134,370,844,2025-12-22,First Class,4C,3100.75,Cancelled
1135,181,364,2026-06-28,Economy,6D,813.42,Cancelled
1136,429,974,2026-02-20,Premium Economy,38E,1120.47,Confirmed
1137,353,884,2026-03-26,Economy,20A,560.41,Completed
1138,118,902,2025-12-04,Business,16C,409.58,Confirmed
1139,241,905,2026-03-10,Economy,12A,906.84,Confirmed
1140,98,618,2026-02-01,First Class,11D,3932.59,Confirmed
1141,16,598,2025-08-10,Economy,38E,544.42,Confirmed
1142,430,322,2025-11-27,Premium Economy,39C,280.81,Completed
1143,269,494,2025-11-12,Premium Economy,29E,1056.78,Confirmed
1144,304,103,2026-02-06,First Class,39A,2665.28,Confirmed
1145,122,195,2025-12-29,First Class,33B,456.37,Confirmed
1146,81,350,2026-05-07,Premium Economy,35E,90.37,Cancelled
1147,436,77,2025-10-09,Economy,25D,909.1,Completed
1148,183,492,2026-08-01,Business,32A,467.45,Confirmed
1149,230,710,2026-10-08,Economy,5D,793.8,Confirmed
1150,396,626,2026-05-09,Economy,10D,967.15,Confirmed
1151,100,725,2026-10-14,Business,7A,1222.3,Confirmed
1152,303,36,2025-10-25,Economy,8D,752.31,Cancelled
1153,466,351,2026-07-13,Economy,17B,127.75,Confirmed
1154,26,577,2026-06-19,First Class,21F,2753.46,Completed
1155,83,571,2025-12-05,Economy,18E,899.79,Confirmed
1156,147,746,2026-07-01,Business,30E,2109.21,Confirmed
1157,262,983,2026-05-22,First Class,36D,2712.66,Cancelled
1158,192,63,2026-06-04,Economy,40A,644.6,Confirmed
1159,318,91,2026-08-16,Premium Economy,30B,1252.36,Confirmed
1160,335,656,2026-05-25,Business,24A,2086.99,Completed
1161,112,553,2026-05-04,First Class,20B,3033.61,Confirmed
1162,27,678,2026-04-16,Premium Economy,25E,1189.65,Completed
1163,98,242,2026-08-23,First Class,30A,1849.51,Cancelled
1164,73,993,2026-05-07,First Class,19A,345.97,Confirmed
1165,248,533,2026-02-05,Economy,1A,476.81,Confirmed
1166,283,607,2026-05-17,Economy,11F,869.63,Confirmed
1167,498,811,2026-10-25,First Class,7B,2279.69,Confirmed
1168,212,36,2026-01-10,Business,17B,2426.84,Confirmed
1169,114,75,2026-06-12,Premium Economy,3F,781.51,Confirmed
1170,9,478,2026-07-06,First Class,33B,3127.52,Confirmed
1171,271,12,2025-10-12,Premium Economy,18F,735.11,Confirmed
1172,176,667,2026-01-16,First Class,19E,894.93,Confirmed
1173,23,104,2025-08-31,Economy,11D,471.02,Confirmed
1174,134,938,2026-06-23,First Class,12E,948.47,Confirmed
1175,279,168,2026-09-15,Business,27A,405.53,Confirmed
1176,32,548,2026-04-09,Premium Economy,3B,981.04,Completed
1177,24,518,2026-07-19,Economy,12E,259.71,Completed
1178,101,185,2026-01-23,Economy,27D,583.56,Confirmed
1179,165,277,2026-09-02,Business,36A,1111.18,Confirmed
1180,416,742,2025-09-26,Economy,22B,705.17,Confirmed
1181,140,137,2026-01-23,Economy,7D,446.61,Cancelled
1182,312,650,2025-10-22,Economy,39C,422.94,Confirmed
1183,50,38,2026-02-18,Business,3E,1222.97,Confirmed
1184,225,87,2025-09-24,Business,22D,699.7,Cancelled
1185,222,994,2026-07-25,Premium Economy,1D,860.0,Confirmed
1186,360,634,2026-01-03,Economy,9F,701.36,Cancelled
1187,384,573,2026-04-18,Economy,4B,917.14,Confirmed
1188,109,932,2026-04-22,Economy,13E,359.52,Confirmed
1189,306,668,2026-01-03,Economy,24C,490.02,Confirmed
1190,491,974,2026-01-19,Business,36E,1853.76,Confirmed
1191,281,706,2026-03-30,First Class,26B,2771.1,Confirmed
1192,292,769,2025-11-07,Economy,34D,631.06,Completed
1193,218,862,2026-11-15,Business,38E,2270.46,Completed
1194,104,90,2026-04-21,First Class,12B,1147.53,Confirmed
1195,388,824,2026-05-27,Premium Economy,39F,978.07,Cancelled
1196,65,530,2025-09-19,Economy,26F,166.76,Cancelled
1197,228,33,2025-10-09,Business,7A,1747.88,Confirmed
1198,76,996,2026-08-08,Premium Economy,21C,322.49,Cancelled
1199,451,956,2026-05-02,Economy,27D,436.13,Confirmed
1200,383,849,2026-08-14,Economy,20F,310.44,Completed
1201,48,128,2026-04-22,Premium Economy,30A,1408.63,Completed
1202,313,820,2026-02-08,Economy,9C,905.79,Confirmed
1203,441,448,2026-04-14,Economy,34D,497.9,Confirmed
1204,91,372,2025-10-31,Economy,32A,209.0,Completed
1205,495,558,2026-06-27,Business,5E,520.28,Confirmed
1206,273,167,2026-07-10,Economy,13E,341.04,Cancelled
1207,252,472,2026-01-15,Economy,37C,394.05,Confirmed
1208,475,996,2026-08-24,First Class,37A,1587.8,Confirmed
1209,415,23,2026-01-08,Business,17B,2155.92,Confirmed
1210,400,994,2026-07-20,Premium Economy,25C,1410.69,Cancelled
1211,250,839,2025-09-01,Business,2A,2012.86,Confirmed
1212,360,503,2025-10-17,First Class,17B,914.31,Confirmed
1213,165,70,2026-08-02,Economy,32E,768.19,Confirmed
1214,89,350,2026-06-16,Economy,9E,1072.9,Confirmed
1215,313,453,2026-08-18,Premium Economy,25B,1510.21,Confirmed
1216,487,218,2026-02-15,First Class,40F,2156.05,Confirmed
1217,43,874,2026-05-28,First Class,17D,3476.58,Completed
1218,126,596,2026-07-16,Economy,32F,364.79,Confirmed
1219,52,471,2026-01-04,Business,4D,1811.75,Cancelled
1220,11,590,2026-10-16,Economy,27A,999.67,Completed
1221,161,892,2026-03-28,Economy,22C,294.16,Completed
1222,273,991,2025-09-18,Economy,33D,968.85,Confirmed
1223,316,269,2025-12-18,Economy,28F,600.66,Cancelled
1224,345,599,2026-08-12,Economy,9E,688.08,Confirmed
1225,295,224,2026-09-07,First Class,40E,1636.7,Completed
1226,367,884,2026-07-18,Business,34B,1605.22,Confirmed
1227,362,530,2025-09-24,Economy,39C,852.28,Confirmed
1228,292,872,2026-01-15,Economy,13B,191.0,Confirmed
1229,480,449,2025-09-05,First Class,22A,926.37,Confirmed
1230,429,259,2026-06-05,Economy,36C,521.62,Confirmed
1231,106,500,2026-01-02,Business,36B,2007.05,Cancelled
1232,11,309,2026-02-22,Premium Economy,38C,1201.8,Confirmed
1233,222,218,2026-04-06,Premium Economy,4B,1209.87,Confirmed
1234,316,806,2025-12-31,Premium Economy,37F,84.02,Confirmed
1235,490,567,2025-12-27,Economy,35C,268.88,Confirmed
1236,214,878,2026-07-14,Economy,30B,186.67,Confirmed
1237,494,147,2025-12-28,Economy,38D,648.86,Confirmed
1238,10,768,2026-03-17,Premium Economy,7C,676.73,Completed
1239,449,819,2026-06-25,Economy,16D,902.05,Confirmed
1240,51,612,2026-10-02,Business,6A,2057.27,Confirmed
1241,103,324,2025-12-02,Economy,18B,129.44,Completed
1242,217,877,2026-01-05,Economy,18C,269.2,Confirmed
1243,94,488,2026-03-24,Premium Economy,38B,855.59,Confirmed
1244,433,597,2025-10-25,Business,25B,871.68,Confirmed
1245,301,262,2025-09-14,Business,26C,2014.89,Confirmed
1246,499,747,2026-06-04,Business,38A,289.88,Cancelled
1247,295,1000,2025-09-03,Economy,25D,815.52,Confirmed
1248,230,408,2026-03-29,Premium Economy,12D,1180.09,Confirmed
1249,115,382,2026-01-26,Economy,36E,649.23,Confirmed
1250,81,455,2025-10-11,Premium Economy,31D,829.73,Completed
1251,220,127,2026-11-02,Economy,27C,1061.01,Completed
1252,213,902,2025-11-03,Economy,32C,580.93,Confirmed
1253,201,927,2026-07-20,First Class,39E,2135.44,Completed
1254,406,258,2025-08-28,Economy,26A,186.23,Confirmed
1255,289,625,2026-04-17,Business,11F,633.59,Completed
1256,209,806,2025-11-04,Economy,33B,162.25,Cancelled
1257,310,315,2026-08-01,Economy,20D,676.29,Confirmed
1258,17,578,2026-06-29,Business,11B,1963.81,Confirmed
1259,229,424,2026-01-11,Premium Economy,38D,84.5,Confirmed
1260,153,254,2026-11-29,First Class,31B,1417.76,Confirmed
1261,119,846,2026-07-31,Economy,25C,72.2,Confirmed
1262,298,109,2026-01-08,Economy,18B,205.17,Confirmed
1263,312,711,2026-06-09,Economy,10B,755.93,Confirmed
1264,189,630,2026-03-19,Premium Economy,26C,442.12,Cancelled
1265,314,908,2026-06-27,Economy,6A,267.32,Confirmed
1266,80,689,2026-03-23,Premium Economy,13B,323.74,Completed
1267,364,313,2026-04-11,Economy,10A,813.68,Completed
1268,65,900,2026-06-14,Economy,9D,522.12,Completed
1269,200,978,2026-01-15,Business,30D,568.19,Completed
1270,456,266,2026-09-22,Economy,16E,202.66,Cancelled
1271,379,153,2026-02-18,Business,29C,1256.93,Confirmed
1272,343,330,2026-04-01,Economy,22F,553.29,Confirmed
1273,390,999,2026-02-12,Premium Economy,6F,261.03,Confirmed
1274,216,537,2026-09-11,Economy,13D,796.07,Completed
1275,293,191,2026-06-20,Premium Economy,16D,998.41,Confirmed
1276,161,211,2026-02-03,Premium Economy,20C,1314.56,Completed
1277,144,338,2026-01-05,Economy,31C,924.72,Cancelled
1278,391,274,2026-11-22,Economy,11B,914.01,Confirmed
1279,183,881,2026-06-06,Premium Economy,4F,601.21,Confirmed
1280,448,248,2025-11-02,Premium Economy,3F,278.47,Cancelled
1281,480,736,2026-09-13,Economy,15B,353.23,Confirmed
1282,417,812,2026-04-10,Economy,16D,459.19,Completed
1283,271,147,2025-12-09,Economy,36E,377.03,Confirmed
1284,464,413,2026-01-22,Economy,21D,480.33,Confirmed
1285,130,983,2026-05-03,Business,4A,1385.9,Confirmed
1286,243,624,2026-07-09,Premium Economy,39C,1174.99,Confirmed
1287,276,781,2026-07-23,Premium Economy,20F,636.09,Cancelled
1288,321,886,2025-09-10,Economy,9E,341.0,Completed
1289,236,23,2025-09-14,Economy,34C,118.35,Confirmed
1290,189,570,2026-02-14,Premium Economy,32E,1070.35,Completed
1291,487,453,2026-09-20,Economy,30E,1010.22,Cancelled
1292,81,717,2026-01-23,Business,7F,1656.54,Confirmed
1293,56,139,2026-02-03,Economy,12A,376.27,Cancelled
1294,447,375,2025-12-29,First Class,39D,415.24,Confirmed
1295,100,224,2026-08-22,Premium Economy,34A,440.91,Completed
1296,209,325,2026-01-28,Economy,8A,996.46,Confirmed
1297,77,920,2026-04-17,Business,40C,1713.75,Confirmed
1298,320,156,2026-01-12,Economy,12F,511.29,Confirmed
1299,176,62,2026-02-26,Business,24F,2030.85,Confirmed
1300,292,768,2026-03-17,Economy,3E,252.77,Cancelled
1301,360,31,2026-02-03,Premium Economy,35E,242.26,Confirmed
1302,149,436,2026-06-27,Premium Economy,7A,1104.22,Cancelled
1303,283,808,2026-07-19,First Class,9C,661.75,Cancelled
1304,219,716,2026-04-24,Economy,8A,190.85,Completed
1305,52,424,2026-04-04,First Class,33D,3568.51,Confirmed
1306,123,963,2025-09-10,Economy,12D,75.45,Confirmed
1307,487,159,2026-04-26,First Class,20C,3951.27,Cancelled
1308,114,487,2026-04-26,Economy,25C,382.97,Confirmed
1309,254,856,2026-06-14,Business,11E,1872.34,Confirmed
1310,376,966,2026-04-01,Economy,3D,823.41,Cancelled
1311,82,197,2025-11-14,Premium Economy,30C,928.46,Cancelled
1312,245,765,2026-01-09,Premium Economy,39C,882.98,Confirmed
1313,215,324,2025-12-22,Business,32F,2494.19,Confirmed
1314,410,467,2026-03-03,Economy,40B,375.39,Confirmed
1315,491,180,2025-12-09,Premium Economy,26A,1016.39,Confirmed
1316,208,485,2026-01-27,Economy,21B,837.81,Confirmed
1317,316,475,2025-12-02,Business,2C,2398.31,Confirmed
1318,197,754,2026-03-24,Economy,40B,409.04,Confirmed
1319,70,626,2026-05-20,Economy,16C,1026.92,Cancelled
1320,10,570,2025-11-28,Economy,28D,506.92,Confirmed
1321,341,927,2026-08-20,First Class,30F,1203.93,Confirmed
1322,33,454,2026-07-03,Business,38D,1073.78,Confirmed
1323,138,941,2025-11-05,Premium Economy,2D,360.81,Confirmed
1324,334,920,2026-03-08,First Class,24F,776.89,Confirmed
1325,272,208,2026-07-23,First Class,30B,458.51,Cancelled
1326,229,856,2026-07-21,Economy,40E,121.63,Confirmed
1327,489,317,2026-05-30,Economy,22B,339.75,Confirmed
1328,206,448,2026-03-29,Economy,22B,130.46,Cancelled
1329,71,232,2026-07-29,Business,34D,1352.57,Confirmed
1330,57,470,2026-03-13,First Class,24D,3164.8,Confirmed
1331,402,562,2026-07-24,Premium Economy,10D,366.9,Confirmed
1332,33,692,2026-01-22,Premium Economy,15A,241.55,Completed
1333,216,945,2026-02-09,Economy,24C,457.16,Confirmed
1334,281,216,2026-01-02,Premium Economy,29C,702.15,Confirmed
1335,276,524,2026-05-14,First Class,40D,3189.58,Confirmed
1336,418,480,2025-11-15,First Class,16A,473.7,Confirmed
1337,446,873,2026-09-12,First Class,20C,3549.78,Cancelled
1338,407,277,2026-07-23,Economy,28B,82.06,Confirmed
1339,289,313,2026-07-05,Economy,28F,578.96,Cancelled
1340,331,677,2026-10-04,Economy,25B,529.71,Confirmed
1341,28,217,2025-12-20,Business,8F,266.28,Completed
1342,386,43,2025-11-06,Economy,12F,873.57,Confirmed
1343,449,671,2025-09-17,Economy,2A,455.82,Completed
1344,200,66,2026-07-30,Economy,26E,373.75,Cancelled
1345,410,397,2026-10-06,Economy,3A,785.92,Completed
1346,1,763,2025-10-17,Economy,33C,235.41,Cancelled
1347,251,524,2026-01-29,Economy,17B,766.63,Cancelled
1348,318,956,2026-05-17,First Class,4A,3757.03,Confirmed
1349,87,311,2026-09-04,Economy,36A,112.95,Completed
1350,128,492,2026-11-25,Business,22B,2136.7,Cancelled
1351,238,718,2025-12-22,Premium Economy,38D,314.2,Confirmed
1352,244,311,2026-08-13,Business,11B,2366.73,Confirmed
1353,385,430,2026-07-29,Economy,18B,385.25,Confirmed
1354,96,762,2026-05-26,Economy,25B,623.05,Confirmed
1355,427,837,2026-02-22,Premium Economy,22E,1398.32,Completed
1356,31,237,2025-11-02,Premium Economy,14E,1072.37,Confirmed
1357,437,683,2025-11-05,Economy,30B,599.55,Cancelled
1358,155,443,2025-09-08,Economy,8B,332.34,Confirmed
1359,41,857,2025-12-02,Business,36E,1033.11,Cancelled
1360,103,26,2025-11-04,Economy,40D,924.25,Completed
1361,471,201,2026-09-23,Premium Economy,11D,1210.1,Confirmed
1362,156,518,2026-11-27,Economy,24C,1048.83,Confirmed
1363,500,12,2025-12-06,Economy,33D,529.22,Confirmed
1364,276,997,2026-10-28,Business,21D,848.5,Confirmed
1365,14,578,2026-06-29,Economy,1B,440.53,Confirmed
1366,239,929,2025-11-11,Economy,35A,791.65,Confirmed
1367,425,870,2026-04-13,Business,17C,2109.9,Confirmed
1368,142,242,2026-08-30,Economy,36D,220.7,Cancelled
1369,21,166,2026-04-29,Economy,23E,338.06,Completed
1370,422,725,2026-09-05,Economy,33B,198.68,Completed
1371,39,177,2026-04-08,First Class,35B,4042.35,Confirmed
1372,178,816,2026-03-06,Business,5C,1035.49,Confirmed
1373,162,686,2026-09-27,Business,25D,2238.02,Confirmed
1374,267,974,2025-12-20,Premium Economy,19E,485.27,Completed
1375,138,181,2026-04-03,Economy,36B,197.61,Cancelled
1376,269,121,2026-02-16,Economy,30F,884.74,Completed
1377,282,635,2026-04-09,Business,16D,2319.98,Confirmed
1378,373,598,2025-12-24,Economy,39B,320.45,Confirmed
1379,149,619,2026-07-31,First Class,21E,1125.26,Confirmed
1380,217,385,2025-12-20,Business,19F,862.91,Confirmed
1381,22,994,2026-06-16,First Class,27B,562.44,Confirmed
1382,137,944,2026-05-29,Business,33B,421.02,Confirmed
1383,443,21,2026-01-15,First Class,35E,3136.93,Confirmed
1384,29,809,2026-01-26,Economy,27C,188.39,Confirmed
1385,438,361,2026-07-09,Economy,25F,255.76,Confirmed
1386,67,512,2026-08-29,Economy,33B,1016.32,Confirmed
1387,62,80,2026-08-02,First Class,26F,3468.23,Cancelled
1388,56,267,2026-05-06,Premium Economy,11E,391.7,Completed
1389,299,25,2026-07-16,Economy,6D,326.17,Completed
1390,390,967,2025-12-17,First Class,6A,658.31,Cancelled
1391,40,693,2026-10-18,Economy,31B,640.84,Confirmed
1392,480,458,2026-01-26,Economy,36A,48.01,Confirmed
1393,351,855,2025-11-03,Economy,32C,718.81,Confirmed
1394,59,423,2026-10-05,Economy,38F,598.5,Cancelled
1395,287,148,2026-03-11,Economy,6A,972.5,Confirmed
1396,7,746,2026-04-19,Premium Economy,32F,756.01,Confirmed
1397,358,649,2025-12-24,Economy,31C,738.88,Confirmed
1398,110,313,2026-08-19,Economy,18F,341.14,Completed
1399,424,780,2026-07-12,Business,28C,125.34,Cancelled
1400,370,134,2025-09-07,Business,5A,387.48,Confirmed
1401,304,3,2026-08-01,Economy,1D,794.61,Confirmed
1402,303,605,2026-01-21,Business,4F,2001.82,Confirmed
1403,113,571,2025-10-14,Economy,31C,986.47,Cancelled
1404,8,178,2025-10-21,Premium Economy,20B,219.31,Confirmed
1405,61,47,2025-08-05,Economy,33A,848.0,Confirmed
1406,93,137,2025-12-12,First Class,9B,1968.28,Confirmed
1407,191,698,2025-10-08,Economy,35A,96.3,Confirmed
1408,419,326,2026-02-12,Economy,25A,851.02,Confirmed
1409,25,216,2026-04-01,Premium Economy,13B,1071.05,Completed
1410,275,583,2026-10-01,Economy,28C,560.13,Completed
1411,261,949,2026-05-30,Economy,11B,695.51,Confirmed
1412,272,286,2026-02-21,Business,27F,2506.57,Completed
1413,417,761,2026-01-30,Business,32F,396.74,Completed
1414,283,737,2026-03-29,Economy,33E,704.03,Cancelled
1415,139,503,2025-10-28,Economy,22C,322.85,Confirmed
1416,152,494,2026-03-06,Economy,3F,799.87,Confirmed
1417,221,145,2025-11-22,Premium Economy,14C,1368.71,Confirmed
1418,256,727,2026-07-22,Business,23C,2127.91,Confirmed
1419,458,317,2026-05-28,Economy,32D,261.78,Confirmed
1420,18,824,2026-04-15,Economy,23D,832.47,Cancelled
1421,11,23,2025-09-21,Premium Economy,25D,381.97,Completed
1422,224,697,2026-07-04,First Class,4D,1281.57,Confirmed
1423,360,135,2026-10-16,Economy,27D,366.89,Confirmed
1424,121,217,2025-09-19,Business,1F,2292.48,Confirmed
1425,284,3,2026-09-03,Premium Economy,30A,985.08,Confirmed
1426,345,272,2026-02-13,Economy,11A,507.42,Confirmed
1427,130,857,2025-12-18,Business,16E,2474.12,Confirmed
1428,104,762,2026-02-02,Premium Economy,22E,1301.42,Cancelled
1429,428,102,2026-03-08,Premium Economy,25D,87.09,Confirmed
1430,226,168,2026-11-09,Business,10C,1564.09,Confirmed
1431,7,985,2026-08-04,Economy,32A,959.36,Confirmed
1432,56,567,2026-01-31,Economy,36B,782.4,Cancelled
1433,113,847,2026-11-10,Economy,9F,195.72,Confirmed
1434,51,675,2026-01-13,Business,17B,812.64,Completed
1435,47,544,2025-09-29,First Class,11B,1093.84,Confirmed
1436,475,661,2026-01-06,Economy,34D,318.89,Completed
1437,65,34,2026-11-04,Business,37E,2484.88,Cancelled
1438,334,496,2026-07-11,Premium Economy,12B,1309.76,Confirmed
1439,245,894,2026-07-25,Business,1B,2617.57,Confirmed
1440,17,66,2026-09-25,Economy,25C,758.95,Confirmed
1441,106,679,2026-04-11,Economy,16C,462.9,Completed
1442,224,143,2025-12-23,First Class,9C,575.15,Confirmed
1443,496,614,2026-04-17,Economy,33D,131.53,Confirmed
1444,324,198,2025-12-23,First Class,5E,3007.84,Confirmed
1445,421,331,2025-12-26,Economy,40E,760.26,Confirmed
1446,307,443,2026-01-06,Business,10E,986.57,Confirmed
1447,234,629,2026-01-14,Business,40D,1147.08,Completed
1448,286,668,2026-01-24,Economy,37E,391.83,Confirmed
1449,315,476,2025-10-28,Economy,17D,814.6,Confirmed
1450,147,948,2026-06-21,Economy,35B,697.94,Confirmed
1451,213,997,2026-06-29,Economy,11F,240.19,Cancelled
1452,130,287,2025-12-31,Economy,24F,200.52,Confirmed
1453,380,626,2026-02-01,Economy,28B,677.62,Confirmed
1454,374,319,2025-12-04,First Class,11B,2058.66,Confirmed
1455,403,122,2026-02-10,Premium Economy,35E,1552.52,Confirmed
1456,225,977,2026-08-21,Premium Economy,3C,289.76,Confirmed
1457,425,704,2025-11-28,Economy,10C,637.69,Confirmed
1458,96,298,2026-05-04,First Class,39A,2381.97,Completed
1459,4,441,2026-03-14,Economy,3B,460.22,Cancelled
1460,247,365,2025-12-17,Economy,30A,671.54,Completed
1461,344,430,2026-11-17,Economy,39A,680.92,Confirmed
1462,348,608,2026-07-16,Economy,16A,194.75,Cancelled
1463,23,212,2026-05-26,Business,35E,1983.07,Confirmed
1464,295,77,2025-11-03,Premium Economy,36E,1478.19,Confirmed
1465,140,764,2026-07-25,Economy,35F,745.04,Completed
1466,330,929,2026-01-28,First Class,30E,1846.73,Confirmed
1467,421,397,2026-10-19,Business,19D,1023.84,Completed
1468,441,245,2026-03-01,Economy,6F,895.19,Confirmed
1469,319,274,2026-07-19,Economy,10A,216.36,Confirmed
1470,373,684,2026-09-26,Economy,1D,736.67,Confirmed
1471,63,869,2026-05-29,First Class,35E,2241.36,Confirmed
1472,6,525,2026-02-06,First Class,40D,308.67,Confirmed
1473,386,979,2025-12-18,Economy,28E,778.33,Cancelled
1474,77,735,2026-09-16,First Class,31D,846.5,Confirmed
1475,111,104,2025-12-21,Economy,9D,989.19,Cancelled
1476,21,315,2026-05-21,Economy,38A,567.01,Confirmed
1477,92,95,2025-11-22,Premium Economy,30C,1034.64,Confirmed
1478,80,564,2026-04-17,Business,26A,1617.15,Confirmed
1479,449,986,2026-06-01,Business,2D,1803.69,Cancelled
1480,185,865,2026-06-29,Economy,32B,231.24,Confirmed
1481,418,772,2025-12-08,Economy,28B,990.8,Confirmed
1482,163,264,2026-02-02,Economy,20B,391.01,Confirmed
1483,178,898,2026-04-12,Premium Economy,22F,181.97,Completed
1484,163,225,2026-09-18,Economy,22E,411.25,Confirmed
1485,197,301,2025-10-04,First Class,14E,1232.87,Completed
1486,190,61,2025-11-02,Economy,2F,754.05,Completed
1487,408,899,2026-05-13,Economy,8A,360.85,Cancelled
1488,341,302,2026-04-21,Economy,8A,125.89,Confirmed
1489,75,137,2026-01-05,Economy,3C,258.94,Confirmed
1490,396,358,2025-12-30,Business,20E,2422.66,Confirmed
1491,273,339,2026-05-01,Premium Economy,3E,477.08,Confirmed
1492,283,683,2025-12-10,Business,37C,1157.05,Confirmed
1493,234,193,2025-10-22,Premium Economy,37B,280.13,Confirmed
1494,45,413,2025-09-24,Economy,23B,853.64,Confirmed
1495,108,605,2026-02-19,Economy,9E,86.32,Cancelled
1496,311,896,2026-09-10,Economy,29F,673.05,Confirmed
1497,255,83,2026-10-06,Premium Economy,9D,1099.11,Confirmed
1498,245,991,2025-09-13,First Class,9D,3790.34,Confirmed
1499,497,919,2026-05-03,First Class,11F,1550.73,Cancelled
1500,428,175,2026-03-20,Business,17C,1697.6,Completed
1501,134,323,2026-03-31,Economy,11A,655.66,Cancelled
1502,169,793,2025-10-06,Economy,6D,776.91,Confirmed
1503,365,786,2026-03-09,Economy,21E,1004.63,Completed
1504,308,44,2025-12-12,First Class,26D,2547.99,Confirmed
1505,276,735,2026-12-15,Business,28E,1129.65,Confirmed
1506,336,879,2026-05-07,Business,30F,1331.35,Confirmed
1507,217,803,2025-10-06,First Class,13B,2424.52,Confirmed
1508,499,299,2026-03-17,First Class,17B,444.73,Completed
1509,60,99,2025-10-27,Premium Economy,40D,867.27,Completed
1510,46,185,2025-12-15,Premium Economy,16B,212.41,Cancelled
1511,158,533,2026-02-03,Business,29E,1381.89,Confirmed
1512,438,60,2026-03-08,Economy,39C,592.84,Confirmed
1513,179,133,2026-03-25,Premium Economy,19D,1025.66,Confirmed
1514,60,444,2026-06-25,Economy,1D,683.34,Confirmed
1515,368,972,2025-12-15,Business,18B,595.35,Confirmed
1516,348,995,2026-08-31,First Class,6C,1567.0,Confirmed
1517,152,246,2026-06-06,Economy,9C,450.51,Confirmed
1518,109,72,2025-08-22,Economy,8C,581.54,Confirmed
1519,205,839,2026-02-09,Premium Economy,9E,1352.03,Confirmed
1520,79,26,2026-01-06,Premium Economy,36A,98.14,Cancelled
1521,220,688,2026-03-05,First Class,26E,2523.56,Confirmed
1522,169,494,2025-12-11,Premium Economy,16F,340.2,Confirmed
1523,355,776,2025-08-05,First Class,37F,3687.33,Confirmed
1524,449,400,2026-04-25,First Class,22D,2742.97,Cancelled
1525,368,472,2025-12-18,Business,19B,586.43,Confirmed
1526,413,901,2025-12-30,Economy,36F,529.34,Confirmed
1527,246,859,2026-05-07,Premium Economy,11B,103.86,Completed
1528,462,244,2026-03-14,Premium Economy,24C,1022.39,Confirmed
1529,323,911,2026-04-30,First Class,8D,270.73,Confirmed
1530,190,59,2025-10-17,Business,21E,2425.7,Cancelled
1531,443,618,2025-11-13,First Class,40D,1949.83,Cancelled
1532,70,86,2026-07-19,Economy,13D,962.06,Completed
1533,451,272,2026-01-06,Business,21F,994.88,Completed
1534,319,124,2026-03-11,Economy,13E,839.93,Confirmed
1535,125,211,2026-04-30,First Class,15C,1234.17,Completed
1536,153,637,2026-05-10,Economy,5F,296.22,Cancelled
1537,200,207,2025-12-03,Premium Economy,9F,1079.06,Completed
1538,110,71,2025-12-01,Economy,18D,670.77,Confirmed
1539,494,803,2025-12-06,Economy,28B,840.51,Completed
1540,162,944,2026-04-12,Business,26B,523.29,Completed
1541,228,19,2026-09-19,Economy,1B,710.57,Confirmed
1542,99,811,2026-10-27,Business,24A,1231.91,Completed
1543,415,438,2026-07-13,Business,9F,1087.13,Confirmed
1544,473,749,2025-12-19,First Class,31A,2747.0,Completed
1545,241,974,2026-02-02,First Class,39B,2289.94,Confirmed
1546,103,195,2026-02-18,Business,13D,2833.39,Completed
1547,8,329,2026-07-16,Business,39C,161.99,Confirmed
1548,472,138,2026-04-09,Business,11F,2442.4,Cancelled
1549,312,87,2025-10-11,Economy,29A,709.08,Confirmed
1550,14,737,2026-05-28,Business,11C,1672.9,Completed
1551,342,755,2025-11-11,Economy,31E,253.25,Confirmed
1552,463,70,2026-06-12,Economy,8F,611.79,Completed
1553,154,117,2025-11-09,First Class,15B,3894.59,Confirmed
1554,238,104,2025-09-19,Economy,31B,164.28,Cancelled
1555,405,534,2025-11-16,Economy,35A,310.44,Confirmed
1556,453,592,2025-08-10,Economy,2A,284.8,Confirmed
1557,370,135,2026-08-19,Premium Economy,33B,736.12,Completed
1558,364,604,2025-12-27,Economy,40A,295.51,Completed
1559,260,614,2026-07-17,First Class,27B,2683.53,Completed
1560,245,192,2026-02-25,First Class,3E,307.01,Confirmed
1561,343,685,2025-11-22,First Class,20C,3070.69,Confirmed
1562,394,732,2025-12-06,Economy,8B,770.37,Cancelled
1563,29,838,2025-09-21,Economy,38F,701.56,Confirmed
1564,493,912,2025-09-27,Economy,24D,599.7,Cancelled
1565,39,611,2025-12-08,Business,25F,749.28,Confirmed
1566,281,306,2026-06-24,Economy,36F,59.75,Cancelled
1567,338,833,2026-03-26,Economy,21B,771.01,Confirmed
1568,237,962,2025-12-09,First Class,32E,1622.11,Confirmed
1569,178,168,2026-10-28,Economy,6F,808.29,Confirmed
1570,220,878,2026-06-27,Premium Economy,10C,1213.2,Confirmed
1571,421,299,2026-01-30,Business,8F,1172.24,Confirmed
1572,232,703,2026-06-28,Premium Economy,34A,915.48,Confirmed
1573,443,615,2026-08-02,Economy,1D,55.8,Confirmed
1574,392,768,2026-01-13,First Class,8A,268.42,Confirmed
1575,167,344,2025-11-10,Premium Economy,8D,1192.53,Confirmed
1576,240,582,2026-09-21,Premium Economy,15B,661.97,Cancelled
1577,52,483,2026-09-19,First Class,18A,3013.41,Cancelled
1578,414,716,2026-05-02,First Class,28A,3174.39,Confirmed
1579,449,950,2026-10-27,Economy,6C,109.95,Confirmed
1580,87,998,2025-09-01,Premium Economy,26C,184.75,Completed
1581,422,258,2025-10-01,Economy,33B,570.29,Confirmed
1582,374,531,2026-03-31,Economy,14C,357.96,Cancelled
1583,296,530,2025-12-16,Economy,21C,1035.64,Confirmed
1584,184,862,2026-08-08,Premium Economy,36B,866.03,Confirmed
1585,199,550,2025-09-10,Economy,29D,184.62,Confirmed
1586,47,889,2026-09-11,Business,34C,1143.67,Confirmed
1587,30,117,2026-03-23,Premium Economy,1F,775.44,Cancelled
1588,477,13,2026-05-19,Economy,14B,575.97,Completed
1589,30,895,2025-12-06,Business,13C,1871.26,Cancelled
1590,23,864,2026-03-23,First Class,17B,752.66,Completed
1591,57,546,2026-10-20,First Class,33A,3895.96,Confirmed
1592,22,622,2025-09-22,Premium Economy,14B,1264.64,Cancelled
1593,68,981,2026-09-16,Economy,37F,607.93,Cancelled
1594,362,245,2026-03-14,Business,4D,143.25,Confirmed
1595,463,24,2025-09-25,Business,10D,2107.36,Confirmed
1596,338,702,2026-05-12,Economy,39E,773.77,Confirmed
1597,341,796,2026-02-10,Economy,23C,996.15,Confirmed
1598,480,696,2025-10-04,First Class,1E,510.17,Cancelled
1599,248,446,2025-08-27,First Class,34E,271.99,Confirmed
1600,434,603,2026-03-04,Business,26F,1278.25,Confirmed
1601,307,432,2026-02-01,First Class,38C,3192.68,Completed
1602,43,608,2026-09-05,Premium Economy,1D,1216.67,Completed
1603,420,843,2026-03-22,Economy,36E,390.78,Confirmed
1604,469,985,2026-07-22,First Class,2D,1033.78,Cancelled
1605,321,242,2026-08-13,Business,33E,2267.35,Cancelled
1606,472,572,2026-10-13,Premium Economy,27A,1030.26,Confirmed
1607,349,251,2026-07-14,Economy,39E,777.67,Confirmed
1608,30,284,2026-01-03,Business,26C,1636.52,Confirmed
1609,314,231,2025-12-08,Economy,35B,838.86,Completed
1610,6,898,2025-11-24,Economy,13E,271.8,Confirmed
1611,54,958,2025-09-28,Premium Economy,13F,469.28,Completed
1612,414,284,2026-01-22,Premium Economy,34F,996.06,Cancelled
1613,313,136,2026-03-18,Premium Economy,3F,295.77,Confirmed
1614,363,792,2026-05-15,Business,3A,1055.72,Completed
1615,176,123,2026-03-12,Economy,39A,230.67,Confirmed
1616,101,450,2026-06-16,First Class,2B,4218.08,Cancelled
1617,408,845,2025-10-17,Business,16D,1172.73,Cancelled
1618,344,488,2026-05-02,Economy,15F,447.72,Cancelled
1619,456,503,2026-04-06,Economy,23F,61.22,Cancelled
1620,394,994,2026-04-21,First Class,28D,812.23,Completed
1621,451,205,2026-08-28,Economy,32B,492.92,Confirmed
1622,419,901,2026-01-12,Premium Economy,16F,573.54,Confirmed
1623,248,643,2026-02-04,Premium Economy,15F,475.87,Confirmed
1624,231,625,2025-12-30,Economy,36F,692.19,Confirmed
1625,173,921,2025-12-21,Economy,14B,930.34,Confirmed
1626,401,651,2026-07-03,Premium Economy,4D,1070.71,Cancelled
1627,164,424,2026-02-28,Premium Economy,30E,214.45,Confirmed
1628,82,46,2025-10-23,Premium Economy,37D,1118.68,Confirmed
1629,236,883,2026-06-09,Economy,14D,918.55,Confirmed
1630,357,639,2026-02-13,Economy,12C,896.58,Confirmed
1631,421,304,2026-07-08,Business,3A,165.4,Completed
1632,472,473,2026-01-23,Economy,1B,163.28,Confirmed
1633,468,209,2026-04-17,Premium Economy,17E,1070.26,Confirmed
1634,233,229,2026-02-09,Business,24C,743.04,Cancelled
1635,39,380,2026-01-11,Premium Economy,9E,334.05,Confirmed
1636,261,548,2026-04-10,Economy,29A,881.14,Confirmed
1637,285,722,2026-02-18,Economy,3B,685.68,Completed
1638,301,963,2025-12-29,Business,23F,2222.62,Confirmed
1639,468,177,2026-08-03,Premium Economy,32F,134.2,Completed
1640,218,802,2026-04-05,Premium Economy,40C,277.41,Confirmed
1641,333,29,2026-08-31,Economy,23D,624.91,Confirmed
1642,479,9,2026-06-09,Economy,8D,703.23,Completed
1643,188,118,2026-05-19,Economy,35D,131.06,Cancelled
1644,323,40,2026-02-23,First Class,28A,4082.26,Confirmed
1645,248,41,2025-09-23,Economy,6B,800.89,Completed
1646,137,711,2026-08-28,First Class,37B,3960.89,Completed
1647,236,687,2026-03-31,Economy,7C,66.88,Cancelled
1648,210,743,2026-06-30,First Class,28E,3328.77,Confirmed
1649,386,481,2026-05-06,Economy,2F,1015.19,Confirmed
1650,165,666,2026-11-19,Economy,17E,930.18,Cancelled
1651,318,463,2026-04-25,Business,34F,1170.22,Confirmed
1652,64,342,2026-07-03,Premium Economy,31C,1161.28,Confirmed
1653,117,958,2026-01-06,Economy,36C,373.23,Cancelled
1654,346,414,2026-05-20,Premium Economy,9F,835.49,Cancelled
1655,352,543,2026-04-26,First Class,40B,2399.39,Confirmed
1656,261,524,2025-12-24,Economy,28D,347.24,Confirmed
1657,238,995,2026-09-21,Premium Economy,29D,381.01,Completed
1658,23,788,2026-02-11,First Class,34D,4376.4,Completed
1659,445,360,2026-07-19,Economy,22F,955.73,Confirmed
1660,192,163,2026-05-22,Economy,13C,159.96,Confirmed
1661,258,243,2026-07-05,Business,22E,2357.28,Confirmed
1662,246,347,2025-09-19,Economy,19F,523.91,Cancelled
1663,5,862,2026-10-03,Business,4A,1806.49,Confirmed
1664,498,215,2025-12-06,Business,22F,810.17,Confirmed
1665,393,606,2025-09-14,First Class,24C,2489.15,Confirmed
1666,416,186,2026-03-08,Economy,6F,59.52,Confirmed
1667,328,914,2026-04-28,Premium Economy,13F,887.12,Confirmed
1668,370,359,2026-07-17,Economy,3C,978.22,Confirmed
1669,377,844,2026-02-12,Economy,20C,960.66,Completed
1670,320,511,2026-07-15,Business,6A,2167.25,Completed
1671,73,89,2026-07-05,Economy,12B,207.86,Confirmed
1672,199,396,2026-05-14,Premium Economy,10F,385.51,Completed
1673,72,202,2026-11-18,First Class,3A,1286.56,Cancelled
1674,66,734,2026-03-27,Economy,40B,154.43,Confirmed
1675,38,49,2026-08-21,Economy,25A,979.26,Confirmed
1676,430,688,2026-04-01,Economy,10D,857.29,Completed
1677,194,409,2026-09-22,First Class,16F,4057.7,Confirmed
1678,324,539,2026-07-29,First Class,24A,677.15,Cancelled
1679,220,580,2026-11-09,Business,34F,2771.37,Confirmed
1680,111,794,2026-05-19,Business,34E,1494.3,Confirmed
1681,321,822,2026-03-23,Premium Economy,8C,1390.28,Confirmed
1682,77,872,2026-01-10,Economy,36A,736.51,Completed
1683,86,580,2026-06-30,Economy,26D,435.25,Confirmed
1684,162,271,2025-09-17,First Class,12F,2708.91,Confirmed
1685,335,462,2026-03-09,Economy,21C,536.75,Confirmed
1686,123,231,2026-01-19,Economy,8B,444.31,Confirmed
1687,115,339,2026-03-12,Economy,2D,57.38,Cancelled
1688,230,140,2026-11-06,Economy,31F,741.69,Completed
1689,110,455,2025-12-18,Business,32B,2049.76,Confirmed
1690,13,306,2026-04-04,Business,1C,2440.76,Confirmed
1691,51,429,2025-12-21,Economy,27D,147.67,Confirmed
1692,436,719,2026-04-10,First Class,40E,1617.66,Confirmed
1693,212,464,2026-11-11,Economy,19A,1033.42,Cancelled
1694,95,200,2026-02-01,Economy,11F,183.87,Confirmed
1695,430,609,2026-09-16,First Class,37B,2319.63,Confirmed
1696,220,176,2025-11-25,Premium Economy,29A,392.93,Completed
1697,426,667,2025-12-12,Economy,33A,992.87,Confirmed
1698,338,293,2026-03-04,Economy,39E,1000.21,Confirmed
1699,162,636,2026-03-20,Economy,10D,163.96,Confirmed
1700,146,866,2026-10-06,Business,38F,2749.09,Completed
1701,279,423,2026-07-21,Economy,24B,448.01,Confirmed
1702,354,105,2026-08-18,Premium Economy,12E,507.05,Completed
1703,285,235,2026-07-10,Economy,27E,84.75,Confirmed
1704,85,215,2025-09-24,First Class,27F,1749.78,Confirmed
1705,318,680,2026-10-24,Economy,25A,784.21,Confirmed
1706,76,482,2026-06-01,Economy,9C,142.56,Confirmed
1707,93,338,2025-10-18,Economy,26C,219.42,Confirmed
1708,169,776,2025-11-03,First Class,18A,874.78,Confirmed
1709,194,491,2026-11-04,Premium Economy,13F,262.69,Cancelled
1710,107,384,2026-06-29,First Class,35F,4421.7,Completed
1711,481,665,2026-05-06,First Class,28B,3266.88,Cancelled
1712,253,428,2026-01-27,Economy,36D,649.78,Confirmed
1713,83,929,2026-01-22,First Class,32B,681.56,Confirmed
1714,91,400,2026-04-04,Economy,26A,132.22,Confirmed
1715,122,626,2025-12-12,Premium Economy,5A,209.24,Confirmed
1716,2,259,2026-06-04,Economy,4C,903.22,Completed
1717,302,881,2026-07-15,Economy,39D,272.74,Confirmed
1718,5,583,2026-10-09,Economy,36B,831.33,Cancelled
1719,244,642,2025-12-05,Economy,28B,544.29,Confirmed
1720,167,704,2025-12-16,Economy,6C,745.38,Confirmed
1721,209,706,2026-07-06,Economy,7D,73.27,Confirmed
1722,26,53,2026-01-30,Economy,29D,823.07,Confirmed
1723,190,719,2026-05-14,Economy,20B,132.58,Completed
1724,21,138,2026-04-05,First Class,30B,4340.21,Confirmed
1725,152,644,2026-03-18,First Class,18E,1383.62,Cancelled
1726,55,697,2026-04-14,Economy,32F,353.77,Confirmed
1727,65,307,2026-02-21,Economy,3D,819.79,Confirmed
1728,372,889,2026-05-09,First Class,8B,3247.08,Cancelled
1729,29,74,2026-08-27,First Class,28A,3928.92,Confirmed
1730,100,531,2026-05-02,First Class,33C,349.28,Confirmed
1731,48,254,2026-08-24,Business,37D,1905.55,Completed
1732,439,316,2025-11-08,Premium Economy,24E,553.48,Confirmed
1733,123,400,2026-04-12,First Class,2D,285.11,Confirmed
1734,255,577,2026-07-03,Premium Economy,33C,944.04,Confirmed
1735,355,79,2026-04-28,Economy,9C,884.54,Completed
1736,303,175,2026-03-27,Premium Economy,25C,1299.83,Completed
1737,27,748,2026-02-02,Business,33E,2194.58,Completed
1738,136,530,2025-12-15,First Class,9C,3395.47,Confirmed
1739,441,845,2026-04-04,Economy,2C,54.76,Confirmed
1740,423,7,2026-07-28,Premium Economy,11B,1228.59,Confirmed
1741,118,453,2026-09-30,First Class,27F,1874.12,Completed
1742,496,243,2026-05-14,Economy,17D,687.87,Confirmed
1743,405,573,2026-04-29,First Class,7E,3277.44,Confirmed
1744,39,745,2026-08-14,Economy,34B,934.51,Confirmed
1745,304,357,2025-09-25,Business,39D,601.71,Cancelled
1746,443,482,2026-05-30,Economy,17E,942.56,Confirmed
1747,13,14,2025-12-26,First Class,2F,3153.48,Completed
1748,429,804,2026-10-20,Economy,10D,698.52,Confirmed
1749,82,267,2026-05-03,Premium Economy,5C,1492.18,Cancelled
1750,23,361,2026-11-03,Business,26D,2567.98,Confirmed
1751,390,799,2026-11-07,Economy,36D,977.04,Cancelled
1752,223,836,2025-08-15,First Class,28B,2355.16,Completed
1753,423,495,2026-09-01,Premium Economy,29F,451.47,Completed
1754,272,669,2026-11-19,Business,18C,1198.33,Confirmed
1755,172,142,2026-08-28,Economy,11C,693.92,Confirmed
1756,180,68,2026-05-18,First Class,6D,684.05,Confirmed
1757,49,189,2026-04-09,Economy,26D,876.42,Confirmed
1758,310,278,2026-01-14,Premium Economy,21B,1576.36,Completed
1759,75,167,2026-09-23,Business,40B,659.3,Completed
1760,417,621,2025-11-29,Economy,17F,554.25,Confirmed
1761,217,453,2026-11-04,Economy,26D,935.36,Confirmed
1762,441,183,2025-12-09,Economy,33C,962.25,Confirmed
1763,188,676,2026-10-13,Economy,5E,729.05,Confirmed
1764,422,497,2025-12-29,Economy,11B,405.29,Confirmed
1765,451,261,2026-10-14,Economy,5F,610.67,Confirmed
1766,77,379,2026-06-27,First Class,27C,1001.0,Confirmed
1767,313,14,2025-12-11,First Class,23B,629.5,Confirmed
1768,433,478,2026-02-28,First Class,27C,2101.86,Cancelled
1769,366,624,2026-06-11,Economy,17B,881.66,Confirmed
1770,258,676,2026-07-21,Economy,19B,368.03,Cancelled
1771,108,244,2026-06-09,First Class,18E,1551.12,Cancelled
1772,458,631,2026-02-25,Economy,7D,740.14,Confirmed
1773,310,277,2026-04-25,Economy,1F,506.75,Confirmed
1774,420,862,2026-07-06,Economy,29D,242.2,Completed
1775,349,669,2026-07-20,First Class,28A,3692.6,Confirmed
1776,201,456,2025-12-13,Economy,31A,481.81,Cancelled
1777,46,707,2026-12-17,Premium Economy,30C,730.72,Completed
1778,24,369,2026-01-26,Economy,24E,390.79,Confirmed
1779,161,441,2026-03-29,First Class,26F,2623.03,Completed
1780,92,414,2026-06-17,Premium Economy,5C,911.72,Confirmed
1781,472,853,2026-08-13,Economy,32C,152.3,Confirmed
1782,260,21,2026-03-03,Premium Economy,17A,480.09,Confirmed
1783,415,943,2026-02-03,First Class,34F,343.07,Confirmed
1784,136,653,2026-03-28,Business,8B,424.73,Confirmed
1785,293,576,2026-08-15,Business,25A,955.23,Cancelled
1786,266,685,2026-01-31,Premium Economy,8C,647.66,Completed
1787,315,214,2026-01-27,Economy,32C,1113.53,Confirmed
1788,475,450,2026-11-11,Premium Economy,19B,692.09,Cancelled
1789,59,219,2025-11-19,Economy,27F,421.94,Confirmed
1790,462,384,2026-07-03,Economy,12D,639.96,Confirmed
1791,18,994,2026-08-01,First Class,10E,848.64,Confirmed
1792,185,518,2026-10-14,First Class,39C,1707.24,Confirmed
1793,326,731,2025-11-20,First Class,8E,3733.35,Confirmed
1794,247,114,2026-07-26,Economy,14A,725.87,Completed
1795,379,624,2026-06-04,Economy,34D,521.19,Confirmed
1796,293,747,2026-08-02,First Class,16A,740.09,Completed
1797,310,567,2025-08-28,First Class,7D,382.17,Completed
1798,465,29,2026-04-14,Economy,5E,823.05,Confirmed
1799,144,318,2025-10-30,Economy,34F,906.67,Confirmed
1800,494,945,2025-12-31,Economy,10A,598.93,Cancelled
1801,3,810,2025-12-27,Economy,2D,223.36,Completed
1802,324,564,2026-05-03,Premium Economy,23C,1111.94,Confirmed
1803,481,140,2026-12-01,Premium Economy,2F,829.95,Confirmed
1804,227,657,2026-11-25,First Class,9B,1834.32,Completed
1805,249,803,2025-12-23,Business,28A,1950.94,Confirmed
1806,14,759,2026-07-14,Economy,18B,397.58,Confirmed
1807,414,971,2025-09-28,Premium Economy,29D,1004.0,Completed
1808,206,771,2025-08-27,Economy,15D,977.55,Cancelled
1809,435,571,2025-10-16,Economy,31B,476.98,Cancelled
1810,306,922,2025-11-26,Economy,32D,646.25,Completed
1811,58,763,2026-01-01,First Class,10E,1163.48,Confirmed
1812,30,401,2025-10-18,First Class,37D,1074.9,Confirmed
1813,69,781,2026-11-01,Economy,36C,851.18,Confirmed
1814,34,992,2026-08-30,Economy,18F,795.48,Confirmed
1815,433,79,2026-02-01,Business,1F,533.11,Confirmed
1816,256,717,2025-08-12,Economy,15E,405.5,Confirmed
1817,88,407,2026-05-28,Economy,21C,733.38,Completed
1818,423,677,2026-07-29,First Class,30E,2809.59,Confirmed
1819,51,825,2026-03-27,Premium Economy,21B,792.86,Confirmed
1820,299,342,2026-03-31,Economy,27A,571.09,Confirmed
1821,305,487,2026-04-20,Business,19B,1960.98,Cancelled
1822,448,808,2026-05-13,Economy,12B,183.43,Confirmed
1823,128,664,2026-07-26,Economy,7D,606.3,Cancelled
1824,45,285,2026-02-09,Economy,28D,628.57,Confirmed
1825,462,477,2026-01-16,Economy,2E,577.46,Cancelled
1826,16,89,2026-03-02,Economy,19E,515.23,Confirmed
1827,121,728,2026-01-29,Economy,8A,54.97,Confirmed
1828,307,621,2025-08-27,Economy,24C,913.7,Confirmed
1829,289,843,2026-03-29,First Class,23C,943.88,Confirmed
1830,487,108,2025-12-26,First Class,9C,3511.81,Confirmed
1831,453,833,2025-12-22,Premium Economy,37E,430.67,Confirmed
1832,302,732,2025-07-29,Economy,33A,275.05,Completed
1833,11,871,2026-08-20,Economy,34C,863.81,Confirmed
1834,344,87,2026-01-12,Economy,22F,754.81,Confirmed
1835,5,825,2026-05-15,Economy,38E,452.41,Completed
1836,123,189,2026-04-11,First Class,13D,1467.23,Confirmed
1837,479,48,2026-03-29,Economy,10D,415.02,Confirmed
1838,147,338,2025-09-07,Economy,5E,458.58,Confirmed
1839,237,147,2025-12-29,Economy,31A,571.82,Cancelled
1840,425,232,2026-07-07,Economy,19F,437.32,Confirmed
1841,47,803,2025-10-05,Economy,24A,900.95,Confirmed
1842,404,461,2026-06-28,First Class,20B,3796.03,Confirmed
1843,411,578,2026-04-05,Premium Economy,39A,115.73,Confirmed
1844,404,824,2026-02-20,Economy,19C,415.52,Cancelled
1845,228,15,2026-04-05,Economy,34E,697.46,Confirmed
1846,73,352,2026-04-28,Premium Economy,10E,1128.76,Completed
1847,215,441,2026-06-26,First Class,20E,2832.84,Cancelled
1848,78,881,2026-07-01,Economy,29C,648.18,Confirmed
1849,335,75,2026-09-07,Premium Economy,30C,1227.37,Confirmed
1850,51,182,2026-01-08,Economy,27D,489.65,Confirmed
1851,260,835,2026-08-07,First Class,29A,984.31,Confirmed
1852,351,831,2026-08-18,Economy,25C,371.59,Confirmed
1853,206,754,2026-01-27,Premium Economy,20A,1056.69,Confirmed
1854,200,783,2025-11-18,Economy,25B,893.91,Completed
1855,317,366,2026-08-05,Economy,13F,221.56,Confirmed
1856,409,868,2026-06-19,Economy,3C,196.77,Cancelled
1857,220,158,2025-12-03,First Class,35A,1101.36,Cancelled
1858,205,682,2026-05-29,Business,6B,414.04,Confirmed
1859,415,523,2025-12-24,Economy,24B,58.4,Completed
1860,283,552,2026-05-13,Premium Economy,19D,1450.64,Confirmed
1861,116,406,2026-03-17,Business,12F,1661.92,Confirmed
1862,33,983,2026-05-09,Economy,14B,177.76,Confirmed
1863,235,815,2026-06-22,Economy,37A,359.58,Confirmed
1864,90,590,2026-08-07,Premium Economy,4E,289.5,Confirmed
1865,261,222,2025-12-08,Economy,36D,477.58,Confirmed
1866,492,474,2025-11-03,Economy,22C,865.19,Cancelled
1867,112,446,2025-09-26,Economy,31A,415.01,Completed
1868,296,11,2025-11-11,First Class,27F,763.63,Confirmed
1869,85,412,2026-06-12,Business,35E,1169.65,Confirmed
1870,113,41,2026-01-06,Business,35E,530.46,Cancelled
1871,381,897,2026-06-21,Economy,8F,108.75,Confirmed
1872,327,450,2026-06-27,Economy,39A,200.92,Confirmed
1873,272,637,2026-05-20,Economy,1A,1086.19,Cancelled
1874,296,388,2025-12-31,Business,10C,1140.41,Confirmed
1875,146,33,2025-10-25,Economy,36A,364.18,Confirmed
1876,319,857,2025-10-17,First Class,28D,2968.73,Confirmed
1877,420,480,2025-12-27,Economy,20C,142.04,Confirmed
1878,271,687,2026-04-08,Business,4C,1190.44,Completed
1879,390,616,2026-07-16,Economy,36F,570.73,Completed
1880,382,746,2026-02-02,Premium Economy,5A,904.02,Confirmed
1881,247,801,2025-11-10,Economy,13C,96.2,Confirmed
1882,297,103,2026-02-07,First Class,28E,1302.58,Confirmed
1883,157,515,2026-03-24,Business,22A,1085.77,Confirmed
1884,379,689,2026-05-02,Economy,40A,466.29,Confirmed
1885,339,435,2025-07-31,Economy,24D,988.48,Confirmed
1886,176,805,2026-08-22,Economy,25B,891.52,Cancelled
1887,80,23,2025-11-23,Economy,16F,770.69,Completed
1888,152,285,2026-02-25,Economy,35E,646.19,Cancelled
1889,458,21,2026-03-24,Economy,24A,844.59,Cancelled
1890,94,273,2025-11-10,Business,6E,2393.52,Confirmed
1891,385,186,2026-03-07,Economy,12A,276.09,Cancelled
1892,308,351,2026-03-17,Economy,25D,211.0,Completed
1893,21,929,2026-04-24,Economy,1F,738.31,Completed
1894,159,109,2025-10-23,Business,34A,1913.01,Confirmed
1895,144,751,2026-09-25,Premium Economy,6C,206.75,Confirmed
1896,41,579,2025-12-06,Premium Economy,34C,312.37,Confirmed
1897,179,449,2025-11-29,Economy,8B,559.36,Confirmed
1898,299,437,2026-03-13,Economy,9A,327.12,Confirmed
1899,389,465,2026-08-01,Economy,19C,1104.71,Confirmed
1900,325,271,2025-10-19,Premium Economy,7F,795.11,Cancelled
1901,161,900,2026-06-22,Economy,14C,162.17,Cancelled
1902,391,153,2026-05-27,Business,32A,571.87,Completed
1903,70,556,2026-01-20,Premium Economy,22F,287.9,Cancelled
1904,15,607,2026-05-12,Economy,9A,381.64,Confirmed
1905,149,868,2026-03-10,Premium Economy,28E,755.38,Confirmed
1906,136,81,2026-01-27,Business,18A,311.13,Completed
1907,297,233,2026-01-17,Premium Economy,17D,185.79,Confirmed
1908,97,772,2025-11-19,Business,5C,2716.77,Confirmed
1909,261,326,2026-03-21,Economy,11F,498.19,Confirmed
1910,44,958,2026-01-07,Premium Economy,17A,1024.78,Cancelled
1911,6,905,2026-05-26,Economy,37F,94.68,Confirmed
1912,409,482,2026-08-24,Economy,26F,75.79,Cancelled
1913,145,537,2026-05-19,Economy,23F,584.52,Confirmed
1914,248,784,2025-12-27,Economy,33D,498.23,Cancelled
1915,24,685,2026-02-15,Business,37B,1155.07,Confirmed
1916,9,5,2026-02-28,First Class,12A,745.58,Confirmed
1917,142,641,2025-11-29,Economy,16F,1026.05,Confirmed
1918,271,338,2025-09-19,Business,32B,331.29,Completed
1919,129,443,2025-08-22,Economy,6A,64.88,Cancelled
1920,15,991,2025-12-10,Premium Economy,14C,566.27,Confirmed
1921,240,221,2026-10-05,First Class,6C,1847.88,Confirmed
1922,396,517,2026-06-23,Premium Economy,7C,86.78,Completed
1923,442,79,2025-12-04,Premium Economy,5E,869.36,Confirmed
1924,177,11,2026-02-09,Economy,16D,270.7,Confirmed
1925,451,777,2026-03-13,Economy,33D,595.62,Confirmed
1926,312,293,2026-04-25,Economy,36C,74.14,Cancelled
1927,226,492,2026-11-18,Economy,37F,1022.63,Completed
1928,58,224,2026-03-22,First Class,10E,1320.21,Confirmed
1929,309,609,2026-09-02,First Class,37D,1544.82,Confirmed
1930,151,374,2025-11-24,First Class,3F,1913.15,Cancelled
1931,70,48,2026-07-03,Economy,33A,414.77,Confirmed
1932,4,152,2025-12-10,Economy,27A,959.03,Confirmed
1933,130,974,2026-05-12,Economy,18B,897.95,Confirmed
1934,245,973,2026-09-18,Business,22F,823.31,Cancelled
1935,182,835,2026-10-15,First Class,11F,1603.49,Completed
1936,331,776,2025-09-12,Premium Economy,16F,1417.41,Cancelled
1937,206,705,2026-06-12,Business,28C,1808.48,Confirmed
1938,12,200,2026-02-26,First Class,1D,317.68,Confirmed
1939,479,948,2026-05-17,Economy,22D,948.5,Cancelled
1940,96,855,2025-12-23,Economy,22E,805.33,Confirmed
1941,381,859,2026-04-12,First Class,16A,2912.7,Cancelled
1942,467,534,2025-11-16,Economy,6F,935.75,Completed
1943,260,96,2025-10-29,Economy,5A,669.77,Confirmed
1944,150,699,2025-11-13,Premium Economy,25F,469.7,Cancelled
1945,417,684,2026-09-22,Business,2A,455.52,Confirmed
1946,313,114,2026-03-14,First Class,9A,1058.36,Completed
1947,204,787,2026-10-08,Economy,14D,64.13,Completed
1948,144,655,2025-12-05,First Class,32E,378.61,Completed
1949,69,127,2026-08-31,First Class,11A,551.13,Completed
1950,204,839,2025-11-22,Premium Economy,21A,271.48,Completed
1951,131,57,2026-05-11,Business,28C,2568.39,Confirmed
1952,66,525,2026-04-08,First Class,13A,2532.98,Cancelled
1953,83,908,2026-10-13,First Class,2B,4089.53,Confirmed
1954,99,481,2026-02-03,Economy,5C,423.48,Cancelled
1955,401,641,2025-12-17,Economy,37F,823.31,Completed
1956,254,430,2026-09-11,Premium Economy,9E,1390.72,Confirmed
1957,133,488,2026-01-24,Premium Economy,1D,1215.53,Confirmed
1958,359,496,2026-11-07,Premium Economy,4B,250.66,Completed
1959,383,150,2026-02-02,Premium Economy,24F,152.59,Completed
1960,83,842,2026-01-28,Economy,22F,150.11,Confirmed
1961,39,23,2025-09-10,Premium Economy,25F,1227.51,Completed
1962,333,80,2026-08-11,Premium Economy,5C,342.08,Confirmed
1963,291,653,2026-07-01,Economy,29B,859.54,Confirmed
1964,278,367,2026-06-22,Business,11A,2151.51,Completed
1965,100,91,2026-09-25,Business,21A,2356.42,Confirmed
1966,231,802,2026-02-16,Premium Economy,10A,946.05,Completed
1967,367,625,2026-04-05,Economy,7C,957.48,Confirmed
1968,87,527,2026-05-15,Economy,5B,912.73,Confirmed
1969,359,184,2026-07-23,Economy,35A,776.4,Confirmed
1970,188,274,2026-06-26,Economy,37C,237.45,Confirmed
1971,307,50,2026-01-16,Business,35E,2139.18,Confirmed
1972,7,133,2025-11-24,Business,10B,862.77,Confirmed
1973,287,270,2026-10-13,Economy,6A,725.35,Completed
1974,124,71,2025-12-03,Economy,30D,260.58,Confirmed
1975,388,980,2026-02-09,Business,37C,350.52,Confirmed
1976,319,626,2026-03-30,Premium Economy,16A,174.87,Confirmed
1977,468,466,2026-06-08,Economy,11D,817.12,Confirmed
1978,84,587,2026-06-05,Business,21D,147.97,Confirmed
1979,339,436,2026-05-16,Business,9F,1953.93,Cancelled
1980,136,542,2026-05-01,Economy,7A,140.89,Cancelled
1981,69,799,2026-08-30,First Class,22C,1934.52,Completed
1982,485,850,2026-07-12,Business,25A,950.54,Confirmed
1983,485,640,2026-01-15,Economy,13B,706.26,Confirmed
1984,314,480,2026-02-24,Economy,20D,480.67,Confirmed
1985,104,569,2026-04-17,Premium Economy,32A,77.97,Confirmed
1986,206,179,2026-02-24,First Class,26B,3304.97,Confirmed
1987,280,147,2026-02-03,First Class,3F,2045.12,Completed
1988,476,930,2025-09-11,Economy,30B,372.15,Completed
1989,119,926,2025-12-01,Economy,9C,322.51,Confirmed
1990,222,640,2025-07-30,Business,2B,562.87,Confirmed
1991,233,355,2025-12-20,Economy,6A,207.94,Confirmed
1992,157,128,2026-09-14,Economy,25D,886.24,Confirmed
1993,344,319,2025-11-03,Premium Economy,5A,159.45,Completed
1994,421,945,2025-12-07,Premium Economy,28D,786.47,Confirmed
1995,37,396,2026-05-14,First Class,38F,3440.28,Cancelled
1996,115,9,2026-08-19,Business,34C,2017.6,Confirmed
1997,53,993,2026-05-24,Economy,6D,314.44,Cancelled
1998,93,646,2026-01-01,First Class,1E,708.28,Cancelled
1999,431,451,2025-09-27,Premium Economy,14F,284.05,Confirmed
2000,476,408,2026-01-27,Economy,15E,490.75,Cancelled
2001,308,475,2025-10-08,Business,23D,924.8,Cancelled
2002,104,339,2026-03-14,Business,5C,1694.55,Confirmed
2003,350,631,2025-09-30,First Class,7B,3607.8,Confirmed
2004,292,706,2026-03-24,Premium Economy,22E,598.73,Confirmed
2005,441,955,2026-10-08,Business,15E,236.24,Cancelled
2006,423,323,2026-05-08,Economy,4E,276.92,Confirmed
2007,123,564,2026-01-20,First Class,5B,3177.15,Confirmed
2008,419,675,2026-05-28,First Class,4D,1206.43,Confirmed
2009,472,297,2026-05-31,Premium Economy,33D,770.24,Completed
2010,384,518,2026-09-24,Economy,32C,240.31,Cancelled
2011,55,237,2025-10-25,Economy,28B,696.42,Confirmed
2012,418,995,2026-09-22,Business,20B,1026.47,Cancelled
2013,280,927,2026-09-29,Economy,25B,797.49,Confirmed
2014,112,119,2026-08-03,Economy,2E,921.77,Confirmed
2015,449,719,2026-05-12,First Class,38A,419.38,Confirmed
2016,95,558,2026-08-23,First Class,17A,3907.43,Completed
2017,420,629,2026-02-03,Business,35D,580.09,Completed
2018,166,590,2026-09-30,Economy,18E,839.09,Confirmed
2019,256,497,2026-05-30,Economy,14A,838.89,Confirmed
2020,81,190,2025-11-20,Business,40A,789.45,Confirmed
2021,23,383,2026-01-30,Premium Economy,37D,629.14,Completed
2022,232,482,2026-06-05,Premium Economy,32A,1290.32,Completed
2023,458,592,2025-09-25,Economy,28D,474.96,Confirmed
2024,313,930,2025-12-18,Economy,11B,302.87,Completed
2025,266,860,2026-03-15,Business,34B,2232.29,Cancelled
2026,486,479,2025-09-29,Economy,21A,955.69,Confirmed
2027,353,998,2025-08-08,Economy,29A,307.03,Confirmed
2028,332,547,2026-01-11,Premium Economy,37D,1559.73,Confirmed
2029,143,252,2026-10-15,Economy,3A,750.18,Cancelled
2030,128,245,2026-07-12,Business,14D,1641.29,Confirmed
2031,146,476,2026-01-19,First Class,29D,230.54,Cancelled
2032,97,30,2026-06-15,Economy,39F,769.05,Cancelled
2033,249,672,2026-03-24,First Class,21C,1968.25,Confirmed
2034,90,63,2026-02-26,Economy,3B,76.34,Confirmed
2035,76,342,2026-05-02,Economy,38B,700.01,Completed
2036,369,563,2026-05-06,Economy,33D,633.28,Confirmed
2037,393,425,2026-02-24,Economy,23E,432.62,Confirmed
2038,413,974,2026-01-30,Business,3F,1686.4,Cancelled
2039,55,753,2026-04-23,Economy,19A,322.76,Confirmed
2040,364,982,2025-08-30,Business,18F,146.18,Confirmed
2041,50,211,2026-02-13,Business,18B,1288.09,Confirmed
2042,145,319,2026-02-17,Economy,5E,791.98,Confirmed
2043,135,764,2026-05-22,Premium Economy,10D,178.28,Completed
2044,8,803,2025-12-06,Premium Economy,7F,766.57,Confirmed
2045,204,508,2025-10-27,Economy,3B,506.53,Cancelled
2046,202,633,2026-07-19,Business,15B,1339.86,Confirmed
2047,387,302,2026-02-20,Business,13A,650.77,Completed
2048,425,684,2026-11-21,Economy,31F,551.18,Confirmed
2049,463,395,2026-04-22,Business,13E,197.84,Cancelled
2050,402,707,2026-08-11,Economy,39B,359.46,Cancelled
2051,487,872,2025-09-26,First Class,4C,1130.7,Confirmed
2052,318,683,2025-11-15,Economy,2D,874.61,Completed
2053,256,586,2025-11-08,Economy,29D,81.23,Confirmed
2054,384,496,2026-08-18,First Class,3D,1167.44,Confirmed
2055,294,955,2026-07-28,First Class,33F,2668.25,Completed
2056,61,881,2026-06-24,Business,28B,1595.13,Confirmed
2057,10,478,2026-02-28,Economy,34C,894.02,Cancelled
2058,106,963,2025-10-02,Premium Economy,4F,1549.23,Confirmed
2059,133,422,2025-08-29,Economy,15F,263.29,Confirmed
2060,384,338,2025-12-17,Business,12E,2058.05,Confirmed
2061,56,99,2026-01-15,Economy,7B,967.67,Completed
2062,59,381,2026-09-11,Economy,19B,1059.81,Confirmed
2063,279,741,2026-08-11,First Class,9A,4099.6,Cancelled
2064,273,149,2026-04-23,Economy,28A,640.68,Confirmed
2065,50,20,2026-03-28,Economy,14F,530.2,Confirmed
2066,64,167,2026-06-15,Business,11C,1028.16,Cancelled
2067,446,810,2026-06-01,Economy,9A,520.0,Confirmed
2068,268,594,2026-09-16,Economy,33B,1018.44,Confirmed
2069,430,778,2025-11-10,Economy,33C,521.64,Confirmed
2070,361,383,2026-02-08,Economy,36C,462.36,Cancelled
2071,48,270,2026-06-13,Economy,27D,871.12,Confirmed
2072,481,376,2025-12-12,Premium Economy,4A,625.89,Cancelled
2073,382,47,2025-08-01,Economy,27C,485.01,Confirmed
2074,481,556,2026-01-10,Economy,7A,872.46,Confirmed
2075,248,802,2025-11-08,Business,3B,572.11,Confirmed
2076,398,428,2025-12-01,Premium Economy,2B,652.85,Confirmed
2077,31,366,2026-04-01,Economy,9A,594.96,Completed
2078,295,940,2026-06-08,Economy,33F,314.03,Confirmed
2079,85,761,2026-03-08,Premium Economy,3D,1395.07,Confirmed
2080,145,124,2026-05-01,Economy,2E,626.88,Confirmed
2081,180,236,2026-06-29,Economy,1B,413.08,Confirmed
2082,64,119,2026-06-29,First Class,22D,2656.57,Confirmed
2083,489,327,2026-04-04,Economy,40F,137.68,Confirmed
2084,485,404,2025-12-23,Economy,29F,985.56,Cancelled
2085,288,755,2025-09-22,First Class,36F,1145.67,Confirmed
2086,340,160,2025-10-19,Business,26C,1578.8,Confirmed
2087,97,1,2026-09-06,Economy,19A,886.98,Confirmed
2088,124,446,2025-11-14,Premium Economy,15E,420.15,Completed
2089,410,627,2026-07-14,Economy,12E,95.93,Completed
2090,483,168,2026-06-16,Economy,20E,240.03,Confirmed
2091,366,81,2026-03-31,First Class,22E,2770.49,Confirmed
2092,490,532,2026-04-10,Economy,17C,95.86,Confirmed
2093,79,371,2026-08-18,First Class,21E,2390.25,Confirmed
2094,120,435,2025-08-17,Economy,38C,655.88,Completed
2095,446,145,2026-03-01,Business,8A,896.01,Cancelled
2096,327,149,2026-01-16,Business,34C,706.62,Confirmed
2097,235,73,2026-07-09,Economy,14F,237.19,Confirmed
2098,400,726,2026-01-01,Premium Economy,30F,165.33,Cancelled
2099,473,957,2025-10-05,Economy,28A,767.2,Completed
2100,255,272,2025-12-24,First Class,4E,334.2,Confirmed
2101,155,904,2025-10-27,Economy,6C,985.37,Confirmed
2102,276,245,2026-06-20,Premium Economy,10D,608.98,Confirmed
2103,157,701,2026-09-14,Premium Economy,17E,814.94,Confirmed
2104,44,950,2026-06-26,Economy,3A,565.1,Completed
2105,480,817,2026-03-11,Business,25A,1675.87,Confirmed
2106,458,844,2026-02-08,Economy,32D,454.9,Confirmed
2107,39,345,2025-12-27,First Class,16E,1813.9,Cancelled
2108,337,984,2025-12-24,First Class,31A,2105.29,Completed
2109,401,892,2026-05-18,Economy,11A,66.92,Confirmed
2110,420,511,2026-10-21,Business,20D,2113.19,Confirmed
2111,296,732,2025-10-01,Economy,31C,359.44,Confirmed
2112,185,498,2026-04-10,Business,7E,223.5,Confirmed
2113,293,352,2025-12-26,First Class,35F,2352.51,Confirmed
2114,61,908,2026-06-29,First Class,23D,3515.89,Completed
2115,22,54,2026-07-09,Economy,12C,455.99,Confirmed
2116,273,118,2026-06-16,Economy,6F,253.34,Confirmed
2117,383,552,2026-05-01,Business,8A,135.59,Confirmed
2118,59,203,2026-07-26,Business,8B,1962.66,Confirmed
2119,15,571,2025-12-01,Economy,36B,207.97,Confirmed
2120,395,894,2026-12-22,Premium Economy,15B,1460.2,Completed
2121,448,268,2026-07-26,Premium Economy,13E,805.09,Confirmed
2122,91,560,2025-12-15,First Class,28B,2015.92,Confirmed
2123,483,346,2026-05-10,Economy,38D,534.39,Confirmed
2124,33,796,2026-03-10,Premium Economy,37B,376.07,Confirmed
2125,450,552,2026-07-04,First Class,6F,3584.48,Confirmed
2126,388,672,2025-12-01,Business,7F,440.86,Completed
2127,28,224,2026-06-05,Premium Economy,32E,996.91,Confirmed
2128,130,329,2026-07-22,First Class,17A,2680.18,Confirmed
2129,454,674,2026-08-31,Economy,37B,620.88,Confirmed
2130,323,629,2026-03-29,Economy,20F,1043.65,Confirmed
2131,433,469,2026-07-04,First Class,33B,3284.2,Confirmed
2132,189,272,2025-12-27,Economy,11F,59.06,Confirmed
2133,140,180,2025-12-10,Economy,14C,815.2,Confirmed
2134,159,148,2026-01-11,First Class,10D,3198.89,Confirmed
2135,144,585,2026-02-04,Business,28A,1468.42,Confirmed
2136,377,692,2026-04-26,First Class,40A,1570.4,Confirmed
2137,72,870,2026-06-15,Business,36A,579.24,Confirmed
2138,357,865,2026-11-17,Premium Economy,25C,717.08,Confirmed
2139,4,510,2025-10-15,Economy,21B,1032.75,Cancelled
2140,489,275,2025-12-04,Economy,28D,518.95,Confirmed
2141,232,402,2026-10-15,Economy,31B,498.24,Confirmed
2142,2,84,2026-10-02,Business,28E,1522.49,Confirmed
2143,360,739,2026-02-02,First Class,8E,1812.54,Confirmed
2144,115,384,2026-07-12,First Class,40E,2754.14,Cancelled
2145,421,447,2026-04-22,Economy,1C,275.02,Cancelled
2146,436,784,2026-01-05,Premium Economy,27D,1110.03,Cancelled
2147,282,373,2026-10-17,Economy,33F,465.22,Confirmed
2148,469,778,2026-01-02,First Class,21C,1958.51,Confirmed
2149,349,675,2026-02-24,Premium Economy,30D,1107.93,Completed
2150,22,122,2025-12-28,Business,32D,1161.84,Confirmed
2151,489,856,2026-08-08,Economy,28B,926.0,Confirmed
2152,130,483,2026-06-28,Premium Economy,24B,816.93,Confirmed
2153,331,357,2025-11-13,Economy,40C,102.21,Completed
2154,87,933,2026-01-12,Economy,8F,802.78,Confirmed
2155,183,701,2026-08-29,Business,35B,1994.96,Cancelled
2156,120,483,2026-08-04,Business,12A,1151.81,Confirmed
2157,368,606,2025-09-27,Premium Economy,22D,833.76,Cancelled
2158,153,383,2026-03-19,Premium Economy,29B,538.49,Completed
2159,168,117,2025-12-01,Economy,9C,773.0,Cancelled
2160,243,765,2025-09-04,Business,11B,968.97,Confirmed
2161,189,269,2026-01-14,First Class,34A,3020.32,Confirmed
2162,411,999,2025-12-10,Economy,39D,960.24,Confirmed
2163,429,270,2026-06-11,Economy,25A,339.31,Confirmed
2164,125,263,2026-03-02,Economy,37D,1009.84,Completed
2165,392,214,2025-10-14,Economy,39E,986.49,Completed
2166,119,261,2026-05-17,Economy,25F,908.3,Cancelled
2167,37,928,2026-09-04,Business,39D,265.52,Confirmed
2168,409,270,2026-07-11,Economy,29A,429.05,Confirmed
2169,9,916,2026-03-30,Business,38E,2314.76,Confirmed
2170,257,322,2025-08-18,First Class,31F,3200.93,Confirmed
2171,225,529,2026-05-25,First Class,30E,2877.83,Confirmed
2172,419,414,2026-04-23,Economy,31D,482.42,Confirmed
2173,129,646,2026-05-26,First Class,35D,735.21,Confirmed
2174,446,739,2026-03-27,Economy,7C,995.16,Confirmed
2175,129,689,2025-12-06,Premium Economy,24B,334.78,Confirmed
2176,428,368,2026-02-18,Premium Economy,21A,986.11,Confirmed
2177,457,785,2026-09-25,Premium Economy,34B,974.26,Confirmed
2178,103,18,2025-08-18,Economy,27B,672.32,Completed
2179,309,593,2026-09-07,Economy,37A,347.9,Cancelled
2180,425,174,2026-06-12,Economy,34A,584.22,Cancelled
2181,413,184,2026-07-08,Economy,7C,398.26,Confirmed
2182,433,369,2026-01-22,Business,19C,1569.87,Confirmed
2183,460,592,2026-01-24,Economy,23F,1023.49,Confirmed
2184,221,328,2026-08-24,Economy,38C,850.11,Completed
2185,438,851,2025-11-16,Economy,1A,510.75,Confirmed
2186,372,649,2026-03-08,Premium Economy,31C,319.49,Cancelled
2187,441,859,2026-06-24,Business,11B,704.48,Confirmed
2188,149,78,2025-12-10,Business,4E,304.14,Completed
2189,298,183,2026-05-03,First Class,8F,865.45,Confirmed
2190,395,767,2025-11-25,Economy,17F,543.02,Confirmed
2191,286,475,2025-12-13,Premium Economy,22D,545.17,Confirmed
2192,483,528,2026-04-29,Economy,5E,142.85,Confirmed
2193,479,643,2026-01-08,Economy,16D,771.64,Confirmed
2194,317,636,2025-12-15,Economy,5E,167.7,Confirmed
2195,381,894,2026-08-19,Economy,33B,910.44,Cancelled
2196,498,591,2026-03-04,Economy,29F,937.57,Confirmed
2197,81,564,2026-03-11,Business,13E,710.74,Confirmed
2198,75,210,2026-06-01,Business,26F,517.59,Confirmed
2199,256,791,2026-03-20,Premium Economy,3F,813.58,Confirmed
2200,427,22,2026-05-07,Premium Economy,28D,328.78,Cancelled
2201,206,542,2026-03-25,Business,11B,2436.54,Confirmed
2202,496,872,2026-03-11,First Class,35B,3029.4,Completed
2203,432,191,2026-10-16,Economy,9D,926.03,Cancelled
2204,304,461,2026-07-20,Economy,3A,503.08,Confirmed
2205,187,679,2026-01-27,Economy,31F,560.17,Confirmed
2206,153,205,2026-08-17,First Class,35E,1361.01,Confirmed
2207,230,702,2026-02-28,Business,35D,1332.05,Confirmed
2208,463,690,2026-04-07,Economy,37A,261.72,Cancelled
2209,331,642,2026-01-29,Economy,36C,67.32,Confirmed
2210,226,55,2025-10-08,First Class,40B,1981.47,Confirmed
2211,463,174,2026-06-06,Economy,5C,523.29,Cancelled
2212,206,490,2026-02-17,Economy,3A,358.55,Completed
2213,72,809,2025-11-09,Economy,21D,199.76,Completed
2214,204,159,2026-02-04,Economy,13D,438.36,Completed
2215,397,280,2026-06-16,Economy,39C,870.51,Confirmed
2216,380,495,2026-08-07,Premium Economy,27B,511.22,Confirmed
2217,411,51,2026-06-28,Economy,37E,563.42,Cancelled
2218,351,644,2025-12-23,Economy,11A,229.36,Confirmed
2219,131,511,2026-08-05,Premium Economy,5B,501.19,Confirmed
2220,462,460,2026-03-05,Business,38E,925.94,Confirmed
2221,479,43,2025-10-10,Business,17B,1398.6,Confirmed
2222,233,291,2026-01-30,First Class,14D,4283.7,Confirmed
2223,273,687,2026-05-27,Business,16F,1467.93,Completed
2224,167,133,2026-01-30,Economy,15D,538.52,Confirmed
2225,287,404,2025-11-28,Business,5E,1117.74,Cancelled
2226,444,135,2026-09-14,Economy,20B,623.88,Confirmed
2227,446,365,2025-09-13,Economy,21F,512.02,Cancelled
2228,54,769,2025-12-04,Economy,14A,555.55,Confirmed
2229,101,118,2026-05-12,Premium Economy,30A,370.14,Confirmed
2230,65,144,2026-08-10,Economy,14A,349.55,Confirmed
2231,321,844,2026-01-28,Business,5B,1339.04,Confirmed
2232,32,862,2026-10-09,Premium Economy,22C,600.39,Confirmed
2233,398,461,2026-06-26,First Class,27B,936.44,Confirmed
2234,140,951,2026-02-09,Economy,25B,214.32,Cancelled
2235,423,230,2026-02-14,Business,39E,1099.68,Confirmed
2236,414,507,2026-08-03,Business,20C,1174.84,Confirmed
2237,178,916,2026-06-07,Business,9F,1064.81,Cancelled
2238,165,459,2025-09-03,Premium Economy,38D,1081.25,Confirmed
2239,441,633,2026-12-14,Economy,19B,841.85,Confirmed
2240,160,854,2025-07-28,First Class,33E,2253.9,Confirmed
2241,430,523,2025-12-20,Premium Economy,16A,812.45,Cancelled
2242,34,946,2025-08-11,First Class,16F,3210.69,Confirmed
2243,323,211,2025-11-23,First Class,17A,653.12,Completed
2244,181,277,2026-09-09,First Class,24A,405.08,Confirmed
2245,227,18,2026-01-15,Premium Economy,7E,537.47,Completed
2246,183,31,2026-05-04,Economy,15F,396.33,Confirmed
2247,238,104,2026-01-04,Economy,15C,330.71,Confirmed
2248,36,496,2026-10-13,Economy,20F,843.4,Confirmed
2249,311,92,2026-02-20,Premium Economy,35B,722.26,Confirmed
2250,142,334,2026-05-04,Economy,36D,226.96,Confirmed
2251,138,824,2026-03-25,Economy,22E,869.1,Confirmed
2252,38,154,2026-06-02,Premium Economy,11C,1123.77,Confirmed
2253,358,200,2026-01-23,Economy,32B,894.08,Confirmed
2254,332,520,2026-04-10,Premium Economy,1B,1121.35,Cancelled
2255,306,419,2025-09-01,Economy,38F,985.54,Confirmed
2256,301,121,2026-05-26,Economy,22B,116.39,Cancelled
2257,444,713,2026-05-14,Business,22F,414.68,Confirmed
2258,308,53,2026-02-16,Business,8F,1146.48,Confirmed
2259,265,146,2026-05-13,First Class,35D,2901.21,Completed
2260,42,795,2026-05-06,Premium Economy,5E,1123.0,Confirmed
2261,489,904,2025-11-03,Economy,35D,269.27,Completed
2262,411,197,2025-10-04,Premium Economy,25B,218.35,Completed
2263,404,867,2026-10-24,Premium Economy,17A,475.43,Confirmed
2264,11,7,2026-07-30,Business,18F,1748.52,Completed
2265,218,235,2026-10-03,First Class,28B,3366.18,Confirmed
2266,6,379,2026-09-07,Premium Economy,1F,1026.85,Confirmed
2267,177,240,2026-05-08,First Class,6C,4043.91,Completed
2268,460,639,2026-04-04,Economy,7B,452.03,Confirmed
2269,289,20,2026-07-10,Premium Economy,20C,500.79,Completed
2270,258,658,2026-05-10,First Class,12D,1739.43,Completed
2271,109,956,2026-02-28,Economy,26B,870.28,Confirmed
2272,219,402,2026-06-18,Economy,16E,644.49,Confirmed
2273,319,150,2025-10-07,Economy,17E,867.5,Cancelled
2274,323,224,2026-05-27,First Class,31A,2226.79,Confirmed
2275,306,636,2026-04-12,Premium Economy,25E,517.09,Cancelled
2276,45,753,2026-01-22,Premium Economy,10A,223.01,Cancelled
2277,20,874,2026-03-19,Economy,7A,318.57,Confirmed
2278,200,691,2025-08-26,Premium Economy,11E,570.39,Completed
2279,406,569,2026-06-08,Premium Economy,27D,880.01,Cancelled
2280,22,430,2026-11-06,Business,2B,1778.5,Cancelled
2281,419,344,2025-12-23,Economy,40B,249.35,Completed
2282,428,64,2026-08-22,Economy,34C,291.62,Cancelled
2283,160,985,2026-09-28,First Class,2E,1237.16,Cancelled
2284,105,484,2026-08-04,Economy,14F,100.31,Confirmed
2285,35,890,2026-09-10,First Class,18C,939.1,Confirmed
2286,55,517,2026-09-18,Economy,31C,283.08,Confirmed
2287,386,977,2026-06-24,Premium Economy,24F,1420.62,Confirmed
2288,464,501,2025-09-22,First Class,14A,1983.83,Cancelled
2289,350,281,2026-09-20,Economy,3D,809.16,Confirmed
2290,377,251,2026-06-24,Business,2F,148.56,Cancelled
2291,409,374,2025-11-11,Economy,8E,647.63,Completed
2292,3,578,2026-05-18,Economy,21D,842.58,Confirmed
2293,35,325,2026-03-19,Business,39D,2097.38,Confirmed
2294,290,483,2026-04-09,Premium Economy,40F,328.67,Confirmed
2295,27,746,2026-03-21,Premium Economy,38A,429.3,Completed
2296,297,969,2026-01-28,Economy,38F,112.34,Cancelled
2297,225,529,2026-10-07,Economy,25B,128.79,Confirmed
2298,169,499,2025-12-20,First Class,39E,1117.07,Confirmed
2299,350,318,2026-02-12,Premium Economy,20D,1026.96,Confirmed
2300,155,597,2025-09-28,Economy,12C,442.84,Completed
2301,212,171,2025-08-17,Premium Economy,35F,255.8,Confirmed
2302,331,515,2026-07-06,Economy,32A,235.23,Confirmed
2303,17,578,2026-06-26,Business,11A,236.98,Confirmed
2304,101,255,2026-02-14,Economy,11A,414.76,Confirmed
2305,410,363,2025-11-25,Premium Economy,30A,1402.04,Confirmed
2306,89,604,2025-12-14,Economy,30E,844.72,Cancelled
2307,144,158,2025-11-16,Economy,4F,920.92,Confirmed
2308,283,15,2026-01-28,Premium Economy,4F,1250.0,Confirmed
2309,348,370,2026-04-19,Economy,26B,294.61,Confirmed
2310,91,312,2026-05-10,First Class,33D,1064.26,Cancelled
2311,149,761,2025-12-18,Economy,11D,577.0,Cancelled
2312,189,662,2026-04-25,Premium Economy,1F,999.76,Confirmed
2313,352,346,2026-03-17,Economy,27F,1078.89,Confirmed
2314,308,91,2026-07-07,First Class,17C,1151.82,Confirmed
2315,392,997,2026-11-14,Premium Economy,20A,1383.42,Confirmed
2316,210,884,2026-06-05,Business,40E,821.13,Confirmed
2317,417,348,2026-05-02,Premium Economy,5D,1558.22,Completed
2318,220,149,2026-04-09,Economy,31D,716.55,Confirmed
2319,20,30,2026-07-22,Premium Economy,36E,468.74,Confirmed
2320,362,234,2026-04-26,Economy,36A,488.78,Completed
2321,237,376,2026-02-17,Premium Economy,13C,1220.6,Completed
2322,76,917,2026-01-19,Economy,16B,641.3,Completed
2323,142,356,2026-02-21,Business,4D,2348.84,Cancelled
2324,437,606,2026-02-02,Business,1A,816.91,Completed
2325,384,193,2025-12-08,Premium Economy,33C,962.08,Cancelled
2326,304,92,2026-04-30,Economy,22B,1014.77,Confirmed
2327,341,364,2026-03-04,Economy,14E,169.12,Confirmed
2328,380,74,2026-06-06,Economy,36D,902.76,Confirmed
2329,470,663,2025-10-25,Premium Economy,28E,822.44,Confirmed
2330,82,686,2026-07-15,Business,8A,310.47,Confirmed
2331,22,958,2026-01-14,First Class,23A,2967.29,Confirmed
2332,436,13,2026-09-26,Economy,35A,552.3,Completed
2333,401,863,2026-09-13,Premium Economy,36D,797.6,Completed
2334,392,732,2025-08-14,Premium Economy,32B,1008.94,Confirmed
2335,351,299,2026-04-20,Economy,25E,465.33,Confirmed
2336,193,138,2026-03-12,Economy,21D,500.6,Confirmed
2337,488,572,2026-12-02,First Class,25E,872.36,Cancelled
2338,183,280,2026-06-04,Business,34B,2018.19,Confirmed
2339,119,400,2026-01-15,First Class,11C,894.4,Confirmed
2340,341,717,2025-10-07,Economy,5D,944.46,Confirmed
2341,348,355,2025-12-30,Premium Economy,24E,550.35,Cancelled
2342,327,760,2026-01-19,Economy,25A,959.24,Confirmed
2343,424,759,2026-03-23,Economy,15F,118.52,Confirmed
2344,18,24,2026-01-19,First Class,8E,1559.54,Confirmed
2345,227,464,2026-08-02,First Class,18B,1412.56,Confirmed
2346,371,392,2026-11-08,First Class,30D,1481.26,Cancelled
2347,53,296,2026-03-29,Business,10E,825.43,Cancelled
2348,136,634,2026-01-19,Business,9D,265.18,Confirmed
2349,285,260,2026-01-06,Economy,25F,757.49,Confirmed
2350,490,909,2026-06-22,Economy,34C,127.37,Cancelled
2351,166,105,2026-09-11,Premium Economy,22F,562.53,Confirmed
2352,45,245,2026-03-05,Premium Economy,1C,949.03,Confirmed
2353,66,635,2026-07-19,Premium Economy,33C,437.44,Completed
2354,415,386,2025-09-22,First Class,38A,3055.58,Completed
2355,7,279,2026-02-15,First Class,15B,569.03,Confirmed
2356,411,852,2026-03-01,Economy,40B,898.38,Confirmed
2357,217,676,2026-12-02,Economy,32D,212.27,Confirmed
2358,224,127,2026-12-27,Premium Economy,5C,333.09,Confirmed
2359,308,398,2025-07-24,Premium Economy,31A,316.55,Confirmed
2360,128,983,2026-02-26,Economy,36C,171.06,Confirmed
2361,323,652,2025-10-02,Business,19A,1202.91,Confirmed
2362,465,216,2025-11-23,Business,14A,2394.76,Confirmed
2363,286,813,2025-12-23,Economy,4D,346.13,Cancelled
2364,482,480,2026-01-02,Economy,17F,128.54,Confirmed
2365,383,890,2026-10-27,Economy,23B,503.53,Confirmed
2366,35,312,2026-07-04,First Class,21F,2903.13,Confirmed
2367,326,557,2026-08-29,Economy,23C,74.33,Confirmed
2368,481,290,2025-10-23,Economy,36C,679.46,Completed
2369,8,988,2026-03-03,Economy,19C,269.94,Confirmed
2370,156,127,2026-10-24,Premium Economy,28A,763.43,Confirmed
2371,158,759,2026-05-14,Economy,6E,1012.48,Completed
2372,357,332,2026-02-04,Economy,27F,994.58,Cancelled
2373,92,805,2026-09-13,First Class,37C,1570.86,Confirmed
2374,413,205,2026-11-28,Economy,7B,378.6,Confirmed
2375,272,167,2026-07-04,Economy,11C,857.71,Cancelled
2376,493,793,2025-10-15,Economy,40D,68.1,Completed
2377,41,434,2025-08-15,Economy,13D,888.21,Confirmed
2378,179,901,2025-11-11,Economy,20E,62.24,Confirmed
2379,62,344,2026-03-26,Premium Economy,36D,278.01,Confirmed
2380,72,375,2025-10-20,Economy,1F,925.41,Confirmed
2381,351,607,2026-07-16,Premium Economy,21F,966.11,Confirmed
2382,369,721,2026-01-25,Economy,32E,638.43,Completed
2383,426,690,2025-12-13,Economy,32C,211.02,Confirmed
2384,289,644,2025-12-07,Economy,31B,700.74,Confirmed
2385,354,586,2025-12-11,Economy,17C,909.77,Confirmed
2386,123,35,2026-01-08,Economy,11E,522.65,Cancelled
2387,333,243,2026-05-29,First Class,19D,4160.35,Completed
2388,165,596,2026-06-28,Economy,31F,723.47,Cancelled
2389,402,623,2026-03-10,Economy,29C,176.16,Confirmed
2390,113,825,2026-07-30,Economy,10E,532.86,Completed
2391,455,760,2026-01-18,Business,6A,714.22,Completed
2392,20,671,2025-08-27,Premium Economy,19D,840.55,Confirmed
2393,466,557,2026-08-17,Economy,26D,327.73,Cancelled
2394,188,414,2026-03-30,Economy,23F,430.47,Completed
2395,76,688,2026-02-09,Business,3D,2484.47,Completed
2396,31,651,2026-07-02,Economy,24B,900.58,Confirmed
2397,485,380,2025-10-29,Economy,10A,1024.1,Confirmed
2398,442,180,2025-09-06,Economy,26D,820.29,Confirmed
2399,329,335,2026-05-15,Business,26F,2472.08,Completed
2400,3,269,2025-12-05,Economy,24F,770.57,Confirmed
2401,271,804,2026-08-27,Economy,35D,769.08,Completed
2402,212,172,2025-10-31,Premium Economy,11D,1038.61,Confirmed
2403,404,362,2026-04-05,Premium Economy,39C,1258.82,Confirmed
2404,140,513,2026-03-24,Business,28D,785.39,Confirmed
2405,268,465,2026-06-02,First Class,14C,3980.79,Confirmed
2406,153,493,2026-08-05,Premium Economy,32B,641.44,Confirmed
2407,331,247,2025-12-06,Economy,1E,687.09,Confirmed
2408,162,841,2026-03-29,First Class,3D,309.16,Confirmed
2409,225,313,2026-08-04,Business,2A,333.8,Confirmed
2410,456,266,2026-08-27,First Class,16B,2504.71,Cancelled
2411,328,804,2026-06-19,Economy,15F,331.97,Confirmed
2412,326,589,2026-03-13,Business,7E,2090.35,Confirmed
2413,150,668,2026-01-19,Business,26B,263.38,Confirmed
2414,160,60,2026-02-09,Economy,14B,644.47,Confirmed
2415,176,616,2026-08-20,Economy,10E,879.89,Confirmed
2416,462,60,2025-10-29,Economy,40E,213.38,Confirmed
2417,227,727,2026-10-03,Business,33D,723.6,Confirmed
2418,428,312,2026-07-24,Premium Economy,14E,560.78,Confirmed
2419,106,105,2026-05-15,First Class,26E,2326.65,Completed
2420,365,647,2026-06-27,Economy,8A,538.19,Confirmed
2421,469,289,2026-03-17,First Class,8F,4266.41,Cancelled
2422,39,161,2026-04-18,Economy,23F,630.15,Completed
2423,89,235,2026-06-26,Economy,9E,241.8,Cancelled
2424,326,521,2026-07-04,Economy,17D,634.0,Completed
2425,230,533,2025-12-13,Economy,8F,614.99,Confirmed
2426,225,244,2026-06-19,Business,14A,1352.12,Cancelled
2427,52,584,2026-02-21,Economy,7D,73.29,Confirmed
2428,379,608,2026-09-27,Economy,27B,567.4,Confirmed
2429,80,299,2026-04-27,Premium Economy,32A,805.31,Cancelled
2430,128,380,2026-01-25,First Class,38E,783.52,Completed
2431,76,280,2026-01-18,Business,35D,1682.42,Confirmed
2432,79,483,2026-06-28,Premium Economy,23D,901.18,Confirmed
2433,80,270,2026-08-09,Premium Economy,36D,872.32,Confirmed
2434,148,364,2026-04-29,Economy,33A,519.04,Confirmed
2435,166,614,2026-09-20,Economy,38B,268.67,Confirmed
2436,289,729,2026-02-25,Business,17A,1864.87,Completed
2437,38,583,2026-07-06,Economy,2D,543.58,Confirmed
2438,488,867,2026-11-01,Economy,19F,622.92,Cancelled
2439,394,34,2026-11-16,Economy,38F,88.43,Cancelled
2440,332,47,2025-12-01,Premium Economy,35A,203.25,Confirmed
2441,89,148,2025-12-31,Premium Economy,32E,1284.0,Completed
2442,240,464,2026-07-24,Premium Economy,20D,289.83,Confirmed
2443,284,433,2026-12-05,Economy,9F,505.33,Completed
2444,38,477,2025-12-25,Premium Economy,3B,979.08,Confirmed
2445,156,594,2026-05-30,Business,10F,2346.19,Confirmed
2446,422,318,2025-12-01,Business,15A,1602.08,Completed
2447,366,839,2025-09-24,Economy,39E,861.61,Confirmed
2448,212,815,2026-06-20,Economy,1C,691.29,Completed
2449,140,873,2026-03-28,Business,6F,2326.44,Confirmed
2450,308,342,2026-04-01,Economy,19F,840.94,Completed
2451,15,183,2025-12-17,Economy,33D,241.65,Confirmed
2452,388,579,2026-01-23,Economy,37A,1108.41,Confirmed
2453,276,80,2026-09-02,Premium Economy,18D,518.42,Cancelled
2454,470,323,2026-04-15,First Class,13A,3367.48,Completed
2455,390,311,2026-09-04,Premium Economy,36F,607.82,Completed
2456,430,771,2026-01-23,Economy,33C,821.45,Confirmed
2457,431,277,2026-07-21,Premium Economy,24B,1126.69,Completed
2458,199,525,2026-03-10,Premium Economy,30E,481.95,Confirmed
2459,151,142,2026-09-04,First Class,21C,1222.58,Confirmed
2460,454,482,2026-04-14,Premium Economy,8B,281.54,Confirmed
2461,115,96,2025-12-22,Premium Economy,36A,1241.4,Confirmed
2462,61,324,2026-01-05,Business,30B,1700.03,Confirmed
2463,25,403,2025-12-04,Premium Economy,7E,478.63,Confirmed
2464,56,587,2026-06-04,Economy,11D,651.42,Confirmed
2465,486,320,2026-01-22,First Class,28B,4191.78,Confirmed
2466,477,227,2025-12-13,Economy,12B,775.99,Cancelled
2467,423,824,2026-01-31,First Class,34E,2010.54,Cancelled
2468,479,848,2026-02-14,First Class,24E,2176.2,Confirmed
2469,148,889,2026-06-06,Premium Economy,12D,236.73,Confirmed
2470,259,558,2026-07-21,Economy,32A,716.45,Cancelled
2471,133,330,2026-03-25,Economy,24A,884.58,Confirmed
2472,200,638,2026-02-23,Economy,5D,239.86,Confirmed
2473,110,386,2025-12-27,Economy,3C,924.8,Cancelled
2474,75,118,2026-05-03,Premium Economy,3F,1065.54,Confirmed
2475,204,333,2026-07-11,Premium Economy,6E,1065.67,Confirmed
2476,475,349,2025-10-02,Business,29C,161.82,Confirmed
2477,183,70,2026-03-17,Business,22C,1028.74,Confirmed
2478,230,349,2025-10-09,Economy,40C,119.17,Completed
2479,35,952,2025-10-28,First Class,39A,2018.93,Confirmed
2480,452,745,2026-05-10,Economy,13E,1059.54,Completed
2481,216,944,2026-05-05,Economy,13B,756.0,Confirmed
2482,338,936,2025-10-09,Business,21F,1410.99,Confirmed
2483,178,171,2026-01-09,Economy,34E,223.46,Confirmed
2484,203,322,2025-07-29,First Class,22E,4279.16,Cancelled
2485,210,764,2026-04-29,Premium Economy,10F,939.09,Confirmed
2486,211,302,2026-06-04,Business,33E,428.8,Confirmed
2487,440,515,2026-04-07,Economy,9D,779.35,Confirmed
2488,22,494,2025-11-22,Business,15C,1727.59,Completed
2489,6,352,2026-05-16,Economy,9C,927.64,Confirmed
2490,202,832,2026-04-02,Premium Economy,27F,298.95,Completed
2491,129,452,2026-04-02,Economy,27A,385.94,Confirmed
2492,234,7,2026-09-23,Business,12E,1511.05,Confirmed
2493,284,51,2026-04-08,Economy,14E,280.94,Confirmed
2494,418,142,2026-05-05,Economy,9D,609.73,Confirmed
2495,192,422,2025-08-31,Premium Economy,13F,89.82,Confirmed
2496,243,302,2026-03-16,Premium Economy,33B,493.76,Confirmed
2497,356,755,2026-01-31,First Class,9F,1657.12,Completed
2498,83,97,2025-12-21,Economy,38E,510.81,Completed
2499,160,225,2026-10-14,Business,8C,2093.56,Completed
2500,318,481,2026-01-22,Business,1C,2039.78,Completed
2501,183,733,2026-04-23,Business,3A,2229.17,Confirmed
2502,454,413,2026-01-27,Premium Economy,17B,521.33,Confirmed
2503,112,440,2026-03-18,Business,25C,435.89,Confirmed
2504,493,80,2026-05-28,Premium Economy,38E,1188.39,Confirmed
2505,22,986,2026-04-09,Business,40F,541.85,Completed
2506,488,422,2025-12-04,First Class,33B,4294.93,Confirmed
2507,475,372,2025-08-20,Economy,17B,183.47,Completed
2508,496,378,2025-09-17,Premium Economy,19B,1074.37,Cancelled
2509,326,473,2025-09-04,Economy,24D,654.07,Confirmed
2510,33,516,2025-10-07,Economy,28A,267.02,Confirmed
2511,283,453,2026-09-15,Economy,39A,642.52,Completed
2512,119,755,2025-09-07,Business,30F,1288.35,Confirmed
2513,435,20,2026-06-25,Business,20C,426.85,Confirmed
2514,6,938,2026-07-31,Economy,38F,227.96,Completed
2515,359,242,2026-08-22,Economy,15B,448.72,Cancelled
2516,96,565,2026-10-23,Economy,23C,73.51,Confirmed
2517,417,545,2025-11-16,First Class,15B,3637.71,Completed
2518,467,669,2026-10-12,First Class,7B,1787.01,Confirmed
2519,37,849,2026-10-14,Premium Economy,15B,654.58,Confirmed
2520,158,774,2026-06-21,Business,24C,2006.06,Confirmed
2521,96,168,2026-10-05,First Class,14F,1101.85,Confirmed
2522,291,29,2026-06-05,Economy,21E,539.35,Confirmed
2523,473,624,2026-04-30,Economy,6A,545.53,Confirmed
2524,62,760,2026-01-11,Business,26E,1707.95,Cancelled
2525,403,727,2026-09-01,Premium Economy,36D,788.95,Confirmed
2526,352,160,2025-12-27,Economy,6D,821.97,Cancelled
2527,84,642,2025-12-19,Economy,22E,514.12,Confirmed
2528,406,57,2026-08-02,Economy,27C,912.51,Cancelled
2529,206,578,2026-04-15,Economy,20A,871.81,Confirmed
2530,342,437,2025-10-16,Economy,2D,478.68,Cancelled
2531,256,655,2025-10-28,Economy,17F,104.97,Cancelled
2532,90,852,2026-01-26,Business,33B,2348.68,Confirmed
2533,356,117,2026-03-11,First Class,16F,248.85,Confirmed
2534,333,664,2026-06-08,Business,5A,2066.91,Confirmed
2535,469,384,2026-07-19,First Class,21E,3135.48,Completed
2536,262,621,2025-07-28,Economy,19D,833.65,Cancelled
2537,64,178,2025-10-27,Premium Economy,6B,1052.78,Completed
2538,349,601,2026-10-17,Premium Economy,20A,1489.54,Confirmed
2539,484,380,2025-09-19,First Class,12E,857.3,Completed
2540,134,984,2026-01-28,Economy,8C,356.36,Completed
2541,252,303,2026-07-09,Premium Economy,37E,971.68,Cancelled
2542,159,183,2026-05-04,Business,34A,1501.95,Confirmed
2543,146,528,2026-07-07,Economy,32D,202.64,Confirmed
2544,275,441,2026-05-21,Premium Economy,8E,1122.52,Cancelled
2545,5,247,2026-01-29,Economy,23E,399.03,Completed
2546,60,758,2026-08-10,Economy,5B,445.5,Completed
2547,158,450,2026-10-04,Economy,30C,303.25,Confirmed
2548,395,180,2025-09-28,Business,38A,2035.63,Confirmed
2549,56,70,2026-09-08,First Class,6C,1957.69,Cancelled
2550,102,40,2025-11-25,First Class,8F,3216.41,Cancelled
2551,214,295,2026-05-18,Business,8A,2137.82,Completed
2552,72,749,2026-02-19,Economy,15A,597.58,Confirmed
2553,106,702,2026-04-03,Premium Economy,36B,333.27,Confirmed
2554,357,93,2025-09-11,Economy,18B,95.68,Confirmed
2555,378,886,2025-09-26,First Class,6C,1251.89,Cancelled
2556,173,207,2025-12-20,Economy,20E,395.27,Cancelled
2557,52,526,2025-08-07,Economy,6F,298.34,Cancelled
2558,468,104,2025-11-17,Economy,2D,532.77,Confirmed
2559,370,680,2026-06-15,Business,22B,1953.31,Confirmed
2560,462,500,2026-05-26,Economy,14E,679.3,Confirmed
2561,107,207,2026-05-06,Economy,25C,609.35,Confirmed
2562,229,967,2026-01-14,Economy,26B,718.47,Completed
2563,301,792,2026-06-07,Business,33B,1113.52,Confirmed
2564,445,361,2026-10-03,First Class,11C,3009.72,Confirmed
2565,107,922,2026-02-05,Economy,32F,538.64,Confirmed
2566,181,375,2026-03-18,First Class,22D,1205.86,Confirmed
2567,414,617,2026-03-02,Economy,23E,60.73,Confirmed
2568,216,643,2026-01-25,Economy,26C,444.23,Confirmed
2569,473,497,2026-04-12,Premium Economy,26A,894.85,Confirmed
2570,335,519,2025-12-22,Premium Economy,8E,758.11,Confirmed
2571,108,652,2025-10-29,Economy,35E,414.71,Cancelled
2572,346,37,2026-07-17,Economy,14B,602.71,Confirmed
2573,290,836,2025-10-04,Business,1B,1118.23,Cancelled
2574,389,450,2026-06-30,Economy,15B,693.58,Confirmed
2575,350,253,2025-10-14,Economy,39C,770.35,Confirmed
2576,268,840,2025-10-21,First Class,12D,2892.39,Cancelled
2577,411,557,2026-06-20,First Class,26F,4255.46,Confirmed
2578,159,540,2026-08-21,First Class,1C,534.01,Confirmed
2579,15,10,2026-07-12,Business,8E,2262.51,Confirmed
2580,105,995,2026-10-29,Business,38C,2630.32,Cancelled
2581,80,724,2025-12-07,Economy,33F,799.44,Confirmed
2582,205,625,2026-02-20,Economy,3A,660.34,Completed
2583,271,866,2026-08-21,First Class,21C,507.03,Completed
2584,426,699,2025-11-27,First Class,39C,1063.69,Confirmed
2585,214,632,2025-10-26,Economy,2C,650.92,Completed
2586,343,347,2026-02-12,Premium Economy,22F,181.91,Completed
2587,362,464,2026-10-05,Business,17D,1420.57,Confirmed
2588,6,746,2026-05-26,First Class,14D,3980.75,Completed
2589,205,739,2026-02-06,Business,30B,646.95,Completed
2590,249,879,2026-01-08,First Class,24C,3198.43,Cancelled
2591,466,362,2026-05-08,Economy,13A,386.07,Cancelled
2592,448,597,2026-02-21,Premium Economy,27D,350.6,Confirmed
2593,13,61,2026-02-24,Economy,20E,638.39,Confirmed
2594,149,759,2026-07-01,Economy,20A,345.76,Cancelled
2595,128,299,2026-01-17,Economy,37E,588.17,Completed
2596,369,185,2026-05-15,Economy,1F,841.48,Confirmed
2597,196,262,2025-09-06,Economy,12A,214.85,Cancelled
2598,472,4,2026-06-13,Economy,1F,580.94,Completed
2599,168,43,2025-11-07,First Class,22D,3026.56,Completed
2600,386,494,2026-01-15,Premium Economy,14A,1047.09,Cancelled
2601,403,409,2026-10-06,First Class,23D,557.04,Confirmed
2602,471,17,2026-01-28,Economy,9C,393.3,Confirmed
2603,273,671,2025-08-29,Economy,4E,308.66,Confirmed
2604,177,816,2026-01-30,Premium Economy,27E,824.82,Completed
2605,354,537,2026-04-30,Economy,3B,323.61,Completed
2606,293,275,2025-11-15,Economy,35A,230.39,Cancelled
2607,104,825,2026-09-01,Premium Economy,7D,940.12,Confirmed
2608,353,536,2026-02-24,Premium Economy,24E,84.99,Confirmed
2609,422,804,2026-08-15,Economy,29E,523.36,Confirmed
2610,348,369,2026-04-04,First Class,23F,3208.58,Cancelled
2611,482,249,2026-01-27,Premium Economy,8A,1421.55,Confirmed
2612,451,481,2026-02-24,Economy,16D,691.37,Confirmed
2613,196,986,2026-04-10,Economy,17D,503.71,Confirmed
2614,102,542,2026-06-20,Business,18C,1431.89,Confirmed
2615,368,617,2025-12-15,Economy,11C,100.24,Confirmed
2616,327,312,2026-06-03,Business,13F,2532.18,Confirmed
2617,166,896,2026-04-24,Business,27C,193.82,Confirmed
2618,44,706,2026-04-13,Business,2B,1869.83,Completed
2619,81,893,2026-07-30,Economy,19C,81.13,Cancelled
2620,151,728,2026-01-03,Business,29E,1800.1,Confirmed
2621,149,217,2025-10-21,Economy,5B,831.83,Confirmed
2622,60,348,2026-04-28,Economy,35E,453.04,Confirmed
2623,499,978,2025-10-20,Economy,22B,924.9,Confirmed
2624,145,360,2026-04-19,Premium Economy,1F,491.34,Confirmed
2625,42,789,2026-04-16,First Class,1A,3041.99,Completed
2626,114,860,2026-04-16,Economy,2C,903.4,Completed
2627,373,369,2026-03-04,Business,12A,1862.69,Confirmed
2628,448,304,2026-06-04,Premium Economy,13F,1044.4,Confirmed
2629,362,890,2026-06-27,Premium Economy,1A,982.85,Confirmed
2630,129,136,2026-08-06,First Class,9C,907.09,Confirmed
2631,117,774,2026-10-12,Economy,9A,932.06,Cancelled
2632,187,425,2025-12-13,First Class,1E,2718.37,Confirmed
2633,254,128,2026-06-11,Business,37F,1060.34,Completed
2634,402,266,2026-05-18,Economy,1F,96.16,Confirmed
2635,318,600,2026-05-11,Economy,17A,1026.63,Confirmed
2636,266,636,2025-12-26,Premium Economy,20A,319.92,Cancelled
2637,77,185,2026-05-22,Economy,37F,825.77,Completed
2638,460,716,2025-12-02,Economy,29E,982.76,Completed
2639,116,126,2026-05-27,Business,7F,192.54,Completed
2640,156,655,2025-11-27,Economy,5F,208.24,Confirmed
2641,383,770,2026-07-19,First Class,18E,746.58,Cancelled
2642,459,840,2025-12-10,Premium Economy,13D,670.93,Cancelled
2643,444,191,2026-08-18,Business,17E,991.46,Completed
2644,299,916,2026-04-08,Premium Economy,32C,1356.38,Cancelled
2645,384,599,2026-05-14,First Class,26E,3689.46,Confirmed
2646,140,791,2025-10-29,First Class,36F,735.79,Confirmed
2647,425,235,2026-06-19,Economy,16E,846.21,Confirmed
2648,488,648,2026-03-05,Economy,35F,802.29,Confirmed
2649,63,804,2026-06-26,Economy,27F,619.05,Confirmed
2650,303,163,2026-02-10,First Class,34C,2938.74,Confirmed
2651,362,747,2026-06-04,Premium Economy,4E,1036.94,Confirmed
2652,308,236,2026-09-05,First Class,6E,3394.79,Confirmed
2653,396,430,2026-12-11,Economy,10A,801.49,Cancelled
2654,196,659,2026-01-10,Premium Economy,24A,347.81,Confirmed
2655,465,152,2025-11-26,Premium Economy,28D,1261.09,Confirmed
2656,277,908,2026-09-01,Economy,24B,907.43,Confirmed
2657,326,456,2025-10-28,Business,31B,587.14,Confirmed
2658,372,258,2025-07-28,Economy,17A,97.46,Cancelled
2659,422,63,2026-04-06,Economy,11F,96.46,Cancelled
2660,392,715,2026-01-10,Premium Economy,11B,396.07,Completed
2661,11,652,2025-12-09,First Class,26F,4021.06,Confirmed
2662,456,137,2025-11-13,First Class,12D,2354.7,Confirmed
2663,131,351,2026-07-06,Business,37F,805.77,Cancelled
2664,287,365,2025-12-20,First Class,9E,2179.13,Confirmed
2665,192,11,2025-09-26,Economy,25B,880.71,Cancelled
2666,95,829,2025-08-26,Premium Economy,21D,1151.72,Cancelled
2667,313,817,2025-11-11,First Class,17C,3570.7,Confirmed
2668,274,954,2025-11-18,Economy,28D,368.48,Confirmed
2669,340,691,2025-12-04,Economy,27B,140.46,Cancelled
2670,131,40,2026-03-25,Economy,23B,330.24,Cancelled
2671,350,990,2026-07-09,Economy,2D,838.88,Cancelled
2672,220,701,2026-06-30,First Class,31C,1987.64,Confirmed
2673,341,792,2026-03-13,Business,13C,742.1,Confirmed
2674,4,710,2026-08-12,Economy,12F,747.22,Confirmed
2675,491,230,2026-04-27,Economy,32C,553.62,Confirmed
2676,148,704,2026-01-02,Economy,14A,803.32,Confirmed
2677,188,722,2026-06-01,Economy,28F,658.77,Completed
2678,427,68,2026-07-21,Premium Economy,11A,1009.42,Confirmed
2679,398,143,2025-09-16,Economy,2F,870.24,Cancelled
2680,144,937,2026-01-17,Economy,16D,829.99,Confirmed
2681,466,947,2025-07-26,Business,33D,667.11,Confirmed
2682,376,466,2026-02-17,First Class,26B,3100.9,Completed
2683,156,65,2026-04-22,Economy,18D,116.24,Confirmed
2684,42,140,2026-11-26,Economy,21B,507.68,Completed
2685,410,92,2026-02-19,Business,32C,1768.61,Cancelled
2686,102,913,2025-09-30,Business,6C,2198.69,Cancelled
2687,399,192,2026-02-03,Premium Economy,29C,161.0,Completed
2688,470,877,2026-02-04,Economy,30B,797.74,Confirmed
2689,51,673,2026-10-12,Premium Economy,15F,186.13,Cancelled
2690,362,574,2026-01-13,Economy,40F,573.96,Confirmed
2691,235,333,2026-05-31,Economy,31E,959.11,Completed
2692,392,884,2026-08-11,Economy,26F,148.68,Cancelled
2693,258,605,2026-04-18,Premium Economy,24B,1316.2,Completed
2694,296,172,2026-03-10,First Class,7A,3706.88,Cancelled
2695,40,698,2026-01-14,Economy,15E,499.97,Confirmed
2696,450,529,2026-09-20,Economy,31C,837.53,Confirmed
2697,415,655,2025-11-08,Economy,36F,530.09,Confirmed
2698,440,981,2026-08-08,Business,35E,1896.99,Confirmed
2699,248,209,2026-02-20,First Class,30A,2562.89,Confirmed
2700,485,418,2026-02-16,First Class,25A,3487.92,Confirmed
2701,274,119,2026-09-17,Economy,1A,756.05,Confirmed
2702,79,509,2026-08-03,Premium Economy,9C,1205.22,Confirmed
2703,399,854,2025-09-19,Premium Economy,12A,1352.54,Confirmed
2704,491,889,2026-04-19,Business,34D,2217.56,Confirmed
2705,195,102,2025-11-25,Economy,35D,380.46,Completed
2706,408,659,2025-11-20,Business,21E,487.46,Confirmed
2707,217,533,2026-03-14,Economy,39B,324.12,Completed
2708,333,844,2025-11-29,First Class,5F,506.3,Cancelled
2709,111,749,2025-10-03,Economy,14B,203.2,Confirmed
2710,277,775,2026-05-30,Economy,2F,946.06,Confirmed
2711,85,822,2026-02-07,Economy,17A,574.09,Confirmed
2712,476,207,2026-03-26,Business,27D,979.42,Completed
2713,256,266,2026-10-17,Business,1C,856.98,Cancelled
2714,471,416,2026-01-16,Economy,40E,125.75,Confirmed
2715,328,217,2025-09-25,Economy,9B,1073.91,Cancelled
2716,102,320,2025-12-03,First Class,16E,2443.8,Cancelled
2717,398,318,2025-11-15,Economy,12E,327.48,Completed
2718,407,249,2026-02-26,Economy,3D,1041.77,Completed
2719,157,963,2026-03-03,Premium Economy,21D,1251.09,Completed
2720,278,515,2026-04-15,Economy,2F,1036.01,Cancelled
2721,422,492,2026-11-06,Economy,25D,599.25,Confirmed
2722,57,679,2026-03-27,First Class,14C,2580.4,Cancelled
2723,291,774,2026-10-17,Economy,40F,129.19,Confirmed
2724,480,273,2025-08-05,Economy,14E,752.96,Confirmed
2725,147,703,2026-05-22,Economy,3A,246.83,Confirmed
2726,299,669,2026-12-10,Economy,28A,876.35,Confirmed
2727,54,628,2025-12-13,First Class,31F,3997.36,Cancelled
2728,44,15,2026-03-23,Economy,36C,734.89,Confirmed
2729,109,701,2026-07-25,Business,11B,2114.83,Confirmed
2730,22,956,2026-01-08,First Class,30C,2514.46,Confirmed
2731,428,428,2026-02-03,Premium Economy,12F,811.84,Cancelled
2732,122,447,2026-02-03,Economy,26F,785.43,Completed
2733,388,488,2026-05-16,Economy,36E,429.25,Completed
2734,131,452,2026-03-20,First Class,5A,2279.11,Confirmed
2735,144,585,2026-01-03,Business,38E,2671.79,Confirmed
2736,94,13,2026-09-01,First Class,25F,3612.41,Completed
2737,477,798,2026-08-04,Economy,39D,797.37,Confirmed
2738,217,587,2026-05-21,Economy,15F,436.38,Confirmed
2739,402,714,2026-05-25,Economy,25E,512.87,Completed
2740,399,541,2026-07-22,First Class,29B,261.1,Confirmed
2741,326,496,2026-07-02,Economy,37D,741.04,Confirmed
2742,364,80,2026-08-11,First Class,17D,3524.04,Completed
2743,281,84,2026-07-01,Economy,19B,80.41,Confirmed
2744,100,907,2026-05-16,Economy,25C,796.78,Cancelled
2745,220,570,2026-01-11,Economy,2A,307.19,Confirmed
2746,430,79,2026-01-20,Premium Economy,3D,351.19,Confirmed
2747,375,771,2025-11-26,First Class,26A,2906.07,Confirmed
2748,3,543,2026-07-07,Economy,6B,420.1,Cancelled
2749,429,78,2025-08-10,Premium Economy,34C,1019.67,Cancelled
2750,296,113,2026-03-29,Economy,15B,68.34,Confirmed
2751,286,395,2026-01-22,Business,35F,2096.98,Confirmed
2752,473,261,2026-07-27,Business,37D,869.48,Confirmed
2753,359,984,2025-11-08,Economy,31B,97.0,Confirmed
2754,438,880,2026-09-14,Economy,35A,1110.92,Confirmed
2755,431,755,2025-09-18,First Class,20E,1491.21,Confirmed
2756,83,878,2026-04-12,Economy,6F,234.34,Cancelled
2757,333,941,2026-01-13,Economy,32A,931.4,Completed
2758,406,756,2025-08-26,Economy,37D,641.07,Confirmed
2759,29,587,2026-06-20,First Class,20C,3074.14,Confirmed
2760,24,195,2026-01-23,Economy,5C,221.46,Confirmed
2761,265,628,2025-12-06,Economy,12C,580.39,Confirmed
2762,39,113,2026-04-05,Business,20D,566.07,Completed
2763,251,275,2025-08-26,Economy,18F,229.03,Cancelled
2764,34,403,2026-01-13,Business,7A,463.42,Confirmed
2765,32,619,2026-06-06,Economy,24C,1032.24,Confirmed
2766,236,664,2026-10-17,Premium Economy,14C,93.6,Confirmed
2767,481,359,2026-05-17,Premium Economy,35D,248.93,Cancelled
2768,304,242,2026-04-28,Economy,9C,212.36,Cancelled
2769,496,329,2026-07-15,Premium Economy,38B,960.06,Confirmed
2770,406,597,2026-01-23,Premium Economy,14D,997.41,Cancelled
2771,117,498,2025-12-31,Economy,23E,57.68,Completed
2772,249,604,2026-02-26,First Class,7A,3937.72,Confirmed
2773,312,966,2026-05-21,Economy,27A,827.56,Confirmed
2774,87,480,2026-01-08,First Class,32C,225.12,Confirmed
2775,468,740,2025-08-26,First Class,36D,1229.36,Completed
2776,134,461,2026-09-19,Economy,28F,125.35,Confirmed
2777,307,455,2025-11-27,Economy,24C,858.32,Completed
2778,320,706,2026-05-25,Economy,29D,1040.84,Confirmed
2779,175,797,2026-05-26,Economy,20E,304.43,Confirmed
2780,208,816,2026-05-07,Business,28B,1025.01,Cancelled
2781,378,681,2026-03-04,First Class,40C,332.63,Completed
2782,404,314,2025-08-01,First Class,38B,769.62,Cancelled
2783,259,538,2026-10-06,Economy,29D,157.55,Confirmed
2784,315,854,2025-10-12,Economy,21E,969.96,Confirmed
2785,287,517,2026-05-25,Business,39F,674.27,Confirmed
2786,420,928,2026-08-23,Economy,38E,852.12,Confirmed
2787,240,498,2026-02-18,Economy,30B,360.78,Cancelled
2788,227,588,2026-09-26,Economy,8A,653.05,Confirmed
2789,440,147,2026-02-12,Premium Economy,6F,1079.73,Cancelled
2790,404,432,2026-04-17,Premium Economy,13F,324.95,Confirmed
2791,358,528,2026-04-07,First Class,19F,2834.45,Confirmed
2792,372,430,2026-11-27,Premium Economy,29C,160.3,Confirmed
2793,409,991,2025-08-05,Premium Economy,38C,522.55,Completed
2794,447,768,2026-03-16,Premium Economy,16B,1151.46,Completed
2795,476,150,2026-01-11,Economy,3F,857.53,Confirmed
2796,182,986,2026-06-26,Business,40B,2102.67,Confirmed
2797,382,94,2026-05-16,Economy,14A,364.19,Confirmed
2798,477,690,2026-02-20,Premium Economy,7F,784.71,Confirmed
2799,178,689,2025-12-22,Economy,2F,713.54,Cancelled
2800,383,994,2026-06-20,Business,24C,440.54,Cancelled
2801,273,525,2026-05-10,Economy,27D,265.0,Confirmed
2802,453,847,2026-10-25,Economy,9E,638.8,Completed
2803,399,720,2026-04-26,Economy,34E,365.95,Completed
2804,226,845,2026-03-07,Economy,36F,647.32,Confirmed
2805,18,244,2026-05-01,Economy,26B,100.68,Cancelled
2806,172,869,2026-03-18,First Class,1E,3331.57,Confirmed
2807,66,569,2026-07-09,Economy,11F,227.18,Confirmed
2808,78,213,2025-08-04,Business,23D,719.64,Confirmed
2809,215,202,2026-08-20,First Class,16D,2739.61,Confirmed
2810,357,853,2026-08-08,Economy,31E,228.44,Cancelled
2811,174,674,2026-06-08,Economy,19E,940.35,Confirmed
2812,487,71,2026-01-18,Business,8E,1520.02,Confirmed
2813,322,539,2026-06-20,Premium Economy,25D,1437.55,Confirmed
2814,214,811,2026-05-14,Economy,23B,959.43,Confirmed
2815,214,641,2026-03-14,Economy,28D,600.86,Confirmed
2816,177,183,2025-11-27,Economy,40C,750.28,Cancelled
2817,376,390,2026-03-06,Business,29B,2637.81,Confirmed
2818,225,301,2025-08-31,Economy,23E,647.34,Completed
2819,50,199,2026-04-20,Economy,18E,302.21,Cancelled
2820,353,638,2026-03-25,Business,11C,317.59,Confirmed
2821,18,937,2026-02-08,Business,17B,799.0,Cancelled
2822,268,908,2026-08-17,Premium Economy,22C,1099.44,Confirmed
2823,80,271,2025-12-19,First Class,31A,1524.28,Confirmed
2824,218,721,2026-03-19,Premium Economy,26F,137.46,Completed
2825,177,337,2025-08-21,Economy,30E,184.2,Confirmed
2826,118,878,2026-07-11,Economy,31B,624.68,Confirmed
2827,407,956,2026-01-02,First Class,28F,3332.74,Confirmed
2828,244,862,2026-08-07,Economy,4F,506.14,Cancelled
2829,106,815,2026-08-27,Economy,3F,924.05,Confirmed
2830,249,332,2026-05-10,Economy,6B,770.13,Confirmed
2831,143,754,2026-03-30,First Class,40D,276.29,Confirmed
2832,121,4,2026-04-29,Economy,10D,600.26,Confirmed
2833,389,755,2025-08-27,Business,39D,1711.33,Confirmed
2834,178,248,2026-04-15,Business,36E,1517.29,Cancelled
2835,35,292,2025-11-28,Economy,24C,316.27,Confirmed
2836,408,123,2026-01-20,Economy,4F,497.0,Confirmed
2837,450,396,2026-06-05,Economy,36B,713.35,Cancelled
2838,218,172,2025-11-02,Business,8D,2556.19,Confirmed
2839,496,594,2026-09-14,Economy,28A,728.27,Confirmed
2840,257,501,2025-09-13,Premium Economy,13E,992.08,Confirmed
2841,164,48,2026-06-20,Premium Economy,1A,894.51,Confirmed
2842,240,515,2026-08-03,First Class,39A,3244.92,Completed
2843,324,883,2026-02-21,Economy,9B,894.58,Completed
2844,406,772,2025-08-17,Economy,13F,374.72,Cancelled
2845,163,589,2026-03-10,Economy,18F,959.41,Completed
2846,399,962,2025-09-24,Premium Economy,7F,733.32,Completed
2847,252,33,2025-12-02,Economy,35E,504.58,Confirmed
2848,408,709,2026-05-03,First Class,9A,1692.71,Cancelled
2849,125,480,2025-09-26,First Class,18F,3859.56,Confirmed
2850,307,564,2026-03-24,Premium Economy,33F,593.91,Confirmed
2851,61,206,2026-01-03,Economy,24E,434.11,Confirmed
2852,474,58,2025-12-31,Economy,23C,843.43,Cancelled
2853,387,975,2025-12-26,Premium Economy,9C,1135.47,Confirmed
2854,33,964,2025-11-04,Premium Economy,19E,1181.74,Confirmed
2855,309,578,2026-06-30,First Class,19D,1345.84,Confirmed
2856,165,667,2026-02-28,First Class,25D,3545.13,Confirmed
2857,496,491,2026-12-27,Business,12F,1770.08,Completed
2858,229,1000,2025-12-12,Premium Economy,34E,848.2,Cancelled
2859,237,972,2025-12-02,Economy,12F,451.05,Cancelled
2860,268,905,2026-03-21,First Class,6A,1877.28,Confirmed
2861,239,138,2026-06-07,First Class,36A,3938.81,Cancelled
2862,369,799,2026-07-19,Business,26C,1639.98,Cancelled
2863,281,858,2025-09-19,Premium Economy,29A,981.96,Cancelled
2864,291,362,2026-06-25,First Class,31C,585.12,Confirmed
2865,321,768,2026-03-16,Economy,8C,438.68,Confirmed
2866,376,83,2026-06-11,First Class,40F,2153.19,Confirmed
2867,43,299,2026-03-03,Business,8F,1476.32,Confirmed
2868,155,655,2025-11-23,Economy,39C,535.39,Cancelled
2869,277,638,2026-01-29,Economy,38E,772.64,Confirmed
2870,319,208,2026-07-09,Business,23B,1856.31,Confirmed
2871,221,288,2025-12-02,Economy,25A,575.67,Cancelled
2872,56,36,2025-09-23,Business,27E,941.84,Confirmed
2873,28,455,2025-07-18,Business,25A,993.5,Confirmed
2874,418,781,2026-12-02,First Class,31F,3238.16,Completed
2875,95,126,2026-05-07,Economy,21F,776.7,Confirmed
2876,409,629,2026-02-23,First Class,39F,3146.1,Confirmed
2877,469,910,2026-07-08,Economy,37A,974.65,Confirmed
2878,493,898,2026-01-20,First Class,36A,3370.92,Cancelled
2879,39,595,2026-01-05,First Class,25B,2920.88,Confirmed
2880,151,491,2026-12-08,Economy,3A,825.89,Confirmed
2881,301,556,2026-03-25,First Class,35B,4128.39,Cancelled
2882,99,614,2026-09-29,Premium Economy,28D,399.11,Completed
2883,274,711,2026-10-28,Economy,1C,780.37,Confirmed
2884,189,240,2026-03-20,Business,30E,1060.59,Completed
2885,299,953,2026-03-17,Business,13F,1579.35,Cancelled
2886,292,690,2026-05-22,Economy,23C,295.12,Cancelled
2887,399,648,2026-06-20,Business,12E,1803.01,Confirmed
2888,489,41,2025-08-17,Economy,4F,543.44,Confirmed
2889,471,13,2026-06-29,Economy,36F,760.12,Confirmed
2890,433,460,2026-02-05,Economy,2E,515.95,Confirmed
2891,493,214,2025-08-23,Economy,24B,162.41,Cancelled
2892,116,130,2026-08-26,Economy,23F,481.14,Cancelled
2893,266,466,2026-05-30,Economy,26F,960.28,Cancelled
2894,243,214,2025-09-04,First Class,7A,1179.35,Confirmed
2895,123,204,2026-02-01,Economy,15A,114.36,Cancelled
2896,50,413,2025-10-18,Economy,7C,1022.15,Confirmed
2897,158,703,2026-08-04,Economy,25B,923.0,Cancelled
2898,40,432,2026-02-09,Economy,24E,293.27,Completed
2899,442,875,2026-03-20,Economy,14F,835.08,Confirmed
2900,486,24,2025-11-20,Economy,40D,396.22,Completed
2901,200,959,2025-10-08,Economy,2D,856.53,Confirmed
2902,488,677,2026-07-27,Economy,2D,975.55,Cancelled
2903,294,524,2026-01-09,Economy,24D,554.21,Confirmed
2904,328,12,2026-02-26,Economy,27A,343.83,Confirmed
2905,61,940,2026-07-07,Economy,21C,117.27,Confirmed
2906,413,777,2026-04-22,Business,22D,1379.87,Completed
2907,333,555,2026-02-19,Economy,37A,615.14,Confirmed
2908,204,357,2026-01-25,First Class,20C,1906.9,Confirmed
2909,284,692,2025-12-26,Economy,24A,417.78,Confirmed
2910,27,610,2026-05-21,Premium Economy,2B,150.22,Completed
2911,129,168,2026-08-15,First Class,3B,225.68,Completed
2912,210,736,2026-09-26,Business,7A,241.29,Confirmed
2913,310,915,2025-10-05,First Class,23A,3566.36,Confirmed
2914,50,794,2026-02-10,First Class,2D,965.42,Confirmed
2915,212,851,2025-10-27,First Class,26D,2789.15,Cancelled
2916,465,833,2025-11-08,Business,14B,230.56,Cancelled
2917,78,262,2025-10-03,Economy,17C,211.03,Cancelled
2918,236,560,2026-05-29,Economy,13B,893.6,Confirmed
2919,490,589,2026-03-10,Premium Economy,21B,935.92,Completed
2920,317,706,2026-06-26,Premium Economy,40C,108.45,Confirmed
2921,495,23,2025-12-02,Business,30C,1624.76,Confirmed
2922,409,986,2026-03-20,Business,27A,897.36,Cancelled
2923,314,114,2026-07-31,Economy,25D,464.9,Confirmed
2924,299,937,2025-12-04,First Class,16A,4015.57,Completed
2925,90,186,2026-04-25,Economy,39D,104.04,Completed
2926,111,430,2026-09-05,Business,13B,311.21,Confirmed
2927,30,546,2026-08-24,Business,28C,1489.62,Completed
2928,133,662,2026-02-07,First Class,5F,3583.03,Completed
2929,488,269,2025-11-21,First Class,39E,327.36,Confirmed
2930,82,87,2026-02-17,First Class,3D,2688.71,Confirmed
2931,207,340,2026-02-04,Economy,6C,78.76,Confirmed
2932,263,669,2026-12-04,Business,3C,844.01,Completed
2933,446,138,2026-05-11,First Class,11B,3660.03,Confirmed
2934,102,529,2026-08-10,Business,35B,653.28,Confirmed
2935,113,788,2025-11-28,Business,6A,1897.64,Confirmed
2936,252,248,2025-11-13,Premium Economy,30D,1407.57,Confirmed
2937,177,985,2026-11-22,Economy,15E,120.44,Confirmed
2938,314,100,2026-05-18,Economy,20B,671.6,Confirmed
2939,455,221,2026-07-04,First Class,16D,3841.49,Confirmed
2940,200,289,2026-04-13,First Class,10C,1076.95,Cancelled
2941,38,1000,2025-10-27,Economy,20D,986.95,Confirmed
2942,305,232,2026-09-29,Business,13B,387.14,Confirmed
2943,55,224,2026-05-24,First Class,7D,736.99,Cancelled
2944,27,314,2025-11-21,Premium Economy,27A,1333.94,Confirmed
2945,464,360,2026-06-11,Economy,28F,861.35,Completed
2946,55,723,2026-06-04,Economy,26D,291.81,Cancelled
2947,307,706,2026-06-28,Premium Economy,6C,1519.5,Cancelled
2948,135,361,2026-08-03,Economy,38B,396.26,Confirmed
2949,205,960,2025-11-03,Premium Economy,24E,302.24,Confirmed
2950,499,106,2025-11-12,Economy,6D,78.03,Confirmed
2951,55,979,2026-05-22,Economy,31C,198.39,Cancelled
2952,74,45,2026-03-04,Business,2F,905.26,Confirmed
2953,406,739,2025-12-10,Economy,31A,130.6,Confirmed
2954,294,648,2026-02-25,Business,12B,540.47,Confirmed
2955,415,829,2025-11-18,First Class,18C,3199.49,Confirmed
2956,32,913,2025-07-30,Economy,16A,901.08,Confirmed
2957,250,275,2025-12-30,Economy,8B,349.07,Confirmed
2958,376,524,2026-02-14,Economy,10C,362.88,Confirmed
2959,305,613,2025-11-30,Premium Economy,39B,519.36,Confirmed
2960,404,959,2025-11-11,Economy,22C,389.88,Cancelled
2961,380,307,2026-02-09,Premium Economy,31D,1438.63,Confirmed
2962,167,886,2025-12-04,Economy,19D,327.3,Cancelled
2963,292,480,2026-01-29,Premium Economy,31D,1432.73,Completed
2964,168,766,2026-05-23,Economy,27A,479.8,Confirmed
2965,367,180,2025-12-25,Economy,36C,62.27,Confirmed
2966,327,337,2025-08-19,Economy,37C,273.92,Completed
2967,325,388,2025-11-18,First Class,15D,2596.26,Confirmed
2968,384,731,2025-09-13,Economy,15E,118.96,Cancelled
2969,101,62,2025-11-11,Economy,39B,1027.95,Confirmed
2970,108,121,2026-03-29,Economy,17B,515.37,Confirmed
2971,411,192,2026-02-03,Economy,17C,96.08,Cancelled
2972,191,966,2026-05-10,First Class,4A,2305.87,Confirmed
2973,461,671,2026-02-01,Economy,23F,951.01,Completed
2974,178,251,2026-10-15,Premium Economy,17E,1019.23,Completed
2975,84,163,2026-05-25,Economy,34E,239.12,Confirmed
2976,265,398,2025-12-30,Economy,34B,928.37,Cancelled
2977,165,405,2026-03-19,Economy,4B,154.01,Cancelled
2978,454,57,2026-05-14,Economy,16A,302.38,Confirmed
2979,383,537,2026-06-18,Premium Economy,3C,1084.4,Confirmed
2980,379,258,2026-01-01,Premium Economy,31A,95.47,Confirmed
2981,427,345,2026-02-25,First Class,25A,2234.28,Confirmed
2982,7,770,2026-08-09,Economy,13E,581.35,Completed
2983,148,119,2026-07-19,Premium Economy,20E,764.49,Confirmed
2984,359,266,2026-09-19,Premium Economy,36D,1246.51,Confirmed
2985,9,190,2025-12-29,Economy,3D,417.82,Completed
2986,249,494,2026-03-21,Business,15D,1173.22,Cancelled
2987,301,877,2026-04-15,Economy,28C,580.89,Cancelled
2988,446,916,2026-03-03,Business,15D,1361.79,Cancelled
2989,221,559,2026-06-24,Economy,19D,549.82,Confirmed
2990,150,504,2026-11-09,Economy,19A,1002.48,Cancelled
2991,1,158,2025-10-28,Premium Economy,8D,1400.38,Confirmed
2992,90,65,2026-05-16,Economy,27A,595.59,Confirmed
2993,480,92,2026-05-01,Business,26F,226.61,Completed
2994,58,997,2026-07-29,Economy,17A,467.62,Confirmed
2995,353,751,2026-11-16,Premium Economy,11E,483.47,Cancelled
2996,172,962,2025-09-13,Premium Economy,14E,1035.08,Confirmed
2997,46,481,2026-01-27,Economy,2A,82.02,Confirmed
2998,119,125,2026-01-08,Business,40C,1928.15,Confirmed
2999,95,94,2026-09-03,Economy,12B,472.8,Cancelled
3000,222,769,2026-01-06,Economy,33B,176.94,Confirmed
3001,60,492,2026-10-10,Business,26B,1665.1,Cancelled
3002,160,134,2025-11-16,First Class,24A,444.85,Confirmed
3003,67,708,2025-10-29,Business,10B,316.61,Confirmed
3004,171,488,2026-04-02,Premium Economy,28A,1201.68,Confirmed
3005,52,142,2026-05-03,Premium Economy,3E,866.29,Completed
3006,482,212,2026-06-07,Economy,32F,211.09,Confirmed
3007,434,237,2025-10-09,Economy,36B,735.8,Confirmed
3008,164,618,2025-11-11,Economy,20A,62.74,Completed
3009,170,693,2026-06-02,Business,7F,1575.89,Confirmed
3010,264,402,2026-07-14,Business,32D,2326.92,Cancelled
3011,477,496,2026-10-15,Premium Economy,10A,826.29,Cancelled
3012,257,179,2025-12-06,Economy,9E,251.38,Confirmed
3013,203,338,2025-10-22,Economy,11F,656.02,Confirmed
3014,350,374,2025-12-01,Economy,9B,308.94,Cancelled
3015,426,995,2026-11-12,Premium Economy,4E,828.58,Confirmed
3016,350,698,2025-10-21,Business,2D,1928.96,Cancelled
3017,52,416,2026-05-01,Business,14D,1439.3,Confirmed
3018,398,248,2026-03-09,Premium Economy,32B,176.74,Cancelled
3019,215,684,2026-11-04,Business,13D,718.91,Completed
3020,97,973,2026-08-23,Economy,20F,936.05,Confirmed
3021,442,707,2026-09-30,Business,16F,355.37,Completed
3022,215,880,2026-07-30,Premium Economy,19F,209.99,Cancelled
3023,126,424,2026-03-11,Premium Economy,1D,629.3,Confirmed
3024,54,448,2026-03-29,Business,28A,1966.89,Confirmed
3025,314,809,2025-09-09,Economy,34F,310.24,Cancelled
3026,354,174,2026-09-12,Premium Economy,16F,219.65,Confirmed
3027,303,693,2026-08-29,Economy,17C,764.98,Confirmed
3028,35,669,2026-10-11,Premium Economy,40F,604.19,Completed
3029,321,846,2026-08-18,Economy,35F,843.19,Confirmed
3030,56,15,2026-02-02,Business,15B,332.93,Cancelled
3031,230,876,2026-04-20,Business,10E,1361.68,Confirmed
3032,96,80,2026-09-11,Economy,34A,553.52,Completed
3033,496,186,2026-06-03,Economy,25D,152.51,Confirmed
3034,328,646,2026-06-03,Economy,21F,206.51,Confirmed
3035,207,420,2026-02-21,Economy,21E,834.27,Confirmed
3036,375,465,2026-09-14,Economy,1E,928.7,Confirmed
3037,298,502,2026-11-11,Economy,17E,72.4,Confirmed
3038,9,899,2026-01-10,Economy,34D,345.7,Cancelled
3039,230,444,2026-08-09,Economy,25F,1038.61,Cancelled
3040,415,972,2025-12-19,Premium Economy,27A,409.23,Confirmed
3041,212,270,2026-08-15,Economy,14B,455.63,Completed
3042,421,880,2026-09-13,Economy,28E,878.34,Cancelled
3043,378,944,2026-06-26,Premium Economy,30A,714.54,Completed
3044,316,5,2026-06-19,Business,28A,1202.97,Confirmed
3045,187,440,2026-08-06,Business,20A,447.64,Confirmed
3046,356,406,2025-11-07,Premium Economy,6C,1079.81,Confirmed
3047,326,604,2026-04-02,Economy,34E,965.92,Completed
3048,92,272,2025-12-24,Economy,2C,647.02,Cancelled
3049,182,283,2026-03-03,Economy,19B,247.87,Confirmed
3050,330,967,2026-02-07,Premium Economy,23F,1133.04,Confirmed
3051,178,748,2026-04-02,Business,10F,1250.57,Confirmed
3052,65,434,2025-09-16,Premium Economy,39A,1063.01,Confirmed
3053,339,556,2026-01-10,First Class,2E,3827.35,Cancelled
3054,82,297,2026-04-14,Premium Economy,23C,405.03,Confirmed
3055,426,246,2026-06-17,Economy,16C,680.93,Confirmed
3056,190,961,2026-05-29,Premium Economy,34E,947.72,Confirmed
3057,10,801,2026-04-06,First Class,21A,3787.1,Confirmed
3058,310,749,2025-12-16,Economy,23C,889.24,Confirmed
3059,262,551,2026-09-12,Economy,34C,782.87,Completed
3060,296,876,2026-01-16,Business,25F,1454.29,Confirmed
3061,369,661,2026-01-03,Business,17A,1091.33,Cancelled
3062,271,442,2026-07-19,Economy,12E,995.28,Cancelled
3063,222,436,2026-06-18,First Class,32A,1661.28,Cancelled
3064,417,765,2026-01-29,First Class,19C,661.55,Confirmed
3065,37,437,2026-02-22,First Class,4B,2416.3,Confirmed
3066,78,574,2025-12-20,Premium Economy,33A,353.95,Confirmed
3067,217,520,2026-05-09,Business,23C,1031.97,Completed
3068,160,571,2026-02-07,Economy,29A,301.69,Cancelled
3069,80,130,2026-09-14,Business,17F,777.11,Confirmed
3070,416,266,2026-10-28,Premium Economy,10F,977.0,Confirmed
3071,72,273,2026-01-22,Economy,31A,352.61,Confirmed
3072,128,643,2026-03-26,First Class,33C,251.17,Cancelled
3073,338,120,2025-09-24,Business,39C,178.52,Confirmed
3074,88,893,2026-04-24,First Class,25A,2890.75,Confirmed
3075,344,932,2026-05-20,Premium Economy,35A,774.29,Cancelled
3076,357,233,2026-04-11,Economy,36B,331.91,Confirmed
3077,327,698,2025-11-05,First Class,26B,3445.38,Completed
3078,84,644,2026-03-09,Business,30A,840.83,Confirmed
3079,271,457,2026-08-25,Premium Economy,8E,1266.86,Completed
3080,497,894,2026-11-03,First Class,28A,1545.58,Confirmed
3081,422,292,2025-11-30,Economy,9E,104.32,Confirmed
3082,143,596,2026-07-19,Business,29B,1909.94,Confirmed
3083,39,908,2026-09-25,Economy,22A,700.47,Completed
3084,68,239,2026-02-02,Economy,13A,231.21,Confirmed
3085,119,37,2026-05-04,Economy,5F,804.31,Confirmed
3086,96,623,2026-07-17,Premium Economy,9F,735.12,Cancelled
3087,293,974,2026-04-03,First Class,16A,3430.54,Confirmed
3088,136,91,2026-10-15,Economy,34B,595.89,Completed
3089,266,425,2025-11-16,Business,33A,1069.81,Completed
3090,472,288,2026-01-08,Economy,4B,862.89,Confirmed
3091,499,199,2026-02-17,Premium Economy,8D,1128.84,Cancelled
3092,491,679,2026-04-22,Economy,39D,893.53,Cancelled
3093,492,859,2026-09-17,Economy,3A,378.53,Completed
3094,229,891,2026-01-31,Business,19A,1739.67,Confirmed
3095,307,232,2026-08-03,Economy,20F,962.11,Confirmed
3096,275,526,2025-12-07,First Class,7A,1834.21,Confirmed
3097,409,7,2026-09-26,Economy,14E,246.69,Confirmed
3098,481,594,2026-08-08,First Class,17A,321.05,Confirmed
3099,306,8,2026-09-30,First Class,3B,4499.17,Cancelled
3100,204,652,2025-07-27,Economy,25F,810.72,Completed
3101,329,725,2026-07-14,Business,14A,192.02,Confirmed
3102,310,27,2025-12-27,First Class,24A,2909.0,Confirmed
3103,209,342,2026-07-09,Economy,1E,952.33,Completed
3104,470,372,2025-10-15,Business,25A,1715.16,Confirmed
3105,154,631,2025-11-12,Business,3B,1165.12,Cancelled
3106,112,704,2025-10-17,Business,26D,1485.47,Confirmed
3107,491,23,2025-11-07,Economy,29A,1036.22,Confirmed
3108,30,729,2025-12-06,First Class,3E,656.44,Confirmed
3109,200,521,2026-11-29,Economy,36B,780.86,Cancelled
3110,311,876,2026-03-29,Business,16A,302.27,Confirmed
3111,370,155,2026-05-14,Economy,25C,433.83,Cancelled
3112,291,589,2025-11-29,Economy,20D,349.47,Cancelled
3113,291,27,2026-02-24,Economy,1A,482.92,Confirmed
3114,138,893,2026-04-27,Premium Economy,28D,555.45,Confirmed
3115,447,64,2026-07-30,Economy,22D,307.32,Confirmed
3116,78,851,2025-09-30,Economy,3A,282.89,Confirmed
3117,405,155,2026-04-15,First Class,13B,3630.91,Confirmed
3118,44,935,2025-11-22,Premium Economy,3C,1271.57,Confirmed
3119,7,544,2025-12-28,Economy,9D,547.68,Completed
3120,17,687,2026-01-16,Economy,29E,868.61,Completed
3121,269,66,2026-07-11,Economy,5F,350.0,Confirmed
3122,299,999,2026-04-15,Premium Economy,19C,584.65,Confirmed
3123,137,32,2025-12-13,Economy,14F,536.02,Completed
3124,102,975,2025-11-04,Premium Economy,13C,530.44,Confirmed
3125,344,772,2025-12-18,Economy,5F,660.08,Confirmed
3126,449,472,2026-04-16,Business,25C,578.65,Confirmed
3127,323,428,2025-12-03,Economy,3B,433.97,Confirmed
3128,216,927,2026-10-06,Economy,21A,703.72,Confirmed
3129,50,133,2026-01-19,Business,8D,295.21,Confirmed
3130,47,660,2026-04-01,First Class,24B,593.02,Confirmed
3131,155,371,2026-06-26,Business,4A,1823.6,Confirmed
3132,393,956,2026-02-21,Economy,20B,815.02,Completed
3133,272,102,2026-02-03,Premium Economy,2C,1017.02,Completed
3134,290,195,2026-04-21,Premium Economy,18C,727.9,Completed
3135,457,856,2026-08-29,Business,27F,445.56,Cancelled
3136,208,249,2026-02-24,First Class,27D,681.94,Confirmed
3137,399,954,2026-01-14,Business,8B,816.26,Confirmed
3138,241,627,2026-10-06,Business,20E,1925.68,Confirmed
3139,201,206,2026-05-29,Economy,15D,910.65,Confirmed
3140,334,461,2026-09-17,Business,19D,165.85,Confirmed
3141,190,670,2026-08-12,Economy,36A,199.32,Cancelled
3142,261,989,2026-01-19,Economy,28B,576.35,Completed
3143,484,683,2026-02-24,Economy,19C,349.77,Confirmed
3144,410,941,2025-11-13,Business,31B,919.89,Confirmed
3145,31,31,2026-04-29,First Class,37E,1361.58,Confirmed
3146,72,580,2026-07-03,Premium Economy,30A,236.31,Confirmed
3147,427,706,2026-06-15,Economy,18D,284.28,Completed
3148,18,460,2026-04-05,First Class,7D,3125.54,Cancelled
3149,318,700,2026-05-18,Economy,26C,655.26,Confirmed
3150,161,985,2026-11-22,Economy,30F,481.09,Cancelled
3151,123,872,2025-11-14,Economy,31D,469.31,Cancelled
3152,218,121,2026-01-22,Business,12A,1120.63,Confirmed
3153,246,37,2026-04-29,Economy,39D,301.98,Completed
3154,490,951,2025-11-23,Economy,37A,651.97,Completed
3155,369,481,2026-01-31,First Class,16A,1623.27,Completed
3156,257,535,2026-10-20,Economy,34F,336.37,Completed
3157,237,61,2025-11-05,Business,14A,2229.63,Confirmed
3158,450,814,2026-01-31,Premium Economy,18C,262.27,Confirmed
3159,430,190,2026-02-20,Economy,23D,1106.92,Cancelled
3160,123,909,2026-09-02,Economy,24E,628.13,Cancelled
3161,78,576,2026-06-08,Business,18F,1194.92,Completed
3162,61,340,2026-01-05,Business,39D,2536.36,Confirmed
3163,337,645,2026-04-26,Business,15C,849.42,Completed
3164,124,701,2026-10-03,Business,28B,2192.2,Confirmed
3165,212,331,2025-12-05,Business,24E,454.92,Confirmed
3166,179,384,2026-06-16,Economy,3B,417.61,Confirmed
3167,283,912,2025-10-08,Economy,12D,437.05,Completed
3168,257,773,2026-11-06,First Class,17F,722.92,Completed
3169,242,138,2026-04-13,First Class,25C,1709.12,Confirmed
3170,449,424,2026-03-29,Premium Economy,37A,658.5,Confirmed
3171,384,600,2026-04-13,First Class,37F,2868.14,Confirmed
3172,77,50,2026-04-07,Economy,3F,164.82,Completed
3173,365,908,2026-09-27,Economy,24C,359.66,Cancelled
3174,238,601,2026-07-10,Business,22C,464.73,Confirmed
3175,26,778,2025-12-18,Premium Economy,24D,1137.14,Confirmed
3176,427,731,2025-10-12,Economy,25C,785.96,Confirmed
3177,416,478,2026-05-22,First Class,21C,2816.44,Confirmed
3178,283,941,2025-12-21,Business,3C,514.93,Completed
3179,395,575,2025-12-03,Premium Economy,11F,685.3,Confirmed
3180,338,249,2026-01-12,Economy,39E,90.65,Confirmed
3181,344,361,2026-06-03,First Class,24F,1152.88,Cancelled
3182,245,27,2026-02-15,Business,3C,407.8,Cancelled
3183,352,144,2026-03-30,Premium Economy,39B,972.24,Confirmed
3184,109,335,2026-04-10,Economy,26B,66.77,Confirmed
3185,472,558,2026-09-22,Economy,16A,109.25,Confirmed
3186,225,114,2026-08-20,Economy,13D,574.57,Confirmed
3187,91,302,2026-05-31,First Class,16E,1130.74,Confirmed
3188,356,433,2026-09-23,Economy,11E,922.49,Confirmed
3189,224,714,2026-02-19,Business,30E,1363.16,Cancelled
3190,75,269,2025-12-10,Economy,35E,633.15,Confirmed
3191,240,255,2026-03-15,Economy,23A,1057.87,Cancelled
3192,263,597,2026-03-10,Business,6C,1424.59,Confirmed
3193,291,484,2026-07-29,Premium Economy,6B,436.32,Confirmed
3194,269,809,2025-08-12,First Class,34E,3337.16,Cancelled
3195,151,319,2026-03-04,Premium Economy,26D,152.18,Cancelled
3196,175,94,2026-03-21,Economy,7A,811.87,Confirmed
3197,62,384,2026-02-12,Business,27B,1486.94,Confirmed
3198,336,162,2026-09-16,Premium Economy,27F,370.55,Completed
3199,133,341,2026-10-10,Economy,32E,897.13,Confirmed
3200,263,86,2026-07-23,Economy,40F,196.23,Confirmed
3201,192,716,2026-05-18,First Class,36A,2079.65,Cancelled
3202,56,522,2025-09-03,Economy,6A,603.22,Confirmed
3203,294,40,2026-02-13,Premium Economy,36A,189.01,Confirmed
3204,192,738,2026-03-10,Business,37D,1698.06,Confirmed
3205,416,569,2026-04-09,Economy,35C,439.99,Confirmed
3206,366,161,2026-01-26,Premium Economy,34B,432.38,Confirmed
3207,360,89,2026-02-03,Economy,26F,453.95,Cancelled
3208,310,861,2026-07-24,First Class,26C,2277.27,Completed
3209,74,350,2026-05-28,First Class,14A,4159.82,Cancelled
3210,216,383,2026-05-07,Business,12C,413.04,Confirmed
3211,378,140,2026-09-01,Economy,19B,221.94,Completed
3212,214,439,2025-12-16,Premium Economy,15C,429.69,Confirmed
3213,471,947,2025-12-15,Economy,6D,793.52,Confirmed
3214,348,961,2026-05-27,First Class,8B,2586.29,Completed
3215,314,49,2026-11-20,Economy,6D,311.88,Confirmed
3216,270,836,2025-10-01,Economy,12E,464.4,Confirmed
3217,267,96,2025-08-12,Business,28C,551.29,Completed
3218,462,740,2025-09-09,Business,39F,1098.07,Confirmed
3219,415,99,2026-04-10,Business,34C,2234.49,Confirmed
3220,249,848,2026-01-06,First Class,38B,259.11,Confirmed
3221,37,935,2025-10-08,Economy,6E,528.01,Confirmed
3222,164,765,2025-12-07,Economy,30A,76.74,Confirmed
3223,225,155,2026-04-24,Economy,34F,161.26,Cancelled
3224,127,367,2026-09-10,Economy,5D,506.7,Confirmed
3225,66,186,2026-05-17,Economy,30C,1018.18,Confirmed
3226,269,467,2026-01-02,Economy,38C,368.15,Confirmed
3227,220,196,2026-03-20,Economy,16E,809.42,Completed
3228,356,298,2026-09-16,Economy,28F,1047.66,Confirmed
3229,365,518,2026-09-03,Economy,26A,493.01,Completed
3230,253,572,2026-08-06,Economy,2E,81.54,Confirmed
3231,445,803,2025-09-28,Economy,7C,55.51,Confirmed
3232,150,241,2026-07-13,Premium Economy,6B,693.96,Confirmed
3233,411,435,2025-08-08,Economy,29A,100.85,Confirmed
3234,306,58,2025-08-30,Premium Economy,39D,599.0,Confirmed
3235,353,708,2025-11-29,Premium Economy,12B,1307.32,Cancelled
3236,5,480,2025-10-21,Economy,40F,495.34,Confirmed
3237,179,402,2026-06-17,Premium Economy,19C,996.41,Confirmed
3238,98,58,2025-09-10,Economy,1B,326.56,Completed
3239,262,3,2026-10-01,First Class,5C,2551.62,Cancelled
3240,239,876,2026-01-16,First Class,24A,344.46,Completed
3241,275,528,2026-04-13,Premium Economy,34C,655.0,Confirmed
3242,182,867,2026-10-05,Economy,15F,658.44,Confirmed
3243,399,775,2026-05-01,First Class,4F,1561.69,Confirmed
3244,400,29,2026-08-13,Economy,35F,807.63,Confirmed
3245,440,209,2026-02-02,Economy,10F,353.05,Cancelled
3246,209,53,2025-12-17,Economy,40A,277.96,Confirmed
3247,467,985,2026-08-29,Economy,9C,515.13,Confirmed
3248,411,718,2025-09-17,Economy,28F,242.44,Confirmed
3249,319,86,2026-04-11,Business,12A,1027.69,Cancelled
3250,108,295,2026-05-08,Premium Economy,22C,262.86,Confirmed
3251,398,804,2026-09-23,First Class,21C,1463.42,Cancelled
3252,380,329,2026-08-10,Economy,11F,617.76,Confirmed
3253,162,63,2026-04-08,Premium Economy,9C,358.26,Confirmed
3254,85,134,2026-01-26,First Class,18B,2549.89,Confirmed
3255,444,845,2025-12-14,Economy,1B,1039.5,Completed
3256,453,350,2026-07-30,First Class,10B,2241.63,Confirmed
3257,424,696,2025-09-13,Premium Economy,3B,1355.18,Confirmed
3258,180,999,2026-03-27,Economy,19A,737.58,Completed
3259,285,206,2026-04-06,Economy,20A,525.57,Completed
3260,189,890,2026-09-18,Premium Economy,21F,81.75,Confirmed
3261,309,75,2026-09-29,Premium Economy,28F,1265.25,Confirmed
3262,498,868,2026-05-15,First Class,5A,3356.58,Completed
3263,98,752,2026-06-01,Premium Economy,12E,624.85,Confirmed
3264,142,292,2025-10-05,Economy,26C,645.28,Confirmed
3265,202,691,2025-12-02,Economy,37A,226.37,Completed
3266,160,780,2026-04-01,Economy,14E,223.21,Completed
3267,457,97,2026-03-03,Economy,28F,269.78,Confirmed
3268,126,124,2026-01-21,Economy,17B,479.98,Confirmed
3269,308,570,2026-02-28,Economy,19C,829.3,Confirmed
3270,269,466,2026-05-18,Economy,10F,1086.41,Confirmed
3271,385,516,2025-08-31,Premium Economy,14F,549.03,Confirmed
3272,159,577,2026-03-23,Economy,28A,709.22,Confirmed
3273,380,261,2026-10-30,Economy,40A,122.83,Completed
3274,474,690,2026-01-22,Economy,14E,547.62,Completed
3275,452,92,2026-02-13,Economy,35F,868.21,Confirmed
3276,310,593,2026-09-19,First Class,4B,3204.99,Cancelled
3277,86,280,2026-05-21,Economy,13B,884.41,Confirmed
3278,366,292,2025-11-20,Premium Economy,28E,788.75,Confirmed
3279,475,48,2026-02-22,Premium Economy,21C,554.74,Confirmed
3280,35,911,2026-01-27,Economy,19E,730.78,Completed
3281,35,535,2026-09-26,Economy,7E,826.74,Completed
3282,292,129,2026-08-09,Premium Economy,34D,272.15,Completed
3283,276,796,2026-03-27,Economy,8D,94.39,Confirmed
3284,112,839,2025-10-10,Premium Economy,10B,744.5,Cancelled
3285,421,348,2026-07-21,Economy,28E,305.71,Confirmed
3286,188,83,2026-10-08,Economy,21D,1036.77,Confirmed
3287,268,427,2026-09-21,Premium Economy,34E,579.58,Confirmed
3288,468,892,2025-12-21,Economy,33E,449.05,Confirmed
3289,469,538,2026-07-26,Premium Economy,19D,99.7,Cancelled
3290,448,851,2026-03-15,Economy,36B,181.97,Confirmed
3291,93,436,2026-05-05,First Class,10C,2999.84,Confirmed
3292,373,307,2026-03-06,Economy,24B,761.69,Confirmed
3293,297,737,2026-07-01,Economy,3A,512.98,Cancelled
3294,178,933,2026-04-03,Economy,34A,593.29,Confirmed
3295,38,996,2026-10-27,Premium Economy,23F,1291.46,Confirmed
3296,215,698,2026-02-19,Economy,28E,704.56,Completed
3297,191,33,2025-09-06,First Class,10D,2314.21,Completed
3298,61,323,2026-02-26,Economy,25C,299.32,Confirmed
3299,321,884,2026-05-09,Economy,1A,233.77,Confirmed
3300,406,679,2025-12-06,First Class,39B,934.87,Confirmed
3301,165,796,2026-02-19,Economy,5A,790.46,Completed
3302,349,528,2026-06-02,Economy,16E,503.54,Cancelled
3303,99,231,2026-04-04,Economy,32C,748.66,Cancelled
3304,144,88,2026-11-08,Economy,18F,805.2,Cancelled
3305,159,649,2026-03-18,Business,5B,275.5,Confirmed
3306,377,291,2026-03-15,Business,24C,2633.54,Confirmed
3307,263,302,2025-12-27,Economy,4C,319.11,Confirmed
3308,251,964,2025-09-22,Economy,8B,390.64,Confirmed
3309,133,117,2026-02-23,Economy,22C,1048.0,Confirmed
3310,22,725,2026-06-17,Premium Economy,8B,1098.38,Confirmed
3311,146,77,2025-09-20,Premium Economy,22B,308.93,Confirmed
3312,450,67,2026-01-18,First Class,22C,2034.04,Confirmed
3313,152,147,2025-12-28,First Class,35C,1751.85,Confirmed
3314,43,455,2025-11-05,Economy,27B,77.07,Confirmed
3315,106,63,2026-04-27,Economy,18E,195.36,Completed
3316,258,391,2026-01-20,Economy,7B,944.12,Confirmed
3317,305,167,2026-10-14,Premium Economy,11B,760.58,Confirmed
3318,70,901,2025-11-18,First Class,6C,2664.22,Confirmed
3319,433,946,2025-10-27,Economy,2A,821.35,Confirmed
3320,301,469,2026-10-22,Economy,36B,365.41,Completed
3321,465,475,2025-12-13,Economy,23F,717.32,Completed
3322,412,301,2026-01-01,Economy,6E,793.54,Confirmed
3323,493,403,2026-02-18,Premium Economy,18A,1215.59,Completed
3324,259,421,2026-01-03,First Class,7C,2482.4,Cancelled
3325,238,17,2026-05-05,Business,13A,582.63,Confirmed
3326,179,781,2026-09-17,Premium Economy,32A,830.0,Cancelled
3327,449,924,2025-10-04,Premium Economy,25A,1181.82,Confirmed
3328,259,207,2026-05-26,Business,40C,2389.18,Confirmed
3329,436,87,2025-11-22,Business,12E,2228.0,Cancelled
3330,485,33,2025-11-18,Economy,11C,272.61,Confirmed
3331,402,948,2026-04-26,First Class,14A,3663.78,Cancelled
3332,180,108,2026-03-04,First Class,35F,1164.6,Cancelled
3333,145,876,2026-01-10,Business,12A,1701.68,Cancelled
3334,208,493,2026-06-22,First Class,4E,1993.99,Completed
3335,472,902,2026-04-11,Business,18E,2246.26,Confirmed
3336,177,861,2026-05-22,First Class,11C,2944.79,Confirmed
3337,353,247,2025-10-10,Economy,17E,654.38,Confirmed
3338,248,941,2025-11-26,First Class,15B,1558.78,Completed
3339,167,667,2026-01-27,Premium Economy,27A,732.59,Confirmed
3340,287,140,2026-08-18,Economy,21A,344.7,Confirmed
3341,41,829,2025-08-28,Economy,9F,948.72,Confirmed
3342,300,755,2026-01-02,Premium Economy,23D,1347.19,Cancelled
3343,411,897,2026-04-12,Economy,19C,265.53,Completed
3344,314,412,2026-08-28,Premium Economy,30B,1256.35,Confirmed
3345,483,315,2026-05-13,Business,23F,273.94,Confirmed
3346,263,315,2026-06-13,Premium Economy,30F,346.55,Confirmed
3347,205,113,2026-07-29,Economy,16B,932.12,Confirmed
3348,36,221,2026-09-14,First Class,17E,1655.26,Confirmed
3349,460,841,2026-06-01,Premium Economy,32D,1217.12,Confirmed
3350,267,700,2026-06-18,Economy,29B,450.92,Completed
3351,67,690,2025-12-20,First Class,3C,618.62,Confirmed
3352,201,600,2026-07-07,Premium Economy,19A,718.53,Confirmed
3353,225,492,2026-08-26,Economy,22F,647.12,Confirmed
3354,42,17,2026-04-12,Business,11F,1173.61,Confirmed
3355,53,55,2025-08-18,Premium Economy,11D,1144.53,Confirmed
3356,177,613,2025-08-20,Economy,1B,505.99,Confirmed
3357,382,349,2025-12-14,Premium Economy,38B,289.88,Confirmed
3358,487,161,2025-12-29,Business,3A,733.49,Confirmed
3359,158,760,2026-02-16,Premium Economy,18C,481.01,Cancelled
3360,141,947,2025-08-03,Economy,18E,790.87,Confirmed
3361,18,745,2026-08-18,Business,37A,1711.98,Confirmed
3362,373,591,2026-02-17,First Class,30E,838.53,Completed
3363,163,763,2025-11-23,Premium Economy,1B,855.88,Confirmed
3364,119,89,2026-03-10,Economy,40A,606.64,Confirmed
3365,138,777,2026-06-15,Economy,24D,1022.87,Confirmed
3366,134,392,2026-11-16,Economy,24D,705.52,Confirmed
3367,242,397,2026-09-15,Business,32E,191.61,Confirmed
3368,483,570,2025-12-02,Economy,12F,967.91,Confirmed
3369,473,818,2026-04-13,Economy,31E,141.92,Confirmed
3370,312,623,2026-05-21,Economy,17E,424.43,Confirmed
3371,203,887,2026-10-16,Business,33E,2512.7,Confirmed
3372,16,945,2025-12-27,Economy,19C,287.6,Confirmed
3373,91,777,2026-03-08,Business,11C,2225.23,Confirmed
3374,171,639,2026-03-15,First Class,8F,3820.73,Confirmed
3375,471,9,2026-10-12,First Class,6E,2345.83,Confirmed
3376,71,596,2026-04-06,Economy,1F,344.44,Cancelled
3377,163,557,2026-10-03,First Class,27F,1245.34,Confirmed
3378,73,268,2026-08-19,Premium Economy,27D,562.98,Confirmed
3379,155,794,2026-05-11,Business,18E,2051.78,Cancelled
3380,430,764,2026-08-06,Business,24E,1398.51,Cancelled
3381,139,355,2025-12-10,Economy,11A,977.91,Cancelled
3382,174,11,2025-11-21,Premium Economy,1A,384.89,Cancelled
3383,433,217,2026-02-16,Business,35F,1116.37,Confirmed
3384,112,129,2026-07-21,Premium Economy,3A,452.3,Completed
3385,421,187,2026-01-02,Business,15F,1314.35,Confirmed
3386,396,446,2026-01-28,Economy,13F,761.94,Confirmed
3387,82,807,2026-02-18,Premium Economy,18F,1243.23,Cancelled
3388,229,631,2026-01-10,First Class,26A,3487.27,Cancelled
3389,230,740,2026-02-15,Premium Economy,3B,739.97,Completed
3390,445,148,2026-04-09,Premium Economy,10B,509.33,Confirmed
3391,175,380,2025-11-19,First Class,8B,3571.2,Confirmed
3392,275,393,2026-04-01,Economy,30D,433.7,Confirmed
3393,18,73,2026-03-25,Economy,13F,645.32,Confirmed
3394,498,833,2025-12-12,First Class,24E,3168.78,Completed
3395,317,36,2026-02-23,Economy,39B,777.44,Confirmed
3396,329,171,2025-09-03,First Class,18F,2496.12,Cancelled
3397,209,343,2026-09-19,Economy,22A,597.41,Confirmed
3398,303,244,2026-05-12,Economy,19C,707.6,Cancelled
3399,291,948,2026-06-16,Premium Economy,35B,82.2,Confirmed
3400,109,162,2026-04-07,First Class,26C,1357.54,Cancelled
3401,45,359,2026-05-12,Premium Economy,35C,507.94,Confirmed
3402,359,8,2026-05-20,First Class,4E,910.69,Confirmed
3403,289,76,2025-11-24,Economy,28C,213.42,Cancelled
3404,349,997,2026-11-02,Premium Economy,22B,293.38,Cancelled
3405,342,369,2026-02-01,Economy,16D,943.49,Confirmed
3406,455,692,2025-11-24,Economy,6E,618.04,Cancelled
3407,231,575,2026-04-21,Premium Economy,10B,1047.95,Confirmed
3408,156,952,2026-01-25,Economy,31A,771.17,Cancelled
3409,212,662,2026-06-18,Economy,1D,849.8,Cancelled
3410,187,617,2025-11-07,Premium Economy,36B,692.64,Confirmed
3411,265,324,2025-09-16,Business,38C,2045.92,Confirmed
3412,25,418,2026-06-29,First Class,23F,2688.99,Completed
3413,101,213,2025-11-29,Economy,21F,247.2,Confirmed
3414,416,768,2026-01-30,Business,36E,1648.64,Cancelled
3415,226,475,2025-09-22,Economy,17D,957.38,Cancelled
3416,96,877,2026-03-29,Economy,23D,605.06,Cancelled
3417,2,536,2026-01-24,Business,16E,1080.79,Cancelled
3418,116,578,2026-03-10,Economy,15F,444.9,Cancelled
3419,36,212,2026-06-05,Economy,21C,405.65,Confirmed
3420,492,613,2025-08-31,Economy,18E,736.61,Confirmed
3421,172,863,2026-08-08,Economy,27B,856.35,Cancelled
3422,140,317,2026-08-14,Business,19D,1031.1,Confirmed
3423,454,122,2026-02-19,Premium Economy,17F,1038.3,Confirmed
3424,438,231,2025-12-06,Economy,39E,428.99,Completed
3425,261,336,2026-06-17,First Class,1F,2744.27,Cancelled
3426,23,962,2025-08-18,Economy,25F,761.94,Confirmed
3427,240,580,2026-06-01,Premium Economy,36E,968.96,Confirmed
3428,328,41,2025-09-24,Economy,26A,856.89,Cancelled
3429,188,282,2025-10-09,Premium Economy,27F,647.77,Confirmed
3430,115,387,2026-07-23,Premium Economy,17B,968.56,Confirmed
3431,474,34,2026-06-16,First Class,9C,1243.11,Confirmed
3432,342,963,2026-01-21,Economy,35A,209.98,Cancelled
3433,241,959,2026-01-21,First Class,22C,2125.97,Completed
3434,202,513,2026-01-31,Economy,40F,844.78,Confirmed
3435,6,759,2026-04-15,Economy,34C,559.87,Completed
3436,352,719,2026-04-24,First Class,4D,2246.45,Confirmed
3437,462,970,2026-02-08,Economy,38F,290.63,Confirmed
3438,181,174,2026-11-30,Economy,3D,734.38,Confirmed
3439,17,672,2026-03-14,Economy,30F,632.12,Completed
3440,455,831,2026-09-23,Economy,21F,755.0,Confirmed
3441,418,131,2026-06-04,Business,31D,2341.4,Confirmed
3442,143,742,2026-02-14,Business,35A,209.12,Confirmed
3443,91,37,2026-07-09,Premium Economy,36B,179.78,Cancelled
3444,468,257,2026-01-24,Business,4F,1458.42,Confirmed
3445,418,532,2026-08-26,Business,3E,1312.17,Cancelled
3446,268,364,2026-02-17,First Class,17C,1520.1,Cancelled
3447,210,752,2026-05-31,Premium Economy,29E,720.34,Completed
3448,219,513,2026-02-05,Economy,25C,863.37,Completed
3449,335,378,2025-09-27,Business,35A,1029.28,Confirmed
3450,115,892,2026-04-12,Economy,1F,122.47,Confirmed
3451,302,290,2025-08-22,Premium Economy,16E,1415.07,Confirmed
3452,270,860,2026-07-19,Business,2D,2351.07,Confirmed
3453,412,151,2026-08-25,Economy,22C,310.93,Completed
3454,139,980,2026-04-25,First Class,9F,3318.04,Confirmed
3455,421,42,2026-04-28,Business,16B,628.24,Confirmed
3456,44,630,2026-08-16,Business,36F,509.1,Confirmed
3457,283,914,2026-05-17,Economy,2F,996.35,Confirmed
3458,351,412,2026-05-22,Premium Economy,13E,156.97,Confirmed
3459,91,797,2026-08-08,First Class,10F,512.72,Cancelled
3460,69,966,2026-03-23,Economy,6D,989.15,Confirmed
3461,173,640,2025-12-26,Economy,22A,273.7,Cancelled
3462,250,819,2026-02-17,Economy,30D,157.78,Completed
3463,2,483,2026-07-30,Premium Economy,23A,1025.29,Confirmed
3464,242,596,2026-04-27,Economy,25C,269.31,Cancelled
3465,182,393,2026-03-24,First Class,36F,1891.28,Completed
3466,436,473,2025-11-27,Business,23C,273.99,Confirmed
3467,309,414,2026-04-02,First Class,5F,1887.42,Confirmed
3468,274,750,2025-09-23,Premium Economy,13B,963.46,Confirmed
3469,442,304,2026-05-08,Economy,17D,179.35,Confirmed
3470,243,523,2025-12-07,Premium Economy,10E,743.55,Cancelled
3471,7,922,2025-09-16,Premium Economy,35E,792.5,Confirmed
3472,154,442,2026-06-08,First Class,1B,4295.72,Confirmed
3473,182,879,2026-06-25,Premium Economy,12C,814.79,Confirmed
3474,16,164,2025-10-22,Economy,27F,1034.14,Cancelled
3475,425,321,2026-01-14,Economy,12A,427.83,Confirmed
3476,4,19,2026-09-08,Business,5C,1811.1,Confirmed
3477,6,248,2026-03-29,Economy,40C,429.97,Completed
3478,373,589,2026-04-26,Economy,12E,473.73,Cancelled
3479,497,225,2026-06-08,Premium Economy,36C,238.04,Cancelled
3480,256,203,2026-05-29,Economy,31F,743.17,Confirmed
3481,325,41,2025-10-03,Economy,39C,169.44,Confirmed
3482,358,944,2026-01-31,Economy,26F,801.03,Confirmed
3483,160,700,2026-04-16,Economy,35A,138.58,Completed
3484,222,823,2026-06-09,Business,11A,1731.76,Cancelled
3485,463,693,2026-09-06,First Class,25B,2931.11,Confirmed
3486,350,815,2026-08-22,Economy,14C,739.13,Completed
3487,367,269,2025-10-16,Business,31E,2316.85,Confirmed
3488,455,32,2026-01-16,Economy,21A,1098.88,Confirmed
3489,292,384,2026-03-23,Premium Economy,5C,736.57,Cancelled
3490,86,660,2026-02-18,Economy,6E,95.05,Confirmed
3491,468,909,2026-06-03,Economy,18A,1034.64,Confirmed
3492,399,336,2026-08-12,Economy,34C,159.17,Confirmed
3493,436,621,2025-11-29,First Class,20B,2806.97,Confirmed
3494,68,334,2026-03-16,Economy,22F,349.15,Confirmed
3495,232,938,2026-08-15,Premium Economy,26B,927.25,Confirmed
3496,354,205,2026-08-26,Premium Economy,22C,1009.03,Confirmed
3497,340,522,2025-09-27,First Class,21F,4248.04,Confirmed
3498,257,404,2025-09-27,Premium Economy,18A,1234.12,Cancelled
3499,286,122,2026-01-21,Premium Economy,26D,723.69,Cancelled
3500,232,714,2026-06-20,Economy,37E,300.67,Confirmed
3501,353,579,2025-10-21,Economy,10C,105.71,Confirmed
3502,234,273,2025-11-30,Economy,13C,435.75,Completed
3503,337,953,2026-02-09,Business,2E,354.56,Confirmed
3504,215,423,2026-07-14,Premium Economy,10A,677.2,Completed
3505,197,581,2025-12-02,Premium Economy,12E,90.86,Cancelled
3506,110,371,2026-05-24,Premium Economy,34A,1108.01,Confirmed
3507,168,792,2026-04-08,Economy,1A,418.29,Confirmed
3508,280,881,2026-04-26,Business,33B,1863.27,Confirmed
3509,358,182,2025-10-29,Premium Economy,26B,1258.76,Confirmed
3510,454,504,2026-11-28,Premium Economy,10E,74.24,Confirmed
3511,49,42,2026-03-04,Premium Economy,5E,506.88,Confirmed
3512,436,41,2026-01-26,Economy,1C,737.85,Confirmed
3513,303,656,2025-12-24,Economy,24B,93.4,Completed
3514,20,10,2026-09-03,Business,30C,1884.62,Cancelled
3515,374,441,2026-03-28,Premium Economy,38F,251.06,Confirmed
3516,239,48,2026-03-06,Economy,23B,891.08,Completed
3517,369,278,2026-02-08,Economy,27B,787.58,Cancelled
3518,191,533,2026-01-30,Economy,12B,127.22,Completed
3519,500,614,2026-09-27,Economy,11B,93.34,Confirmed
3520,226,208,2026-11-04,Premium Economy,38F,120.71,Confirmed
3521,96,422,2025-10-06,Economy,31A,511.55,Confirmed
3522,346,864,2025-11-27,Premium Economy,37F,315.41,Confirmed
3523,130,187,2025-11-25,Economy,40C,1110.48,Cancelled
3524,65,371,2026-07-28,Economy,25C,93.99,Confirmed
3525,349,763,2026-03-23,Business,38F,562.73,Cancelled
3526,65,854,2025-11-25,Premium Economy,14F,370.6,Confirmed
3527,134,683,2025-11-05,Premium Economy,8A,299.7,Confirmed
3528,288,899,2026-03-13,First Class,40D,1920.58,Confirmed
3529,177,78,2025-08-31,First Class,26B,2567.71,Confirmed
3530,167,760,2025-11-20,Premium Economy,39C,956.06,Confirmed
3531,340,753,2026-03-24,Business,19B,1102.23,Cancelled
3532,361,995,2026-12-02,First Class,9E,659.98,Confirmed
3533,439,361,2026-08-16,Business,19B,224.03,Confirmed
3534,489,733,2026-03-15,Economy,40A,61.65,Confirmed
3535,235,356,2026-04-04,First Class,40F,3261.59,Completed
3536,404,732,2025-10-26,Premium Economy,15A,1443.41,Cancelled
3537,179,797,2026-09-03,Economy,23A,992.7,Completed
3538,182,799,2026-09-03,Economy,27F,88.89,Confirmed
3539,473,809,2026-02-02,Premium Economy,37E,144.34,Completed
3540,303,189,2026-01-29,Economy,26F,345.04,Completed
3541,233,953,2026-01-15,Economy,35C,156.66,Confirmed
3542,263,192,2026-07-07,First Class,36C,2129.99,Cancelled
3543,278,250,2026-01-25,Economy,38C,940.51,Confirmed
3544,2,247,2026-01-13,Economy,40D,852.44,Confirmed
3545,432,239,2026-05-19,Business,27E,212.44,Confirmed
3546,220,209,2026-04-04,Premium Economy,23C,614.32,Completed
3547,171,250,2026-06-15,Economy,19D,132.37,Confirmed
3548,348,36,2025-10-12,Premium Economy,33F,827.89,Completed
3549,8,388,2026-01-05,Premium Economy,9A,863.38,Confirmed
3550,215,668,2026-02-02,First Class,3C,3013.47,Cancelled
3551,372,382,2025-10-10,Economy,25C,529.61,Cancelled
3552,70,38,2026-04-06,Economy,9A,294.79,Confirmed
3553,342,772,2026-01-25,First Class,20A,2521.16,Confirmed
3554,279,481,2026-03-14,Economy,6D,253.23,Confirmed
3555,134,357,2025-11-14,Economy,11D,362.48,Completed
3556,433,797,2026-09-18,Premium Economy,8D,1090.13,Confirmed
3557,78,1,2026-08-26,Economy,35F,604.98,Confirmed
3558,226,833,2026-04-18,Premium Economy,40D,599.29,Confirmed
3559,225,706,2026-03-11,Economy,15F,515.82,Confirmed
3560,33,736,2026-06-11,Premium Economy,17F,844.3,Confirmed
3561,64,939,2026-04-29,Economy,10F,242.08,Confirmed
3562,161,141,2026-08-09,Premium Economy,22D,868.65,Confirmed
3563,174,556,2026-04-09,Economy,7A,492.2,Completed
3564,309,625,2026-01-22,First Class,7F,2581.99,Completed
3565,306,991,2025-12-18,Premium Economy,13A,902.27,Cancelled
3566,84,788,2026-02-23,Economy,30C,849.05,Cancelled
3567,480,136,2026-08-16,Economy,20C,485.93,Confirmed
3568,117,981,2026-07-15,Economy,35F,799.95,Confirmed
3569,489,574,2026-03-02,Economy,1B,285.68,Confirmed
3570,143,420,2026-02-02,First Class,12D,1453.67,Confirmed
3571,440,982,2025-08-30,Economy,11F,1086.05,Confirmed
3572,69,156,2025-10-22,Business,18C,2073.17,Confirmed
3573,185,472,2025-10-31,Economy,20B,66.74,Confirmed
3574,231,718,2026-02-17,Economy,23A,285.3,Confirmed
3575,232,283,2026-01-17,Premium Economy,15F,668.41,Confirmed
3576,392,115,2026-05-23,Economy,36B,776.27,Cancelled
3577,393,348,2026-06-19,Business,21F,1462.03,Confirmed
3578,409,323,2026-05-21,First Class,11B,769.81,Confirmed
3579,279,180,2026-01-03,Premium Economy,11F,910.94,Confirmed
3580,8,622,2025-11-29,Economy,28D,412.93,Confirmed
3581,24,604,2025-10-08,Economy,35A,479.16,Confirmed
3582,447,125,2025-12-23,First Class,6F,1723.59,Confirmed
3583,279,761,2026-01-15,Economy,5A,382.03,Completed
3584,346,14,2025-10-10,First Class,5F,3967.19,Cancelled
3585,241,887,2026-05-28,First Class,38E,3478.38,Confirmed
3586,105,706,2026-06-24,Economy,39D,447.45,Completed
3587,240,858,2025-10-23,First Class,35E,3399.24,Cancelled
3588,359,851,2026-02-14,Premium Economy,23E,126.89,Confirmed
3589,269,359,2026-06-19,Economy,7C,128.12,Completed
3590,247,214,2026-01-04,Economy,22D,193.5,Confirmed
3591,53,25,2026-08-04,Economy,35A,571.46,Confirmed
3592,4,793,2025-09-09,First Class,32B,3636.62,Cancelled
3593,37,751,2026-10-27,Premium Economy,12E,1334.59,Completed
3594,472,152,2025-12-11,Economy,16D,808.36,Completed
3595,376,49,2026-11-13,First Class,38F,2543.69,Confirmed
3596,470,762,2026-02-12,Economy,17C,460.4,Confirmed
3597,118,887,2026-05-28,Economy,27D,627.11,Cancelled
3598,487,679,2026-05-18,Economy,27A,519.64,Confirmed
3599,443,391,2025-11-29,Economy,6A,838.99,Confirmed
3600,300,752,2026-09-04,Economy,29F,596.85,Confirmed
3601,143,557,2026-05-29,Economy,29D,997.53,Completed
3602,147,22,2026-05-10,First Class,8D,1383.82,Confirmed
3603,190,563,2026-09-24,Economy,9A,306.46,Confirmed
3604,282,888,2026-08-19,Business,20F,2423.05,Confirmed
3605,404,748,2026-05-10,Economy,11A,716.75,Completed
3606,348,400,2026-04-30,First Class,10B,2241.62,Cancelled
3607,248,186,2026-04-18,First Class,11E,3453.28,Confirmed
3608,311,368,2026-05-23,Economy,17D,941.44,Confirmed
3609,19,675,2026-02-19,First Class,6C,4182.74,Cancelled
3610,384,766,2026-09-15,Economy,9B,139.55,Confirmed
3611,115,604,2025-11-03,First Class,31F,3174.12,Completed
3612,449,489,2026-04-09,Economy,13D,794.23,Completed
3613,69,710,2026-08-21,First Class,13A,678.01,Confirmed
3614,254,626,2026-02-26,Economy,37C,896.0,Confirmed
3615,138,461,2026-09-30,Economy,17B,579.48,Completed
3616,426,743,2026-06-22,Business,38E,1966.13,Cancelled
3617,479,162,2026-09-28,Premium Economy,1F,329.01,Cancelled
3618,180,913,2025-08-27,First Class,40D,2385.68,Completed
3619,460,906,2026-01-07,Economy,32E,736.13,Confirmed
3620,293,844,2026-01-20,Premium Economy,25F,475.37,Confirmed
3621,3,7,2026-10-08,Economy,36C,597.66,Confirmed
3622,498,869,2026-02-19,Business,20E,1940.0,Cancelled
3623,321,116,2026-05-06,Premium Economy,15E,193.39,Confirmed
3624,359,127,2026-09-29,Economy,18B,318.21,Completed
3625,109,991,2025-08-28,Economy,4A,394.19,Confirmed
3626,348,203,2026-05-19,Business,29E,1213.52,Confirmed
3627,273,411,2026-01-18,Business,35C,1280.42,Confirmed
3628,344,909,2026-05-02,Economy,19B,1006.56,Confirmed
3629,9,965,2026-01-09,Premium Economy,31C,394.66,Cancelled
3630,218,465,2026-06-11,Economy,27B,506.88,Confirmed
3631,442,644,2025-11-10,First Class,28C,315.49,Confirmed
3632,203,406,2025-11-02,Economy,11A,870.43,Completed
3633,108,130,2026-05-13,First Class,14E,2879.64,Confirmed
3634,5,656,2026-06-12,Economy,22C,886.49,Confirmed
3635,394,295,2026-07-06,Premium Economy,17F,321.73,Cancelled
3636,55,363,2025-11-29,Economy,27E,235.78,Confirmed
3637,102,139,2026-03-20,First Class,9D,1079.81,Confirmed
3638,423,364,2026-03-13,Economy,39A,383.82,Confirmed
3639,481,231,2025-12-26,Business,10B,472.49,Completed
3640,102,936,2025-08-30,Premium Economy,12E,1211.63,Confirmed
3641,202,442,2026-10-08,Business,12F,1864.03,Confirmed
3642,45,909,2026-05-05,Business,38B,443.35,Confirmed
3643,421,285,2025-11-21,Premium Economy,22B,676.65,Confirmed
3644,127,715,2026-04-19,Business,23C,2344.08,Confirmed
3645,401,721,2026-01-12,Economy,8E,765.25,Confirmed
3646,123,801,2026-01-26,Premium Economy,3C,371.51,Confirmed
3647,387,562,2026-08-25,First Class,11E,566.31,Completed
3648,163,31,2026-02-09,Economy,36D,783.9,Confirmed
3649,228,862,2026-11-02,Business,39A,1306.03,Confirmed
3650,248,457,2026-10-14,Premium Economy,2D,1158.59,Confirmed
3651,24,208,2026-06-17,Economy,29C,755.54,Confirmed
3652,140,652,2025-09-19,Business,28C,699.92,Confirmed
3653,279,237,2026-02-07,Economy,6F,77.49,Confirmed
3654,376,352,2026-04-08,Business,23B,1631.8,Completed
3655,272,261,2026-08-08,Premium Economy,18C,346.38,Confirmed
3656,70,566,2026-04-11,Premium Economy,2A,1374.72,Confirmed
3657,355,362,2026-05-19,Premium Economy,12B,1368.98,Confirmed
3658,251,247,2026-03-05,Economy,10E,776.03,Confirmed
3659,236,358,2026-01-12,Premium Economy,29C,711.06,Cancelled
3660,360,302,2026-01-08,Economy,3D,361.37,Confirmed
3661,386,557,2026-06-30,Economy,35B,852.36,Confirmed
3662,262,806,2025-10-13,Economy,2A,675.96,Cancelled
3663,241,707,2026-09-08,Premium Economy,6C,528.15,Confirmed
3664,269,414,2026-05-16,Economy,3F,851.33,Confirmed
3665,456,609,2026-06-17,Economy,8C,412.77,Confirmed
3666,201,402,2026-08-13,First Class,17E,2868.59,Confirmed
3667,327,5,2026-02-24,Economy,25A,338.31,Cancelled
3668,323,451,2026-02-14,Business,35A,651.69,Confirmed
3669,113,463,2026-07-20,Economy,11E,816.42,Confirmed
3670,405,829,2025-09-06,First Class,34B,1799.55,Confirmed
3671,232,426,2026-01-05,Economy,1A,624.35,Completed
3672,269,226,2026-07-12,Economy,8B,161.32,Cancelled
3673,235,281,2026-06-18,Business,28D,1802.3,Cancelled
3674,256,500,2026-05-17,Economy,2B,922.21,Completed
3675,109,758,2026-11-10,Economy,5C,248.98,Confirmed
3676,378,879,2026-05-01,Premium Economy,1B,935.66,Confirmed
3677,312,528,2026-03-12,Economy,36F,130.89,Confirmed
3678,312,907,2026-06-25,Economy,39D,240.58,Confirmed
3679,351,557,2026-09-05,Economy,24F,133.47,Cancelled
3680,458,185,2026-06-08,Premium Economy,3E,1094.15,Confirmed
3681,371,271,2025-11-15,Business,28E,950.75,Confirmed
3682,476,626,2026-02-28,First Class,30A,2571.29,Confirmed
3683,313,176,2025-11-12,Premium Economy,27D,239.86,Confirmed
3684,302,458,2026-03-23,Economy,22A,368.64,Cancelled
3685,469,384,2026-05-05,Economy,39D,482.42,Confirmed
3686,196,456,2026-02-05,Economy,19D,161.74,Completed
3687,469,831,2026-06-10,Economy,28E,1042.86,Confirmed
3688,495,874,2026-05-24,Premium Economy,39D,1046.37,Confirmed
3689,137,51,2026-03-27,Business,29D,2516.62,Confirmed
3690,491,790,2026-05-20,Economy,17E,893.64,Confirmed
3691,171,627,2026-08-07,Economy,4C,112.5,Confirmed
3692,17,678,2026-06-20,Premium Economy,22A,433.82,Completed
3693,202,605,2025-11-25,First Class,10C,749.02,Completed
3694,20,89,2026-07-14,Economy,28E,715.24,Cancelled
3695,398,980,2026-01-21,Economy,40A,333.6,Cancelled
3696,48,934,2026-02-02,Premium Economy,3B,814.43,Confirmed
3697,17,235,2026-10-03,Economy,12C,1011.94,Confirmed
3698,107,273,2025-10-31,Business,32F,729.26,Completed
3699,51,215,2025-12-17,Economy,25F,627.82,Confirmed
3700,322,879,2026-06-20,Economy,9D,408.78,Confirmed
3701,399,987,2026-04-20,First Class,39C,913.89,Completed
3702,474,959,2026-02-14,Economy,5F,860.94,Confirmed
3703,470,744,2025-10-31,Business,4E,2600.45,Confirmed
3704,140,325,2026-05-10,First Class,26D,3395.26,Cancelled
3705,422,963,2026-01-20,First Class,28A,2494.97,Confirmed
3706,268,614,2026-06-24,Economy,28B,993.63,Confirmed
3707,395,992,2026-07-21,Premium Economy,5A,750.47,Confirmed
3708,404,971,2025-12-12,Premium Economy,39E,580.37,Confirmed
3709,108,294,2026-07-30,Business,36D,2315.85,Confirmed
3710,481,104,2025-11-14,Premium Economy,22A,321.92,Cancelled
3711,312,949,2026-03-23,Premium Economy,36A,1405.28,Confirmed
3712,389,432,2026-06-23,Economy,7B,824.84,Completed
3713,94,55,2025-08-28,Premium Economy,26E,798.71,Completed
3714,442,421,2025-12-21,First Class,9B,1525.77,Confirmed
3715,323,855,2025-11-12,Economy,40D,256.89,Confirmed
3716,241,122,2026-01-18,Economy,25F,398.64,Confirmed
3717,70,878,2026-02-08,Economy,31C,443.11,Confirmed
3718,292,228,2026-07-02,First Class,1B,2997.7,Confirmed
3719,193,639,2025-12-15,Business,29A,1095.53,Confirmed
3720,398,604,2025-12-04,Economy,9F,235.73,Confirmed
3721,109,37,2026-07-31,First Class,31F,462.24,Cancelled
3722,336,430,2026-12-04,Premium Economy,16C,892.23,Cancelled
3723,83,286,2026-01-29,First Class,9F,3619.21,Completed
3724,99,216,2025-12-22,Economy,35D,867.91,Confirmed
3725,129,693,2026-06-10,Economy,12D,366.05,Confirmed
3726,95,549,2026-04-28,Economy,19E,103.45,Completed
3727,380,525,2026-06-05,Economy,8A,987.36,Confirmed
3728,113,710,2026-08-15,Business,32F,871.59,Completed
3729,368,985,2026-10-22,Economy,35B,615.9,Cancelled
3730,380,987,2026-03-13,Economy,7C,286.71,Completed
3731,360,870,2026-07-11,First Class,21C,3297.64,Confirmed
3732,230,500,2026-03-01,Economy,16E,388.08,Confirmed
3733,284,848,2025-11-06,Economy,5A,962.87,Completed
3734,212,868,2026-03-22,Economy,22E,702.43,Completed
3735,114,268,2026-12-13,Premium Economy,7F,1109.53,Completed
3736,224,874,2026-03-30,Business,4A,2752.65,Confirmed
3737,430,259,2026-01-20,First Class,9B,2481.32,Cancelled
3738,248,402,2026-06-22,Economy,32F,188.65,Confirmed
3739,177,375,2026-03-23,Business,27D,675.54,Confirmed
3740,393,71,2025-10-10,First Class,1E,2187.08,Confirmed
3741,266,680,2026-08-15,Business,2F,1240.33,Confirmed
3742,443,791,2025-11-13,Economy,22F,639.99,Completed
3743,183,641,2025-12-15,Economy,35E,759.23,Completed
3744,480,56,2026-08-15,Business,4E,973.89,Confirmed
3745,171,397,2026-06-22,Business,8B,2176.22,Confirmed
3746,378,413,2025-11-04,Premium Economy,22F,1098.92,Confirmed
3747,442,400,2025-12-01,Economy,31B,1092.95,Confirmed
3748,198,501,2025-10-03,Premium Economy,7B,1293.65,Confirmed
3749,316,965,2026-02-13,Business,32B,610.38,Confirmed
3750,456,855,2025-09-26,Business,1B,1534.25,Confirmed
3751,348,375,2025-11-26,Premium Economy,27B,1072.75,Confirmed
3752,457,954,2025-08-23,Economy,10E,797.64,Cancelled
3753,221,811,2026-07-22,First Class,33E,2753.21,Cancelled
3754,108,753,2026-01-12,First Class,23F,3246.59,Cancelled
3755,298,258,2025-10-20,Business,34D,1668.15,Confirmed
3756,43,424,2026-02-20,Premium Economy,26B,807.51,Confirmed
3757,243,802,2025-10-26,First Class,35A,880.97,Cancelled
3758,185,885,2025-09-27,First Class,38C,4040.92,Confirmed
3759,429,422,2025-10-07,Economy,30F,227.23,Confirmed
3760,269,16,2026-07-07,Business,5C,2027.87,Cancelled
3761,267,939,2026-05-14,First Class,11E,1642.06,Completed
3762,195,544,2025-11-07,Economy,4D,142.91,Confirmed
3763,146,881,2026-07-06,Economy,1F,834.97,Completed
3764,247,869,2026-04-30,Premium Economy,5B,536.85,Confirmed
3765,180,834,2026-01-04,Economy,34A,289.2,Confirmed
3766,53,292,2025-09-16,Economy,8E,977.66,Cancelled
3767,424,68,2026-06-10,Premium Economy,22C,382.0,Completed
3768,494,327,2026-03-08,Economy,26C,873.24,Confirmed
3769,169,943,2026-04-24,First Class,2A,277.84,Confirmed
3770,96,444,2026-08-03,Economy,37A,89.03,Confirmed
3771,381,559,2026-07-01,Economy,37E,175.44,Confirmed
3772,485,800,2026-01-02,First Class,10C,3359.72,Cancelled
3773,255,523,2025-11-17,Premium Economy,5E,1269.85,Completed
3774,500,862,2026-10-10,Economy,19B,631.94,Confirmed
3775,265,276,2026-03-27,Economy,32E,602.65,Confirmed
3776,427,527,2026-03-01,Economy,31D,473.65,Confirmed
3777,114,942,2026-09-09,First Class,15F,1406.06,Confirmed
3778,424,901,2026-02-05,Economy,25B,1010.3,Confirmed
3779,414,587,2026-08-22,First Class,29C,1395.53,Completed
3780,7,874,2026-07-25,Premium Economy,30F,220.48,Confirmed
3781,243,431,2026-01-04,Economy,25E,76.34,Confirmed
3782,65,523,2026-03-25,Premium Economy,40D,1418.36,Completed
3783,264,916,2026-04-26,Economy,16E,629.87,Completed
3784,283,281,2026-10-19,Economy,25A,687.86,Completed
3785,379,244,2026-04-04,Economy,33D,828.29,Confirmed
3786,403,956,2026-06-09,Economy,4F,886.91,Confirmed
3787,222,746,2026-01-19,First Class,20B,2812.71,Completed
3788,465,214,2026-02-14,Premium Economy,6D,288.2,Confirmed
3789,46,740,2025-12-24,Premium Economy,26F,889.45,Completed
3790,484,216,2026-03-14,Premium Economy,34B,262.49,Confirmed
3791,345,164,2025-08-22,Premium Economy,9B,993.81,Cancelled
3792,77,352,2026-05-14,Economy,18A,57.48,Cancelled
3793,106,803,2025-11-22,Business,29C,1707.19,Confirmed
3794,409,903,2026-05-19,Business,6C,1239.81,Confirmed
3795,16,982,2025-12-19,Business,6F,1900.69,Cancelled
3796,335,152,2025-12-24,Business,17F,1958.83,Cancelled
3797,453,567,2025-12-20,Economy,4F,661.02,Cancelled
3798,66,327,2026-02-08,First Class,24B,870.88,Confirmed
3799,398,29,2026-08-30,Economy,4B,723.09,Confirmed
3800,183,79,2026-02-27,Business,14D,1890.27,Completed
3801,104,929,2026-02-17,Economy,16F,990.91,Cancelled
3802,486,635,2026-04-16,Economy,21F,1108.67,Confirmed
3803,17,979,2025-12-01,Economy,14A,656.99,Confirmed
3804,258,744,2026-02-19,Business,27E,947.77,Confirmed
3805,354,886,2025-07-27,Economy,39A,265.2,Cancelled
3806,156,222,2026-02-20,Economy,7C,514.99,Confirmed
3807,79,536,2026-04-07,First Class,6F,545.4,Confirmed
3808,253,726,2025-11-08,Business,25D,2249.07,Cancelled
3809,82,836,2025-12-02,Business,12F,1554.07,Confirmed
3810,388,607,2026-07-23,Economy,27A,124.97,Confirmed
3811,212,886,2025-12-02,Economy,11A,489.89,Confirmed
3812,246,464,2026-10-02,Premium Economy,9B,1221.69,Cancelled
3813,144,561,2025-08-11,Economy,19F,783.64,Confirmed
3814,462,526,2025-09-11,Business,27E,1296.44,Confirmed
3815,478,351,2026-07-10,Economy,26C,337.84,Completed
3816,449,156,2025-12-29,Premium Economy,7D,277.96,Confirmed
3817,306,838,2025-11-09,Economy,35A,399.62,Completed
3818,285,720,2026-08-17,First Class,31E,2228.03,Completed
3819,213,396,2026-05-07,Economy,23E,292.61,Confirmed
3820,221,885,2025-11-28,Economy,11E,393.31,Cancelled
3821,113,151,2026-07-15,Economy,22C,897.45,Cancelled
3822,192,189,2026-05-09,Economy,39B,245.93,Confirmed
3823,300,492,2026-07-10,First Class,23C,2010.59,Completed
3824,122,890,2026-09-25,Premium Economy,37E,606.76,Confirmed
3825,434,3,2026-07-12,Business,26B,1419.04,Confirmed
3826,188,224,2026-07-01,Business,9D,327.68,Cancelled
3827,181,201,2026-08-04,First Class,15B,571.88,Confirmed
3828,140,728,2026-02-20,Economy,4A,839.44,Confirmed
3829,339,674,2026-03-23,Economy,23B,627.0,Cancelled
3830,361,987,2026-04-25,Premium Economy,30A,589.7,Cancelled
3831,430,519,2025-12-22,Business,38E,1237.06,Completed
3832,477,666,2026-09-04,Economy,13A,310.49,Cancelled
3833,296,690,2025-12-24,Economy,23D,795.62,Confirmed
3834,315,210,2026-03-27,Business,12C,1070.57,Cancelled
3835,115,411,2026-01-29,Economy,40D,338.61,Confirmed
3836,92,569,2026-02-06,Business,40C,1712.14,Cancelled
3837,122,393,2026-04-27,Economy,26B,790.0,Confirmed
3838,149,48,2026-04-01,Economy,21D,940.97,Cancelled
3839,187,610,2026-01-13,Economy,39B,702.6,Confirmed
3840,23,342,2026-09-06,Business,31C,1418.84,Confirmed
3841,161,76,2025-10-06,First Class,12A,2872.19,Confirmed
3842,2,210,2026-05-13,Economy,24A,183.48,Confirmed
3843,58,629,2025-12-20,Premium Economy,7C,454.01,Confirmed
3844,112,115,2026-06-28,Business,31A,1272.74,Confirmed
3845,325,937,2025-11-06,Premium Economy,18F,1354.55,Confirmed
3846,407,227,2025-12-26,Premium Economy,2A,729.33,Confirmed
3847,103,260,2025-10-29,Economy,4E,81.47,Completed
3848,1,515,2026-07-30,First Class,37C,3418.9,Cancelled
3849,324,103,2026-03-26,Economy,11F,166.01,Confirmed
3850,431,48,2026-05-13,Economy,38C,480.55,Completed
3851,177,105,2026-08-31,First Class,28D,1936.42,Completed
3852,36,973,2026-10-17,Economy,16C,596.53,Confirmed
3853,486,211,2026-02-09,Economy,2E,652.88,Completed
3854,272,938,2026-07-19,Premium Economy,33A,354.98,Confirmed
3855,23,123,2026-03-06,Premium Economy,27C,152.21,Confirmed
3856,74,136,2026-07-19,Economy,39C,828.0,Confirmed
3857,389,418,2026-02-26,Economy,7A,719.92,Confirmed
3858,194,154,2026-05-08,Economy,33C,775.98,Completed
3859,217,664,2026-08-16,First Class,17D,553.92,Completed
3860,35,898,2026-04-15,Economy,21D,917.44,Confirmed
3861,254,774,2026-10-29,Economy,9E,721.38,Confirmed
3862,14,933,2026-01-31,Business,28D,1673.31,Confirmed
3863,189,673,2026-10-08,First Class,7F,239.89,Confirmed
3864,141,127,2026-11-18,Business,40D,826.62,Completed
3865,80,910,2026-07-06,Economy,26D,1052.71,Confirmed
3866,276,503,2026-04-04,Economy,29B,348.4,Completed
3867,173,94,2026-06-28,Economy,4E,334.95,Cancelled
3868,441,804,2026-07-27,First Class,16D,511.64,Cancelled
3869,143,189,2026-01-24,Economy,6B,416.21,Cancelled
3870,125,312,2026-07-29,Economy,32D,153.54,Cancelled
3871,291,371,2026-07-08,Economy,36A,106.46,Completed
3872,467,930,2025-07-12,Economy,22E,166.43,Confirmed
3873,176,599,2026-08-14,Economy,2E,847.07,Confirmed
3874,108,161,2026-03-11,Economy,25C,944.01,Confirmed
3875,363,995,2026-08-21,Economy,17D,500.87,Confirmed
3876,355,313,2026-06-21,Economy,21E,93.34,Cancelled
3877,127,854,2025-10-11,Business,33A,2509.55,Confirmed
3878,410,135,2026-11-19,Economy,29C,888.39,Cancelled
3879,18,269,2026-02-23,Economy,8D,185.59,Completed
3880,22,948,2026-06-16,Economy,40D,194.49,Confirmed
3881,373,303,2026-07-30,Premium Economy,6C,940.06,Confirmed
3882,418,725,2026-10-01,Economy,38D,281.38,Confirmed
3883,453,25,2026-07-26,Premium Economy,40B,494.32,Confirmed
3884,481,615,2026-10-02,Economy,7C,826.34,Cancelled
3885,35,224,2026-08-03,Premium Economy,14C,330.85,Cancelled
3886,285,102,2026-01-29,Economy,28A,692.29,Cancelled
3887,20,345,2026-05-22,Economy,19D,694.57,Confirmed
3888,287,858,2025-10-19,First Class,18B,3923.22,Confirmed
3889,272,534,2025-12-09,Economy,36B,982.17,Confirmed
3890,465,36,2025-10-31,First Class,20F,963.54,Cancelled
3891,381,219,2026-01-10,First Class,37F,984.81,Cancelled
3892,20,792,2026-03-14,First Class,5A,2791.25,Confirmed
3893,477,126,2026-06-02,Economy,18C,76.68,Confirmed
3894,309,754,2026-02-16,Business,4A,856.2,Confirmed
3895,361,315,2026-02-14,Economy,7A,1001.21,Cancelled
3896,466,681,2025-12-25,Economy,18A,527.91,Confirmed
3897,26,560,2026-04-14,First Class,19F,3313.99,Confirmed
3898,15,84,2026-10-28,Premium Economy,36A,275.74,Completed
3899,236,499,2025-12-18,Business,19A,385.38,Completed
3900,454,574,2025-11-16,Economy,34C,554.83,Completed
3901,233,938,2026-06-18,Business,27D,2471.85,Confirmed
3902,185,336,2026-06-23,Economy,40D,860.59,Cancelled
3903,110,182,2025-11-04,First Class,10C,3663.86,Cancelled
3904,494,879,2026-06-17,Premium Economy,6D,1420.08,Confirmed
3905,36,847,2026-05-30,Premium Economy,20D,372.34,Cancelled
3906,176,842,2025-11-26,Economy,22E,103.2,Confirmed
3907,253,358,2025-09-27,Economy,25F,399.01,Cancelled
3908,466,546,2026-09-21,Premium Economy,21C,339.69,Confirmed
3909,371,445,2026-04-27,Economy,22C,808.02,Confirmed
3910,233,515,2026-05-21,Premium Economy,24C,957.28,Confirmed
3911,368,990,2026-07-18,Economy,40B,102.16,Cancelled
3912,255,960,2026-01-19,Business,2D,2208.54,Cancelled
3913,92,85,2026-01-03,Premium Economy,29F,578.94,Confirmed
3914,49,77,2025-09-06,First Class,22A,3143.76,Confirmed
3915,488,391,2025-12-24,Economy,21B,841.38,Confirmed
3916,242,892,2026-05-15,Premium Economy,35A,187.38,Confirmed
3917,125,322,2025-09-10,Business,37B,1729.12,Completed
3918,162,165,2026-03-20,Business,28F,947.84,Confirmed
3919,319,292,2025-07-20,Economy,26E,829.99,Cancelled
3920,304,701,2026-10-04,Business,1B,1592.68,Confirmed
3921,472,588,2026-08-15,First Class,26C,4044.31,Cancelled
3922,439,286,2025-11-06,First Class,31F,932.58,Confirmed
3923,472,806,2025-07-29,Business,14D,194.13,Confirmed
3924,197,896,2026-04-21,Economy,37A,144.77,Cancelled
3925,172,754,2025-12-05,First Class,13A,2698.58,Cancelled
3926,231,847,2026-06-21,First Class,12D,3056.28,Confirmed
3927,115,578,2026-06-01,Economy,10F,223.76,Cancelled
3928,445,21,2026-01-18,First Class,36C,269.95,Confirmed
3929,253,976,2026-07-25,Business,22D,1505.1,Confirmed
3930,172,136,2026-07-15,Business,16F,2004.81,Confirmed
3931,482,333,2026-05-09,Economy,39D,741.51,Confirmed
3932,404,768,2026-05-02,Economy,40B,844.29,Confirmed
3933,412,977,2026-10-16,Economy,10B,200.28,Completed
3934,150,843,2026-06-10,First Class,21C,407.23,Confirmed
3935,77,747,2026-07-06,First Class,32E,1487.86,Cancelled
3936,31,26,2025-12-05,First Class,6D,3090.33,Confirmed
3937,312,327,2025-12-19,Economy,14A,275.72,Completed
3938,152,284,2025-11-23,Economy,17D,579.12,Confirmed
3939,321,424,2025-12-11,Premium Economy,24A,566.96,Confirmed
3940,367,445,2026-03-25,Premium Economy,22C,281.24,Confirmed
3941,235,806,2025-11-05,Economy,12C,232.27,Completed
3942,71,197,2025-10-20,Business,32C,2143.1,Confirmed
3943,382,243,2026-07-11,Economy,8A,112.81,Completed
3944,120,981,2026-06-04,Economy,30B,920.34,Cancelled
3945,486,767,2025-12-05,Business,31C,2340.3,Cancelled
3946,342,44,2025-08-14,Business,11A,891.14,Cancelled
3947,267,188,2025-08-04,Business,6F,2125.82,Confirmed
3948,211,192,2026-06-26,Economy,19E,646.18,Confirmed
3949,342,887,2026-06-24,Economy,26D,652.45,Confirmed
3950,224,455,2025-12-05,Business,12B,693.7,Confirmed
3951,432,243,2026-08-19,Business,4D,436.26,Confirmed
3952,449,436,2026-08-09,First Class,13E,3786.67,Confirmed
3953,382,145,2026-01-21,First Class,23D,3984.54,Completed
3954,462,378,2025-08-29,First Class,36B,1956.11,Cancelled
3955,9,701,2026-10-25,Economy,12F,332.06,Cancelled
3956,500,68,2026-03-18,Premium Economy,29D,762.55,Confirmed
3957,305,681,2026-03-06,Economy,16C,113.69,Confirmed
3958,113,448,2026-03-04,Economy,7B,869.08,Confirmed
3959,375,515,2026-07-13,First Class,17C,2928.63,Confirmed
3960,39,181,2026-08-22,Premium Economy,12B,823.28,Completed
3961,405,630,2026-05-25,Economy,38C,176.53,Confirmed
3962,103,36,2026-01-11,Economy,38A,150.97,Cancelled
3963,334,650,2025-08-29,Economy,3F,73.77,Confirmed
3964,274,515,2026-04-20,Business,5E,734.04,Cancelled
3965,151,760,2025-10-16,Premium Economy,13D,429.27,Cancelled
3966,385,810,2026-05-16,Economy,12D,476.35,Cancelled
3967,285,597,2026-01-28,Business,32E,403.22,Confirmed
3968,306,846,2026-07-14,Business,26C,2178.15,Confirmed
3969,357,664,2026-10-24,Economy,10C,702.6,Confirmed
3970,202,396,2026-02-21,Economy,33C,898.93,Confirmed
3971,272,276,2026-06-25,Economy,3E,232.48,Confirmed
3972,51,196,2026-05-15,Economy,39C,529.48,Completed
3973,98,887,2026-10-24,Economy,20C,883.62,Confirmed
3974,424,976,2026-10-22,Economy,39C,440.49,Confirmed
3975,473,676,2026-10-17,Business,2A,510.55,Confirmed
3976,134,150,2025-12-03,Economy,12E,878.36,Confirmed
3977,69,427,2026-05-01,Economy,37F,531.8,Completed
3978,77,594,2026-05-24,Economy,7B,109.96,Confirmed
3979,436,999,2025-12-01,First Class,5B,1765.21,Cancelled
3980,205,702,2026-03-17,First Class,22E,1274.32,Confirmed
3981,418,297,2026-03-17,Economy,29E,742.65,Completed
3982,179,549,2026-03-23,Premium Economy,35A,1128.61,Completed
3983,19,345,2025-12-22,First Class,23D,3790.1,Confirmed
3984,194,323,2026-03-01,Business,25A,1307.28,Cancelled
3985,250,539,2026-07-30,Premium Economy,7B,128.14,Confirmed
3986,451,368,2026-06-29,Economy,18C,295.48,Confirmed
3987,78,74,2026-06-26,First Class,7C,3936.2,Completed
3988,204,644,2026-01-27,Economy,26A,288.32,Confirmed
3989,22,987,2025-12-19,Business,6A,884.79,Confirmed
3990,213,509,2026-10-25,First Class,5A,1072.07,Cancelled
3991,366,814,2026-02-15,Business,23E,845.59,Confirmed
3992,182,234,2026-09-15,Economy,29C,255.06,Confirmed
3993,25,367,2026-10-17,Economy,24F,717.18,Confirmed
3994,157,583,2026-11-05,Business,28F,2112.98,Confirmed
3995,282,77,2025-09-28,First Class,33F,2317.58,Cancelled
3996,26,468,2026-04-04,Premium Economy,9E,809.53,Confirmed
3997,365,401,2025-11-01,Business,27E,300.33,Confirmed
3998,416,496,2026-12-12,Premium Economy,9F,374.67,Confirmed
3999,320,463,2026-07-16,Economy,22C,441.87,Confirmed
4000,109,23,2025-10-20,Economy,31A,508.4,Completed
4001,270,355,2025-08-25,Economy,6D,238.79,Confirmed
4002,459,880,2026-06-19,Business,3D,2823.1,Confirmed
4003,311,740,2025-12-08,Business,16A,1722.35,Confirmed
4004,484,465,2026-06-22,Business,32D,1338.55,Confirmed
4005,3,136,2026-07-05,Premium Economy,10B,1157.85,Cancelled
4006,397,929,2025-11-20,First Class,20F,1514.68,Confirmed
4007,49,975,2025-12-02,Economy,1C,394.51,Confirmed
4008,369,97,2025-12-31,Economy,39B,748.42,Confirmed
4009,414,270,2026-09-25,Economy,22F,723.51,Confirmed
4010,198,867,2026-05-30,Premium Economy,13C,392.35,Confirmed
4011,73,330,2026-02-10,Premium Economy,28B,1034.45,Confirmed
4012,36,824,2026-04-29,Business,33E,168.66,Cancelled
4013,353,38,2026-04-20,Economy,9C,249.24,Completed
4014,462,964,2025-12-04,Economy,28C,748.9,Cancelled
4015,22,512,2026-08-05,Economy,22D,98.11,Cancelled
4016,452,143,2025-11-21,Economy,38C,529.27,Confirmed
4017,28,440,2026-07-26,Economy,8E,1004.89,Confirmed
4018,314,497,2026-03-02,Economy,12F,318.44,Completed
4019,223,466,2026-04-02,Economy,7E,385.93,Completed
4020,277,255,2026-04-03,Business,18B,2456.64,Completed
4021,239,552,2026-06-12,First Class,11A,1930.77,Completed
4022,63,638,2026-01-27,Premium Economy,8A,107.84,Confirmed
4023,147,589,2026-04-20,Economy,19A,453.34,Confirmed
4024,271,564,2026-05-16,Economy,29F,914.94,Confirmed
4025,183,317,2026-08-27,Economy,21F,921.26,Completed
4026,396,559,2026-04-11,Economy,14D,518.44,Confirmed
4027,299,1,2026-05-29,Premium Economy,28F,326.45,Confirmed
4028,345,760,2025-12-31,Economy,29B,540.28,Completed
4029,159,648,2026-07-24,Business,2B,1375.37,Confirmed
4030,141,656,2026-03-19,Premium Economy,38D,684.1,Completed
4031,17,150,2025-08-28,Economy,12C,817.03,Completed
4032,283,71,2026-03-18,Economy,19C,693.28,Cancelled
4033,8,901,2026-05-04,Premium Economy,40F,680.63,Confirmed
4034,477,966,2026-04-12,Premium Economy,1B,484.3,Completed
4035,246,223,2025-12-20,Premium Economy,37F,503.32,Cancelled
4036,452,219,2026-02-02,Economy,27F,667.43,Confirmed
4037,16,836,2025-09-12,First Class,21C,2220.68,Cancelled
4038,289,906,2026-01-17,Economy,5F,590.75,Cancelled
4039,53,467,2026-01-26,First Class,19E,806.18,Confirmed
4040,325,951,2026-02-03,Economy,13B,308.49,Cancelled
4041,379,296,2026-02-01,First Class,27E,1348.25,Confirmed
4042,314,916,2026-07-16,First Class,36E,3167.72,Confirmed
4043,25,440,2026-08-04,Economy,5B,397.0,Confirmed
4044,153,906,2026-02-02,Economy,26C,356.36,Confirmed
4045,32,172,2025-11-19,First Class,23D,2138.89,Cancelled
4046,104,812,2026-05-09,Economy,7B,156.01,Cancelled
4047,143,563,2026-04-03,First Class,9B,248.3,Cancelled
4048,136,185,2026-03-17,Business,6D,356.88,Completed
4049,81,529,2026-08-28,Economy,33E,366.65,Cancelled
4050,103,323,2026-03-27,First Class,16E,1740.44,Confirmed
4051,486,256,2026-07-08,Economy,33F,174.31,Confirmed
4052,148,985,2026-11-23,Economy,23B,452.12,Confirmed
4053,428,633,2026-08-01,First Class,20F,1283.99,Confirmed
4054,61,969,2025-12-17,Business,23D,1445.45,Confirmed
4055,235,999,2025-12-15,Business,3E,1432.97,Confirmed
4056,342,901,2026-04-11,Premium Economy,37C,850.63,Confirmed
4057,427,708,2025-09-19,Business,12F,345.52,Confirmed
4058,163,77,2025-10-12,First Class,36A,944.11,Completed
4059,114,958,2025-11-30,Economy,13D,67.48,Confirmed
4060,49,657,2026-06-27,First Class,10A,576.45,Confirmed
4061,265,387,2026-07-17,Economy,33F,724.58,Confirmed
4062,237,19,2026-10-17,Economy,6F,301.19,Cancelled
4063,490,863,2026-09-19,Premium Economy,39A,382.64,Confirmed
4064,22,223,2025-12-29,Economy,9A,192.52,Confirmed
4065,145,748,2026-03-01,Premium Economy,32E,216.87,Confirmed
4066,42,887,2026-09-27,Economy,16A,649.92,Confirmed
4067,4,873,2026-03-31,Economy,10C,615.36,Cancelled
4068,173,998,2025-08-22,Economy,18A,106.07,Confirmed
4069,11,191,2026-09-22,Economy,14E,890.11,Confirmed
4070,492,608,2026-11-16,Premium Economy,15D,421.63,Confirmed
4071,133,54,2026-07-21,First Class,29B,2628.16,Confirmed
4072,96,754,2026-04-16,Economy,13C,58.93,Confirmed
4073,32,19,2026-10-22,Economy,30B,591.75,Confirmed
4074,273,270,2026-09-27,Premium Economy,24A,970.22,Confirmed
4075,462,502,2026-10-02,Economy,36C,986.82,Completed
4076,447,678,2026-05-06,Economy,22B,685.3,Completed
4077,220,428,2026-04-03,First Class,3D,1486.59,Cancelled
4078,152,968,2026-07-04,Economy,33C,505.58,Confirmed
4079,479,782,2025-12-11,Economy,22F,688.63,Confirmed
4080,442,908,2026-08-16,Premium Economy,40A,557.93,Cancelled
4081,388,401,2026-02-21,Business,22E,2167.65,Completed
4082,206,840,2025-12-08,Economy,2F,135.79,Completed
4083,178,989,2026-02-08,Business,26B,2289.4,Cancelled
4084,486,613,2026-01-12,Economy,4B,883.29,Cancelled
4085,297,178,2025-12-08,Premium Economy,4E,479.35,Confirmed
4086,348,402,2026-05-22,Business,37B,665.58,Completed
4087,403,169,2025-11-12,Economy,10A,727.04,Confirmed
4088,3,834,2026-01-15,Premium Economy,17B,1182.73,Completed
4089,463,154,2025-12-22,Premium Economy,29A,862.95,Confirmed
4090,225,495,2026-09-06,Economy,34C,304.29,Completed
4091,135,405,2026-02-04,First Class,5B,3415.78,Confirmed
4092,219,893,2026-08-11,First Class,10E,3943.39,Completed
4093,445,146,2026-09-21,Premium Economy,21C,581.83,Confirmed
4094,464,791,2025-11-23,Economy,8A,183.32,Confirmed
4095,135,963,2025-10-10,Premium Economy,39F,559.21,Confirmed
4096,99,837,2025-12-30,Economy,22F,180.89,Confirmed
4097,75,155,2026-04-10,Economy,31C,541.42,Completed
4098,438,876,2026-03-05,First Class,25D,548.42,Confirmed
4099,20,528,2026-06-28,Economy,1F,375.61,Confirmed
4100,433,21,2026-02-15,Business,4B,1130.61,Confirmed
4101,332,787,2026-06-15,First Class,23D,2290.86,Confirmed
4102,37,871,2026-08-10,Economy,2D,290.55,Confirmed
4103,239,800,2025-12-05,Economy,36D,509.74,Confirmed
4104,277,828,2026-11-13,Economy,16E,358.43,Cancelled
4105,270,300,2026-01-09,Business,31F,2375.77,Cancelled
4106,4,634,2026-03-02,Premium Economy,32F,421.82,Cancelled
4107,246,527,2026-01-21,Economy,20B,308.41,Cancelled
4108,339,961,2026-05-02,Economy,15F,212.11,Confirmed
4109,441,665,2026-06-21,Premium Economy,27B,1069.78,Cancelled
4110,380,61,2025-12-05,Premium Economy,40E,531.03,Completed
4111,331,403,2025-12-29,Premium Economy,14E,111.91,Cancelled
4112,242,453,2026-10-22,Economy,30D,725.67,Confirmed
4113,114,923,2026-09-18,Economy,17D,820.17,Completed
4114,386,933,2025-11-13,Business,26C,1120.5,Completed
4115,264,870,2026-05-10,Economy,6B,560.64,Completed
4116,483,511,2026-05-23,Business,27E,159.33,Confirmed
4117,96,534,2025-12-04,Economy,1D,70.5,Confirmed
4118,120,763,2026-04-11,Premium Economy,26C,694.01,Cancelled
4119,372,352,2026-03-28,Economy,12A,683.22,Confirmed
4120,50,997,2026-09-05,Business,18B,1011.59,Confirmed
4121,152,998,2025-07-20,Economy,33B,671.15,Confirmed
4122,175,155,2026-07-03,Premium Economy,13C,886.56,Confirmed
4123,106,527,2026-03-18,Premium Economy,18B,851.91,Confirmed
4124,477,227,2025-12-31,Economy,2D,585.2,Confirmed
4125,90,94,2026-05-23,Economy,14A,628.68,Confirmed
4126,377,173,2025-10-19,First Class,25C,1633.91,Confirmed
4127,2,297,2026-08-05,Premium Economy,27C,715.22,Cancelled
4128,342,512,2026-10-19,Premium Economy,38B,547.51,Completed
4129,141,19,2026-11-13,Economy,40F,71.63,Completed
4130,400,789,2026-04-10,Economy,27C,414.97,Confirmed
4131,44,770,2026-12-04,Business,14C,1100.88,Completed
4132,318,458,2026-04-17,Economy,9C,1048.34,Confirmed
4133,73,671,2025-11-18,Economy,38A,330.1,Completed
4134,452,198,2025-10-11,First Class,10A,709.12,Confirmed
4135,488,161,2026-05-01,Economy,15B,675.94,Confirmed
4136,163,129,2026-11-23,First Class,18D,748.86,Confirmed
4137,445,744,2026-02-28,Economy,5E,711.76,Confirmed
4138,76,865,2026-09-28,Economy,22D,736.57,Cancelled
4139,321,926,2025-10-21,First Class,34E,2146.11,Completed
4140,133,442,2026-09-10,Business,35B,505.23,Confirmed
4141,10,915,2025-12-30,Premium Economy,6E,1018.28,Completed
4142,59,153,2026-02-14,Premium Economy,37A,754.05,Cancelled
4143,44,654,2026-02-26,Economy,29E,719.75,Cancelled
4144,229,666,2026-07-06,Economy,13D,530.51,Confirmed
4145,199,997,2026-09-15,First Class,2E,1948.84,Confirmed
4146,59,946,2025-11-30,Economy,29D,920.8,Confirmed
4147,266,369,2025-12-30,Premium Economy,21D,581.37,Cancelled
4148,220,602,2026-05-11,First Class,9A,434.12,Confirmed
4149,108,220,2026-07-15,Economy,19F,330.18,Confirmed
4150,15,479,2025-11-28,Economy,9C,789.71,Completed
4151,363,463,2026-08-18,Economy,23B,928.23,Confirmed
4152,343,531,2026-03-21,Economy,15F,349.37,Confirmed
4153,307,762,2026-03-30,First Class,19B,437.53,Cancelled
4154,196,16,2026-07-16,Premium Economy,3E,1460.17,Confirmed
4155,162,621,2025-09-30,Premium Economy,3B,1158.71,Confirmed
4156,81,818,2026-04-16,Economy,40B,52.25,Completed
4157,103,285,2026-01-17,Economy,3A,321.78,Completed
4158,416,90,2026-09-23,Economy,25F,70.31,Confirmed
4159,182,136,2026-03-20,First Class,11F,3989.26,Completed
4160,42,744,2026-03-11,Premium Economy,10A,754.17,Confirmed
4161,104,102,2026-02-06,Premium Economy,39B,1309.49,Completed
4162,294,99,2026-01-10,Economy,35C,692.05,Confirmed
4163,171,67,2026-01-15,Business,33B,1823.56,Cancelled
4164,22,636,2026-03-26,Economy,2A,223.56,Cancelled
4165,11,496,2026-08-26,Economy,26F,727.69,Completed
4166,111,283,2026-02-05,Economy,36C,219.96,Completed
4167,251,670,2026-10-31,Economy,37B,934.73,Cancelled
4168,461,98,2026-07-23,Economy,40D,281.12,Confirmed
4169,438,424,2026-04-12,Premium Economy,22B,1075.7,Completed
4170,198,349,2025-12-08,Economy,32C,323.27,Cancelled
4171,167,907,2026-07-14,Economy,20F,865.52,Completed
4172,154,618,2025-12-25,Premium Economy,29A,338.0,Confirmed
4173,312,73,2026-07-08,Business,12C,1938.72,Confirmed
4174,18,268,2026-08-05,Premium Economy,30D,262.25,Confirmed
4175,311,302,2026-02-22,Economy,26A,691.44,Confirmed
4176,312,703,2026-08-23,Economy,32B,552.3,Confirmed
4177,10,38,2026-04-07,First Class,34D,4219.87,Completed
4178,152,414,2026-04-01,Economy,39D,619.23,Confirmed
4179,270,80,2026-08-02,Economy,36F,893.07,Confirmed
4180,252,904,2025-12-22,First Class,37E,3168.85,Confirmed
4181,271,950,2026-09-02,Economy,23E,885.1,Cancelled
4182,268,884,2026-03-12,Economy,34F,740.1,Confirmed
4183,183,478,2026-05-29,Economy,37F,360.29,Confirmed
4184,302,915,2025-11-20,Economy,40A,956.44,Cancelled
4185,43,414,2026-03-11,Economy,34F,927.9,Confirmed
4186,238,836,2026-01-13,First Class,39C,1161.74,Confirmed
4187,177,736,2026-06-09,Business,8F,2483.76,Confirmed
4188,434,12,2026-01-26,Economy,15D,398.97,Completed
4189,332,42,2025-11-21,Economy,36F,267.0,Cancelled
4190,443,973,2026-10-19,Business,19B,1052.4,Confirmed
4191,290,963,2025-09-20,Economy,14D,217.33,Completed
4192,463,917,2026-01-09,Business,32B,171.24,Completed
4193,39,90,2026-09-04,Economy,34C,512.05,Confirmed
4194,488,440,2026-03-18,Economy,5C,1040.43,Confirmed
4195,89,607,2026-06-03,Premium Economy,7A,1428.01,Confirmed
4196,325,57,2026-04-23,Economy,3C,569.77,Completed
4197,85,876,2026-04-20,Business,32B,1710.9,Confirmed
4198,406,308,2026-07-31,Economy,19D,90.1,Cancelled
4199,455,274,2026-06-25,Premium Economy,6C,464.25,Confirmed
4200,243,330,2026-05-02,First Class,6C,1976.39,Cancelled
4201,474,90,2026-06-16,Economy,13E,576.81,Confirmed
4202,177,574,2026-01-09,Premium Economy,28C,585.4,Cancelled
4203,465,842,2026-04-24,Economy,30E,359.82,Completed
4204,276,316,2025-08-13,Economy,5A,267.11,Confirmed
4205,358,154,2026-05-12,Premium Economy,15C,1157.12,Confirmed
4206,185,692,2026-01-03,Economy,19C,786.49,Confirmed
4207,237,950,2026-06-17,Economy,36B,528.14,Confirmed
4208,222,957,2026-01-01,Premium Economy,18D,484.76,Completed
4209,115,125,2025-08-15,Economy,19A,591.79,Confirmed
4210,18,623,2026-08-07,Business,5D,1247.32,Confirmed
4211,266,190,2025-10-25,Economy,16C,715.98,Cancelled
4212,206,129,2026-12-03,First Class,30E,2197.68,Confirmed
4213,339,121,2026-06-23,Premium Economy,23F,945.17,Cancelled
4214,137,989,2026-04-19,Premium Economy,12D,1153.57,Confirmed
4215,258,471,2026-03-17,Economy,28B,628.26,Confirmed
4216,147,884,2026-08-09,First Class,28E,1962.46,Confirmed
4217,357,971,2026-01-16,First Class,34A,2582.42,Cancelled
4218,259,938,2026-05-01,Economy,18E,898.83,Cancelled
4219,365,788,2026-03-28,Business,15F,1887.04,Confirmed
4220,323,343,2026-11-01,Economy,34F,388.13,Confirmed
4221,134,118,2026-06-30,First Class,22E,3773.26,Confirmed
4222,338,262,2025-10-24,Premium Economy,4A,649.33,Confirmed
4223,144,417,2026-11-03,Economy,4D,217.33,Cancelled
4224,285,476,2026-01-11,Premium Economy,2A,1500.3,Completed
4225,116,803,2025-12-18,Economy,19B,651.64,Confirmed
4226,121,144,2026-07-24,Economy,40B,805.94,Completed
4227,232,475,2025-09-22,Premium Economy,29B,550.99,Confirmed
4228,181,148,2026-05-20,Economy,35C,239.32,Confirmed
4229,57,897,2026-03-23,Economy,11A,712.88,Confirmed
4230,257,326,2026-03-18,First Class,15F,942.94,Confirmed
4231,327,419,2025-10-30,Premium Economy,20A,1097.66,Confirmed
4232,345,972,2025-12-24,Economy,33E,878.04,Cancelled
4233,27,687,2026-04-25,Economy,23B,847.81,Confirmed
4234,33,84,2026-05-10,Business,14D,468.57,Completed
4235,122,937,2025-11-16,Economy,15A,185.68,Confirmed
4236,138,215,2025-08-20,Economy,12F,891.98,Cancelled
4237,25,789,2026-03-05,Business,27B,1200.09,Completed
4238,147,792,2026-04-08,Premium Economy,24E,771.28,Completed
4239,201,752,2026-08-01,Premium Economy,11B,1168.14,Confirmed
4240,2,987,2026-02-05,Economy,25A,272.92,Completed
4241,127,155,2026-05-24,Economy,17C,162.49,Confirmed
4242,447,305,2026-02-02,Economy,14F,830.33,Cancelled
4243,454,661,2026-01-11,Economy,4B,534.76,Confirmed
4244,210,27,2026-01-22,Business,37B,1493.39,Confirmed
4245,181,247,2025-09-17,Economy,8E,256.95,Confirmed
4246,257,616,2026-10-15,Business,35D,1660.05,Confirmed
4247,187,86,2026-06-06,First Class,7B,1815.66,Confirmed
4248,399,901,2026-05-04,Economy,40F,443.58,Confirmed
4249,42,977,2026-09-20,First Class,2D,2819.33,Completed
4250,91,252,2026-07-01,Economy,35A,64.0,Completed
4251,307,284,2025-10-02,Business,30A,1424.48,Cancelled
4252,51,312,2026-06-13,Economy,3E,129.84,Cancelled
4253,166,701,2026-10-24,Economy,22E,599.74,Confirmed
4254,35,176,2026-02-28,Economy,29B,479.83,Cancelled
4255,231,320,2025-12-08,First Class,36F,2038.93,Confirmed
4256,374,450,2026-09-14,Economy,18E,459.6,Completed
4257,494,30,2026-05-24,First Class,1D,1888.11,Confirmed
4258,473,301,2025-09-25,Premium Economy,32F,628.72,Confirmed
4259,472,730,2026-08-11,Premium Economy,37E,269.04,Completed
4260,461,477,2026-03-14,Economy,29F,80.89,Confirmed
4261,71,981,2026-07-14,First Class,2C,1145.11,Cancelled
4262,185,848,2025-11-29,Economy,32C,565.51,Confirmed
4263,284,487,2026-04-03,First Class,9C,1903.91,Cancelled
4264,207,852,2026-03-18,Economy,27E,757.74,Confirmed
4265,493,151,2026-09-12,Premium Economy,28B,477.96,Confirmed
4266,117,43,2025-08-17,Economy,12C,971.76,Confirmed
4267,370,370,2026-06-10,Economy,8C,1070.33,Confirmed
4268,200,61,2025-09-19,Economy,3C,753.39,Confirmed
4269,441,648,2026-04-18,Economy,15A,336.25,Confirmed
4270,339,715,2026-04-03,Economy,5C,726.13,Cancelled
4271,123,327,2026-06-05,Business,18C,1465.18,Confirmed
4272,467,290,2025-11-23,Premium Economy,2C,190.12,Confirmed
4273,364,47,2025-08-28,Economy,31A,300.94,Cancelled
4274,317,703,2026-07-14,Premium Economy,38D,611.01,Completed
4275,115,75,2026-10-11,Business,29B,2373.55,Cancelled
4276,45,797,2026-08-08,Economy,37E,153.47,Completed
4277,106,974,2026-05-30,Premium Economy,31E,362.9,Confirmed
4278,347,474,2025-07-12,Business,39F,1817.06,Confirmed
4279,264,885,2026-01-07,Economy,21F,301.47,Confirmed
4280,280,629,2025-10-10,Premium Economy,39B,132.7,Cancelled
4281,298,621,2025-11-28,Business,25C,515.3,Confirmed
4282,303,308,2026-05-25,Economy,18A,681.72,Cancelled
4283,380,381,2026-10-17,Economy,3B,62.34,Confirmed
4284,77,511,2026-09-29,Economy,19F,866.1,Completed
4285,345,231,2026-03-31,Economy,19E,196.3,Cancelled
4286,184,483,2026-09-18,Economy,19D,600.68,Confirmed
4287,42,520,2026-07-03,First Class,4E,4195.6,Confirmed
4288,397,987,2025-11-09,Business,35D,749.65,Completed
4289,153,366,2026-03-28,Economy,23F,892.84,Cancelled
4290,66,788,2026-02-04,First Class,6F,533.52,Confirmed
4291,130,191,2026-07-17,Economy,11C,938.01,Completed
4292,286,240,2026-03-26,Economy,11D,141.26,Confirmed
4293,144,842,2026-04-09,Economy,17E,996.48,Cancelled
4294,42,556,2026-05-07,Economy,12F,819.68,Confirmed
4295,243,19,2026-06-14,Premium Economy,28C,541.02,Completed
4296,34,753,2026-02-20,Economy,33A,593.81,Confirmed
4297,494,378,2025-10-29,Business,25A,2135.92,Cancelled
4298,87,697,2026-08-30,Economy,22F,762.68,Confirmed
4299,253,682,2026-03-11,Economy,30D,587.39,Confirmed
4300,313,133,2026-04-11,Economy,15F,319.7,Confirmed
4301,220,553,2026-05-17,Economy,12D,175.1,Confirmed
4302,211,563,2026-06-16,Business,37E,1969.67,Completed
4303,483,383,2026-06-30,Economy,34B,287.99,Confirmed
4304,21,362,2026-04-24,Premium Economy,13F,819.12,Cancelled
4305,107,659,2025-11-12,Economy,24E,664.67,Cancelled
4306,166,944,2026-02-15,Economy,22D,358.35,Confirmed
4307,135,476,2025-12-08,Economy,13F,772.82,Confirmed
4308,289,701,2026-07-30,Economy,14F,862.01,Confirmed
4309,475,464,2026-09-09,Economy,11F,236.79,Cancelled
4310,452,443,2025-09-13,Economy,2E,868.93,Confirmed
4311,265,647,2026-05-09,Economy,8B,323.76,Confirmed
4312,372,116,2026-01-12,Premium Economy,20F,995.78,Confirmed
4313,103,11,2025-10-02,Economy,15E,490.66,Confirmed
4314,45,946,2025-10-23,Economy,8C,266.46,Cancelled
4315,327,638,2026-04-25,Economy,3B,155.19,Confirmed
4316,335,5,2026-03-17,Economy,33F,921.03,Confirmed
4317,144,957,2025-11-26,Business,33C,1721.36,Confirmed
4318,141,999,2026-03-31,Economy,33E,860.3,Confirmed
4319,131,600,2026-07-05,Economy,15B,400.33,Completed
4320,140,16,2026-07-25,Economy,25D,124.92,Completed
4321,32,864,2025-11-24,Premium Economy,32D,178.24,Cancelled
4322,7,142,2026-09-02,First Class,35D,3625.43,Cancelled
4323,220,930,2025-07-16,Economy,2D,812.3,Completed
4324,101,454,2026-07-15,Business,9D,387.57,Confirmed
4325,22,143,2025-12-11,Business,25B,1119.83,Confirmed
4326,81,495,2026-08-15,Economy,21E,393.8,Cancelled
4327,50,660,2026-03-24,Economy,16B,414.5,Confirmed
4328,338,943,2026-03-30,Premium Economy,40C,240.23,Confirmed
4329,489,816,2026-03-02,Economy,14C,543.26,Cancelled
4330,302,140,2026-11-22,Economy,37B,353.13,Confirmed
4331,337,187,2025-11-09,Economy,31A,596.97,Confirmed
4332,305,36,2025-10-16,Business,13C,688.1,Cancelled
4333,67,64,2026-07-27,Premium Economy,7C,967.61,Cancelled
4334,206,907,2026-05-20,Economy,16C,604.82,Confirmed
4335,305,624,2026-10-14,Premium Economy,25E,174.21,Cancelled
4336,159,55,2026-01-27,First Class,8C,3461.47,Confirmed
4337,469,701,2026-08-27,Economy,24F,787.24,Confirmed
4338,467,928,2026-10-16,Economy,36C,455.29,Confirmed
4339,425,613,2025-12-23,Economy,36E,408.56,Completed
4340,445,491,2026-07-22,Business,34F,186.38,Cancelled
4341,31,400,2025-11-25,Economy,14B,174.95,Completed
4342,321,877,2026-02-09,Business,2C,2500.04,Confirmed
4343,181,549,2025-12-25,Premium Economy,38A,1159.84,Confirmed
4344,376,712,2026-06-28,First Class,8D,1778.2,Confirmed
4345,490,253,2025-11-15,First Class,24B,1287.9,Confirmed
4346,432,4,2026-09-30,Economy,21A,809.25,Confirmed
4347,286,939,2026-05-14,Business,15D,2308.93,Confirmed
4348,321,377,2025-10-25,Economy,26C,367.98,Cancelled
4349,316,130,2026-05-25,Economy,3F,264.94,Completed
4350,170,219,2026-02-03,Economy,40A,194.96,Confirmed
4351,6,467,2025-11-23,Economy,38D,554.88,Confirmed
4352,142,659,2025-09-17,Premium Economy,16B,333.87,Confirmed
4353,402,424,2026-02-19,Economy,11D,713.93,Confirmed
4354,448,206,2025-12-22,Premium Economy,1E,417.55,Confirmed
4355,253,544,2025-12-23,Premium Economy,29D,1131.02,Confirmed
4356,341,58,2025-10-12,Economy,33B,181.14,Confirmed
4357,60,466,2026-06-07,First Class,30D,3768.91,Confirmed
4358,7,296,2026-04-23,First Class,40B,572.69,Confirmed
4359,256,482,2026-08-05,Economy,31F,90.06,Cancelled
4360,86,787,2026-08-04,Economy,18C,118.64,Cancelled
4361,425,997,2026-08-25,Economy,34F,968.61,Confirmed
4362,314,783,2026-02-25,Economy,24D,957.4,Confirmed
4363,209,662,2026-06-09,Economy,14D,309.7,Completed
4364,454,141,2026-06-27,Economy,8E,972.48,Confirmed
4365,328,709,2026-03-26,Economy,12D,574.67,Cancelled
4366,476,251,2026-08-04,First Class,1F,2731.33,Cancelled
4367,75,523,2025-12-17,First Class,35E,3039.59,Confirmed
4368,476,520,2026-05-14,Premium Economy,13F,674.63,Confirmed
4369,335,782,2025-07-28,Economy,4A,896.35,Completed
4370,32,396,2026-07-05,Business,2D,2586.17,Confirmed
4371,496,585,2026-02-25,Economy,2D,980.24,Completed
4372,156,393,2026-03-26,Economy,32C,891.6,Cancelled
4373,418,612,2026-08-11,First Class,18C,2490.87,Completed
4374,277,659,2025-10-08,Economy,28A,73.74,Completed
4375,226,228,2026-04-15,Business,18B,1479.56,Completed
4376,274,366,2026-07-31,Economy,21E,263.92,Completed
4377,479,991,2025-11-05,Business,16D,1314.03,Confirmed
4378,409,420,2026-01-30,Business,13A,1203.8,Confirmed
4379,74,676,2026-09-25,Business,12C,2498.56,Confirmed
4380,183,166,2026-07-30,Economy,29E,715.43,Confirmed
4381,91,806,2025-11-03,Economy,25A,303.56,Confirmed
4382,491,67,2026-05-24,Economy,28A,554.44,Confirmed
4383,355,925,2026-05-19,First Class,2E,2435.76,Cancelled
4384,238,44,2025-12-10,Economy,14A,247.16,Completed
4385,448,209,2026-01-04,Premium Economy,7A,686.97,Completed
4386,286,352,2026-05-10,Economy,13A,893.38,Completed
4387,312,833,2026-01-20,Economy,20E,821.05,Cancelled
4388,60,972,2026-04-10,Economy,4C,616.87,Confirmed
4389,170,762,2026-03-13,Business,32F,854.55,Completed
4390,453,623,2026-03-22,Economy,23D,603.73,Confirmed
4391,498,264,2026-01-27,Economy,19B,1010.64,Confirmed
4392,44,582,2026-06-25,Economy,39F,1063.76,Completed
4393,123,98,2026-06-26,Business,16C,1181.21,Confirmed
4394,188,82,2026-05-12,First Class,8B,2654.45,Completed
4395,252,501,2025-09-12,Premium Economy,8C,301.34,Confirmed
4396,311,332,2026-05-07,First Class,27B,3258.76,Cancelled
4397,241,166,2026-03-29,Economy,25C,668.3,Cancelled
4398,185,403,2026-01-11,Premium Economy,7C,221.35,Cancelled
4399,351,500,2026-04-02,Economy,20F,505.06,Confirmed
4400,183,442,2026-10-18,Economy,22A,364.19,Confirmed
4401,377,840,2026-02-18,Business,38C,458.08,Completed
4402,116,834,2025-11-02,Economy,36B,116.14,Confirmed
4403,30,289,2025-12-19,Premium Economy,21D,799.71,Confirmed
4404,140,560,2025-12-14,First Class,27B,1778.5,Completed
4405,335,343,2026-08-21,Economy,24D,737.39,Confirmed
4406,166,55,2025-09-23,First Class,39E,3184.8,Confirmed
4407,250,87,2026-01-25,Business,4A,2060.64,Cancelled
4408,109,557,2026-06-18,First Class,17D,1687.06,Cancelled
4409,5,476,2025-09-26,Economy,16E,150.02,Cancelled
4410,287,85,2025-10-16,Economy,28D,865.86,Confirmed
4411,199,245,2026-02-28,Economy,34F,879.38,Confirmed
4412,254,743,2026-06-11,Premium Economy,9F,395.12,Cancelled
4413,182,686,2026-04-19,Economy,26E,709.37,Completed
4414,11,139,2026-01-24,Economy,5A,86.08,Confirmed
4415,419,822,2026-06-15,Business,1C,1150.24,Confirmed
4416,10,134,2026-02-08,Economy,8C,856.02,Confirmed
4417,372,99,2025-12-26,Business,32D,651.87,Confirmed
4418,289,378,2025-11-24,Business,9D,1466.79,Confirmed
4419,293,135,2026-10-04,Business,22E,1887.6,Confirmed
4420,73,71,2025-10-07,First Class,4A,1073.52,Confirmed
4421,84,785,2026-08-10,Economy,28C,964.85,Confirmed
4422,468,266,2026-06-01,Economy,10C,700.58,Confirmed
4423,332,199,2026-05-18,Business,4E,594.39,Completed
4424,269,852,2026-05-31,Economy,23D,475.32,Cancelled
4425,34,895,2025-10-29,Business,10B,336.52,Cancelled
4426,135,464,2026-11-18,Economy,24C,375.17,Completed
4427,457,371,2026-06-15,First Class,30E,2604.29,Confirmed
4428,424,80,2026-07-03,Economy,20B,330.88,Confirmed
4429,470,321,2026-02-12,Economy,39C,397.89,Confirmed
4430,415,544,2025-11-15,First Class,18F,2318.14,Confirmed
4431,414,7,2026-11-27,Economy,11F,295.14,Confirmed
4432,98,787,2026-11-22,Economy,9A,237.68,Confirmed
4433,331,203,2026-08-15,Premium Economy,5A,1228.46,Cancelled
4434,445,844,2026-01-13,First Class,13A,1700.86,Confirmed
4435,258,358,2025-12-03,First Class,25B,3081.21,Completed
4436,140,704,2025-09-29,First Class,12B,3693.66,Confirmed
4437,463,86,2026-03-02,Business,11A,2075.23,Confirmed
4438,18,117,2026-02-19,Economy,35C,792.35,Cancelled
4439,249,214,2025-08-27,Economy,20D,249.23,Confirmed
4440,227,260,2026-03-11,First Class,11D,3612.9,Completed
4441,24,701,2026-08-20,Premium Economy,14A,1145.19,Cancelled
4442,408,564,2026-03-20,Economy,15A,415.4,Completed
4443,3,71,2025-11-15,Economy,2B,200.75,Confirmed
4444,234,956,2026-03-01,Economy,4C,760.0,Confirmed
4445,161,578,2026-08-08,Economy,25F,90.89,Confirmed
4446,435,206,2025-12-14,Economy,18E,805.43,Confirmed
4447,169,849,2026-06-12,Business,24B,417.53,Completed
4448,393,36,2026-01-13,Economy,23E,606.57,Confirmed
4449,356,469,2026-07-20,Business,26E,2301.4,Confirmed
4450,243,810,2026-01-11,Economy,23A,1090.21,Confirmed
4451,232,420,2026-03-23,Premium Economy,30F,747.67,Completed
4452,420,521,2026-08-03,First Class,40B,3369.53,Confirmed
4453,219,713,2026-06-30,First Class,37C,3340.06,Cancelled
4454,478,121,2026-01-07,Premium Economy,8A,1412.57,Cancelled
4455,36,341,2026-10-09,Business,22F,1853.29,Confirmed
4456,126,695,2026-11-14,Economy,33F,1020.2,Completed
4457,128,606,2026-02-16,Economy,20E,483.28,Confirmed
4458,437,509,2026-10-13,Premium Economy,17B,826.64,Confirmed
4459,392,329,2026-08-18,Premium Economy,36A,137.26,Confirmed
4460,12,149,2026-03-10,Premium Economy,1D,633.98,Confirmed
4461,225,920,2025-12-08,Economy,7B,678.7,Cancelled
4462,234,864,2026-03-01,Economy,27E,381.5,Completed
4463,62,442,2026-09-12,Business,19E,1268.27,Cancelled
4464,352,219,2026-01-08,Economy,8A,717.84,Confirmed
4465,282,420,2026-03-25,Business,35F,2156.34,Confirmed
4466,90,861,2026-07-13,First Class,24A,3921.95,Confirmed
4467,475,42,2025-11-25,Economy,8D,413.3,Cancelled
4468,130,341,2026-10-06,Premium Economy,2A,652.39,Completed
4469,22,9,2026-08-27,Economy,9C,636.72,Completed
4470,319,764,2026-09-25,First Class,32A,435.52,Confirmed
4471,161,433,2026-09-21,Economy,15E,430.81,Confirmed
4472,462,877,2025-11-13,Economy,37F,144.21,Cancelled
4473,319,747,2026-04-06,Business,21B,942.0,Confirmed
4474,279,452,2026-04-23,Premium Economy,14D,896.32,Cancelled
4475,361,120,2025-10-20,Economy,16B,920.98,Confirmed
4476,56,4,2026-06-28,Business,24D,1030.31,Cancelled
4477,96,448,2026-02-15,First Class,32F,1075.76,Confirmed
4478,320,626,2026-04-15,Premium Economy,30F,1280.07,Confirmed
4479,354,901,2025-11-14,Business,16B,2239.94,Completed
4480,313,781,2026-08-02,Economy,8C,349.06,Cancelled
4481,97,368,2026-07-15,Business,26F,1456.79,Cancelled
4482,235,761,2026-01-03,Economy,38E,192.65,Confirmed
4483,470,23,2025-10-12,First Class,1A,638.83,Confirmed
4484,96,986,2026-03-06,Economy,35D,752.82,Completed
4485,449,716,2026-02-03,Economy,5C,460.72,Confirmed
4486,70,972,2025-12-17,Economy,6F,689.51,Confirmed
4487,306,803,2025-10-10,Business,36A,970.76,Confirmed
4488,270,571,2026-03-22,Economy,36B,1029.95,Cancelled
4489,94,582,2026-11-28,Economy,23E,847.56,Confirmed
4490,256,223,2026-02-01,Economy,33E,784.01,Confirmed
4491,36,847,2026-06-23,Business,33D,1138.72,Confirmed
4492,325,691,2025-08-14,Premium Economy,18D,902.39,Cancelled
4493,319,167,2026-06-03,Business,30C,812.54,Completed
4494,239,993,2026-05-02,Business,32B,1310.89,Completed
4495,418,975,2025-11-22,Economy,14E,186.85,Confirmed
4496,355,350,2026-05-03,Business,16F,2421.43,Confirmed
4497,167,904,2026-02-08,Economy,15F,496.35,Cancelled
4498,275,712,2026-12-01,Economy,9E,875.8,Confirmed
4499,373,466,2026-02-13,Economy,2C,85.66,Completed
4500,494,946,2025-08-23,Economy,38D,676.38,Confirmed
4501,156,720,2026-08-30,First Class,23C,2427.66,Confirmed
4502,193,237,2025-10-09,Economy,29F,187.29,Confirmed
4503,94,218,2026-01-15,Business,9E,1924.86,Confirmed
4504,141,836,2025-09-25,Economy,33C,853.65,Confirmed
4505,495,486,2026-08-16,Economy,17A,679.64,Cancelled
4506,490,543,2026-08-12,Economy,14A,143.18,Completed
4507,49,792,2026-08-10,Economy,25A,597.75,Confirmed
4508,236,478,2026-03-10,Economy,8D,608.79,Completed
4509,195,780,2026-01-29,Economy,27B,510.88,Cancelled
4510,132,117,2025-12-19,Economy,35D,282.0,Completed
4511,434,62,2026-01-18,Premium Economy,16A,946.28,Cancelled
4512,184,18,2025-11-28,Economy,11C,1093.38,Confirmed
4513,403,866,2026-11-10,Economy,14F,400.07,Confirmed
4514,22,943,2026-05-14,Business,13E,1656.66,Confirmed
4515,126,431,2025-12-25,Business,29C,2260.77,Confirmed
4516,169,445,2026-05-11,Economy,7D,755.11,Confirmed
4517,281,519,2026-01-17,First Class,23F,2333.93,Confirmed
4518,346,635,2026-04-30,Economy,39F,100.64,Confirmed
4519,58,328,2026-07-14,Economy,27F,526.6,Confirmed
4520,60,666,2026-09-24,Premium Economy,30F,1271.08,Completed
4521,77,462,2026-03-26,Economy,29D,142.57,Confirmed
4522,434,189,2025-12-25,Economy,31E,142.01,Confirmed
4523,432,348,2026-07-18,Economy,21A,150.69,Completed
4524,255,103,2025-12-14,First Class,35E,1755.07,Confirmed
4525,97,234,2026-08-20,Economy,35F,808.92,Completed
4526,188,484,2026-09-04,Economy,38E,358.85,Completed
4527,329,551,2026-08-07,Economy,2D,212.28,Cancelled
4528,71,320,2026-03-28,Economy,35F,917.59,Confirmed
4529,90,684,2026-11-18,First Class,12B,1258.6,Confirmed
4530,28,788,2026-02-03,Business,2C,1498.49,Confirmed
4531,443,666,2026-10-09,Business,7F,1218.79,Confirmed
4532,492,98,2026-08-10,First Class,25D,3342.6,Confirmed
4533,47,188,2025-09-02,Economy,3E,449.08,Completed
4534,12,739,2025-11-17,Premium Economy,18F,294.37,Cancelled
4535,102,328,2026-09-12,Business,14F,1244.71,Confirmed
4536,372,899,2026-04-14,First Class,19E,2325.75,Confirmed
4537,54,934,2026-03-24,Economy,24D,52.28,Cancelled
4538,495,962,2025-08-01,Economy,34F,670.77,Completed
4539,399,98,2026-09-17,Premium Economy,28D,422.82,Confirmed
4540,243,410,2026-06-05,Economy,9E,136.57,Completed
4541,339,901,2025-12-09,First Class,28D,482.48,Confirmed
4542,135,388,2026-02-04,First Class,37F,925.62,Completed
4543,129,438,2026-06-13,First Class,28E,2550.29,Confirmed
4544,471,584,2025-12-31,Economy,21B,156.37,Cancelled
4545,297,291,2026-03-29,Economy,33C,692.28,Confirmed
4546,59,595,2025-11-06,Economy,18C,151.49,Confirmed
4547,438,302,2026-01-06,Premium Economy,23B,642.75,Confirmed
4548,27,545,2026-01-14,Economy,36A,71.19,Cancelled
4549,231,590,2026-12-16,First Class,5A,2404.04,Cancelled
4550,9,393,2026-08-02,Economy,22F,552.16,Cancelled
4551,69,165,2026-04-05,Economy,21B,327.1,Confirmed
4552,475,414,2026-06-12,Premium Economy,28A,294.55,Completed
4553,334,506,2026-02-28,Economy,12B,619.33,Confirmed
4554,219,901,2026-02-11,First Class,33A,659.42,Confirmed
4555,213,504,2026-06-20,Premium Economy,15F,1504.13,Confirmed
4556,215,740,2025-11-16,Economy,39E,933.69,Confirmed
4557,9,287,2025-12-13,Economy,21A,768.52,Completed
4558,468,84,2026-10-24,First Class,35A,1652.78,Confirmed
4559,116,741,2026-05-13,First Class,31D,2349.0,Confirmed
4560,350,896,2026-04-23,Business,14C,1455.98,Confirmed
4561,132,644,2026-01-20,Economy,20B,884.97,Completed
4562,380,905,2026-01-28,Economy,22B,640.32,Completed
4563,286,865,2026-11-21,Economy,36C,741.38,Completed
4564,34,734,2026-05-07,Economy,38A,648.04,Cancelled
4565,345,518,2026-07-06,Economy,16D,634.82,Confirmed
4566,278,257,2026-05-21,Business,6A,1085.34,Confirmed
4567,379,370,2026-07-21,Business,17A,2341.91,Cancelled
4568,18,327,2026-04-14,Economy,31A,577.24,Completed
4569,395,25,2026-09-23,Economy,24D,310.02,Completed
4570,202,470,2025-11-19,Economy,24E,630.24,Confirmed
4571,160,183,2026-01-01,Business,28B,2318.16,Cancelled
4572,345,602,2026-08-26,Economy,35A,533.07,Confirmed
4573,251,257,2026-03-31,Economy,35B,67.18,Confirmed
4574,65,652,2025-10-20,Premium Economy,40D,249.43,Completed
4575,329,166,2026-08-06,Economy,6C,97.89,Cancelled
4576,423,633,2026-09-28,Premium Economy,20E,1072.37,Completed
4577,377,79,2026-04-26,Business,38E,1124.98,Completed
4578,280,514,2026-05-09,Business,26E,1384.14,Confirmed
4579,362,573,2026-03-16,Economy,18D,852.72,Cancelled
4580,229,576,2026-05-11,Economy,23C,72.6,Confirmed
4581,494,72,2025-08-10,Economy,15D,453.25,Confirmed
4582,470,609,2026-08-25,Economy,32E,969.53,Confirmed
4583,454,880,2026-11-07,Economy,24B,192.0,Completed
4584,318,560,2026-03-30,Economy,30A,1000.63,Cancelled
4585,139,174,2026-06-25,Economy,3D,695.05,Cancelled
4586,296,326,2026-04-27,Economy,13F,362.21,Confirmed
4587,468,432,2026-07-02,Economy,27F,481.1,Confirmed
4588,271,529,2026-08-02,Economy,20A,683.11,Completed
4589,370,161,2026-04-02,Premium Economy,12A,693.88,Confirmed
4590,366,480,2026-02-05,Economy,4C,703.52,Cancelled
4591,40,699,2026-04-02,Economy,3C,716.63,Confirmed
4592,145,30,2026-06-21,Economy,39D,751.44,Confirmed
4593,29,164,2025-12-19,Economy,18B,643.09,Confirmed
4594,44,780,2026-03-28,Economy,16D,524.06,Confirmed
4595,147,681,2026-03-17,Premium Economy,25E,1397.77,Confirmed
4596,469,7,2026-11-05,Economy,22F,59.47,Completed
4597,370,353,2026-09-10,Premium Economy,1A,1500.51,Confirmed
4598,75,372,2025-09-10,First Class,37F,808.98,Completed
4599,142,64,2026-08-14,Business,15C,155.55,Completed
4600,87,688,2026-01-06,Economy,3D,250.52,Confirmed
4601,166,119,2026-11-02,Business,21C,628.99,Confirmed
4602,334,291,2026-01-12,Economy,17F,49.05,Confirmed
4603,434,329,2026-07-03,Economy,19A,498.65,Confirmed
4604,13,682,2026-01-16,First Class,15A,3029.03,Confirmed
4605,433,142,2026-05-21,Premium Economy,23B,362.03,Confirmed
4606,30,993,2025-12-27,Premium Economy,15A,895.22,Confirmed
4607,111,412,2026-08-02,Economy,29F,662.96,Cancelled
4608,468,804,2026-09-11,Premium Economy,32B,392.7,Confirmed
4609,124,409,2026-09-27,First Class,40A,3607.49,Completed
4610,93,653,2026-02-17,First Class,35D,229.83,Confirmed
4611,348,971,2025-08-04,Business,17A,1046.89,Confirmed
4612,250,301,2025-10-05,Economy,33B,613.56,Confirmed
4613,271,502,2026-07-24,Premium Economy,16E,960.72,Confirmed
4614,10,727,2026-11-03,First Class,5A,3882.35,Confirmed
4615,429,164,2025-10-01,First Class,12D,1520.99,Cancelled
4616,264,816,2026-07-07,Economy,35B,837.14,Confirmed
4617,151,388,2026-02-04,Business,19E,1138.31,Confirmed
4618,153,587,2026-05-08,Business,15E,1446.3,Confirmed
4619,96,959,2025-11-29,First Class,21D,656.83,Confirmed
4620,361,426,2026-01-05,Premium Economy,35F,1203.27,Confirmed
4621,368,79,2026-02-25,Business,21D,1473.15,Confirmed
4622,472,451,2025-12-01,Business,8C,1288.74,Confirmed
4623,253,55,2025-11-22,Premium Economy,24B,275.01,Cancelled
4624,352,514,2026-05-17,Business,26C,2108.91,Confirmed
4625,406,295,2026-04-09,Economy,13B,242.21,Confirmed
4626,369,665,2026-03-06,Economy,36C,408.08,Confirmed
4627,28,711,2026-10-19,Premium Economy,15A,163.42,Confirmed
4628,57,71,2025-12-27,First Class,31F,1447.74,Confirmed
4629,256,253,2025-10-17,Premium Economy,11F,883.47,Completed
4630,462,3,2026-07-14,First Class,28D,792.16,Confirmed
4631,449,819,2026-05-18,Premium Economy,40F,513.34,Confirmed
4632,147,279,2025-12-02,Business,22C,2370.13,Confirmed
4633,478,679,2026-04-24,Economy,40D,400.66,Completed
4634,92,99,2026-01-11,Economy,10E,631.55,Confirmed
4635,259,955,2026-04-13,Economy,30A,204.57,Completed
4636,483,848,2025-11-30,Economy,8C,653.99,Confirmed
4637,281,568,2026-01-07,Premium Economy,30A,516.03,Completed
4638,68,83,2026-09-04,Business,39C,275.62,Confirmed
4639,269,797,2026-10-15,Business,27D,1262.65,Confirmed
4640,149,296,2026-02-12,Premium Economy,16F,532.92,Confirmed
4641,348,487,2026-09-10,Economy,7E,648.8,Completed
4642,169,519,2025-07-29,Business,12A,2162.17,Cancelled
4643,457,587,2026-04-08,Premium Economy,1D,1002.76,Confirmed
4644,20,334,2026-05-25,Premium Economy,18A,651.67,Confirmed
4645,101,135,2026-11-21,Premium Economy,16E,918.24,Confirmed
4646,200,192,2026-02-17,Business,15D,2682.41,Confirmed
4647,159,431,2025-12-08,Economy,9A,398.52,Confirmed
4648,328,409,2026-05-23,Economy,10B,297.95,Confirmed
4649,228,71,2026-02-06,Economy,10A,628.24,Cancelled
4650,33,6,2026-01-19,Business,30C,1491.01,Completed
4651,232,616,2026-08-14,Economy,17E,971.26,Completed
4652,453,312,2026-07-15,Business,21E,2519.16,Confirmed
4653,256,590,2026-09-01,First Class,8F,3821.84,Cancelled
4654,163,243,2026-10-06,Business,37B,719.73,Cancelled
4655,90,607,2026-03-30,First Class,12D,477.61,Confirmed
4656,310,495,2026-09-06,Economy,2A,1053.76,Confirmed
4657,398,55,2025-08-30,Economy,14D,600.72,Confirmed
4658,63,190,2025-12-28,First Class,35F,2187.68,Cancelled
4659,70,988,2025-11-02,Economy,15D,910.87,Confirmed
4660,125,971,2025-10-13,Economy,28C,474.81,Confirmed
4661,419,642,2026-03-20,Economy,38B,781.26,Confirmed
4662,498,273,2026-01-04,Economy,13C,902.66,Confirmed
4663,365,138,2026-06-15,Premium Economy,4D,1379.98,Confirmed
4664,308,215,2025-12-12,Business,18D,1338.75,Confirmed
4665,56,688,2026-02-04,Economy,12A,924.01,Confirmed
4666,494,241,2026-09-27,Economy,27A,825.85,Confirmed
4667,489,649,2025-09-22,Economy,6D,619.88,Confirmed
4668,68,806,2025-12-27,Premium Economy,35F,692.18,Completed
4669,302,326,2026-01-05,Economy,15A,302.24,Completed
4670,297,825,2026-03-31,Economy,4D,122.34,Completed
4671,291,662,2026-03-19,Premium Economy,28F,415.83,Confirmed
4672,169,142,2026-04-15,First Class,11D,1204.76,Cancelled
4673,102,756,2025-10-30,Economy,30F,876.53,Cancelled
4674,358,155,2026-05-11,First Class,24D,2392.2,Completed
4675,63,73,2026-03-22,Economy,12D,170.05,Completed
4676,392,220,2026-09-05,Economy,11E,743.94,Confirmed
4677,237,398,2025-12-16,Economy,24B,280.93,Cancelled
4678,89,569,2026-02-08,Economy,15C,412.18,Completed
4679,70,666,2026-08-24,First Class,24A,1515.52,Cancelled
4680,37,198,2025-12-29,Economy,32C,159.83,Cancelled
4681,250,424,2026-04-07,Economy,23F,587.38,Confirmed
4682,324,872,2026-03-03,First Class,10E,575.61,Confirmed
4683,297,109,2026-02-02,First Class,17C,1928.9,Cancelled
4684,86,122,2025-12-28,Economy,2F,832.69,Confirmed
4685,66,509,2026-10-28,Premium Economy,9A,1168.12,Confirmed
4686,438,759,2026-09-11,Economy,40D,338.18,Confirmed
4687,449,148,2026-02-20,Premium Economy,12B,1332.03,Confirmed
4688,380,688,2026-01-09,Premium Economy,20B,878.21,Completed
4689,346,539,2026-04-26,Economy,24D,373.27,Cancelled
4690,276,793,2025-12-15,First Class,4C,964.6,Completed
4691,435,264,2026-03-18,Economy,30C,915.58,Confirmed
4692,402,297,2026-03-24,Economy,12C,503.3,Cancelled
4693,302,889,2026-07-01,Premium Economy,14B,449.5,Confirmed
4694,138,902,2026-01-30,Business,23A,1451.11,Confirmed
4695,456,216,2026-02-09,Economy,5F,160.43,Completed
4696,390,732,2025-09-18,Premium Economy,21C,178.5,Completed
4697,384,486,2026-04-09,Economy,8F,840.5,Completed
4698,39,251,2026-09-16,Economy,14A,923.78,Confirmed
4699,239,760,2025-09-26,Economy,21A,815.52,Cancelled
4700,203,628,2025-10-02,Premium Economy,23A,786.55,Completed
4701,209,960,2026-03-20,Economy,39F,181.87,Cancelled
4702,182,959,2025-09-22,First Class,23B,3079.54,Confirmed
4703,351,802,2025-10-14,Business,32B,772.01,Confirmed
4704,126,856,2026-08-14,Premium Economy,16D,330.62,Completed
4705,101,783,2025-12-13,Premium Economy,23A,373.31,Confirmed
4706,112,583,2026-09-22,Economy,8F,768.13,Confirmed
4707,482,133,2026-01-18,Economy,5A,336.8,Confirmed
4708,131,937,2025-12-27,Economy,40F,345.06,Completed
4709,183,196,2026-06-08,Economy,22E,73.04,Confirmed
4710,188,928,2026-10-24,Premium Economy,8C,760.93,Confirmed
4711,365,715,2026-01-02,Economy,17F,444.97,Confirmed
4712,460,537,2026-09-10,Economy,29C,896.69,Completed
4713,55,867,2026-06-27,Economy,16A,805.38,Confirmed
4714,61,258,2025-11-14,Economy,8E,919.71,Confirmed
4715,490,950,2026-10-31,Economy,5E,161.21,Confirmed
4716,337,241,2026-08-13,Economy,5A,397.44,Confirmed
4717,360,185,2026-05-13,Business,13C,833.71,Confirmed
4718,338,872,2026-02-13,Economy,35D,583.44,Completed
4719,264,859,2026-07-07,Economy,9F,619.72,Confirmed
4720,109,746,2026-01-27,Economy,10C,665.26,Completed
4721,77,348,2026-09-05,Economy,26D,799.52,Confirmed
4722,385,785,2026-09-16,Economy,4B,671.05,Confirmed
4723,79,357,2025-12-06,Business,40B,1267.3,Confirmed
4724,440,35,2026-01-04,Economy,12B,503.07,Completed
4725,338,608,2026-06-26,First Class,8B,3797.64,Completed
4726,292,508,2026-02-08,Economy,27E,855.24,Confirmed
4727,251,382,2025-10-28,Economy,38E,617.95,Confirmed
4728,124,650,2025-07-21,Economy,37A,817.11,Confirmed
4729,38,614,2026-09-11,Economy,32A,285.93,Completed
4730,125,810,2026-03-16,First Class,6E,1660.4,Cancelled
4731,13,871,2026-07-28,Business,14A,1448.63,Confirmed
4732,182,387,2026-04-21,Economy,23E,956.53,Confirmed
4733,469,397,2026-08-25,Economy,37E,387.4,Confirmed
4734,172,901,2026-04-19,Economy,36A,395.3,Completed
4735,39,269,2026-03-01,Economy,17C,622.83,Confirmed
4736,470,863,2026-06-20,Economy,33B,823.92,Cancelled
4737,317,825,2026-04-28,Economy,24C,314.54,Completed
4738,89,922,2025-11-12,Economy,32C,771.25,Confirmed
4739,361,751,2026-07-19,Business,14C,1457.51,Confirmed
4740,162,935,2025-12-28,Business,15E,231.1,Confirmed
4741,132,363,2025-12-29,Business,20E,219.67,Confirmed
4742,129,806,2025-12-10,Economy,35A,572.13,Confirmed
4743,79,715,2026-05-09,Economy,26D,920.54,Confirmed
4744,175,100,2026-04-02,Business,6D,1371.83,Confirmed
4745,389,957,2026-01-30,Business,9C,1512.09,Confirmed
4746,423,280,2026-04-01,Economy,30C,188.82,Confirmed
4747,402,172,2025-12-19,First Class,29A,3769.85,Cancelled
4748,30,134,2025-10-27,Economy,5D,946.94,Completed
4749,259,198,2026-01-02,First Class,39D,2823.1,Confirmed
4750,186,50,2026-06-06,Economy,8E,73.5,Confirmed
4751,476,223,2025-12-06,Economy,40B,478.46,Confirmed
4752,304,65,2026-03-03,Business,37E,1204.6,Confirmed
4753,459,199,2026-05-29,First Class,30E,335.45,Confirmed
4754,303,884,2026-03-14,First Class,26C,1673.97,Confirmed
4755,207,911,2025-12-26,Economy,1F,121.83,Confirmed
4756,194,236,2026-11-18,Economy,21A,615.2,Confirmed
4757,460,431,2026-02-10,Economy,15F,164.13,Confirmed
4758,400,993,2026-03-05,Economy,7F,430.81,Confirmed
4759,318,329,2026-06-17,Economy,26A,929.07,Confirmed
4760,96,593,2026-04-21,Business,9B,2057.84,Cancelled
4761,172,39,2026-11-05,First Class,9E,1189.18,Confirmed
4762,145,167,2026-06-26,Business,23C,1025.53,Completed
4763,117,805,2026-10-04,Economy,24C,327.96,Confirmed
4764,483,107,2025-08-01,Economy,16E,512.27,Cancelled
4765,10,230,2025-12-17,Premium Economy,32B,841.13,Confirmed
4766,280,527,2026-01-23,Economy,13B,226.13,Confirmed
4767,470,291,2026-05-19,Economy,27D,371.83,Confirmed
4768,5,895,2025-09-01,First Class,40A,3240.31,Completed
4769,35,72,2025-09-01,Business,34C,757.41,Confirmed
4770,113,805,2026-09-11,Economy,9A,489.37,Confirmed
4771,298,779,2026-08-10,Economy,7D,364.41,Confirmed
4772,69,188,2025-12-10,First Class,32B,2998.75,Cancelled
4773,271,24,2025-10-05,Premium Economy,3F,78.5,Completed
4774,210,990,2026-08-03,First Class,11F,1740.91,Completed
4775,351,165,2026-02-13,Business,30D,1181.4,Confirmed
4776,436,537,2026-06-04,Economy,36A,769.35,Confirmed
4777,489,788,2026-01-20,Business,26B,1543.96,Confirmed
4778,137,3,2026-09-15,Business,40C,942.32,Cancelled
4779,129,910,2026-07-05,Business,36E,2123.48,Confirmed
4780,8,998,2026-01-01,Premium Economy,11C,881.96,Completed
4781,35,232,2026-06-18,Premium Economy,2C,859.38,Cancelled
4782,495,958,2026-01-15,Economy,39B,661.82,Cancelled
4783,265,273,2025-10-24,Business,16B,1169.45,Confirmed
4784,315,753,2026-01-04,Premium Economy,34E,1339.96,Confirmed
4785,15,633,2026-10-08,Premium Economy,20D,1324.11,Confirmed
4786,167,760,2025-12-09,Economy,21D,739.34,Completed
4787,224,973,2026-10-04,Economy,1A,961.94,Confirmed
4788,373,861,2026-07-15,Economy,5F,483.96,Confirmed
4789,216,610,2025-12-10,Premium Economy,10B,1188.13,Confirmed
4790,438,757,2025-11-11,Economy,35F,450.1,Confirmed
4791,253,898,2026-04-08,Economy,31D,879.51,Cancelled
4792,299,914,2026-04-29,Premium Economy,23A,645.48,Confirmed
4793,470,750,2025-08-15,Business,37F,1133.41,Confirmed
4794,297,229,2026-04-22,Business,21B,1549.04,Completed
4795,298,192,2026-06-21,Business,13A,1608.2,Confirmed
4796,44,421,2026-03-06,Economy,22E,163.37,Completed
4797,103,151,2026-07-29,First Class,19F,1395.37,Confirmed
4798,333,864,2025-10-02,Economy,14B,777.82,Confirmed
4799,347,286,2025-11-29,Premium Economy,34D,1391.36,Completed
4800,471,352,2026-02-13,Economy,11A,98.86,Confirmed
4801,333,78,2025-12-28,First Class,21F,383.52,Completed
4802,1,349,2025-09-28,Economy,2F,157.14,Confirmed
4803,343,495,2026-11-01,Economy,4E,759.35,Completed
4804,288,303,2026-03-20,Economy,34E,434.05,Cancelled
4805,12,150,2025-12-22,Premium Economy,12E,1351.73,Completed
4806,290,708,2026-02-26,Premium Economy,26D,957.09,Confirmed
4807,400,404,2025-10-08,Economy,22B,282.22,Confirmed
4808,183,15,2025-12-16,Premium Economy,9A,789.06,Confirmed
4809,319,840,2025-11-29,First Class,14D,1898.3,Confirmed
4810,143,227,2026-01-29,Economy,35D,435.33,Confirmed
4811,383,911,2025-12-08,Premium Economy,28E,181.82,Cancelled
4812,184,295,2026-04-30,Economy,12D,293.17,Completed
4813,122,484,2026-11-11,First Class,18C,557.71,Completed
4814,421,351,2026-08-04,Economy,10B,218.34,Completed
4815,484,147,2025-11-10,Economy,26B,661.91,Completed
4816,33,140,2026-10-19,Business,15B,2083.48,Completed
4817,151,351,2026-08-30,First Class,12A,3701.26,Confirmed
4818,206,872,2026-02-06,Premium Economy,39E,258.12,Confirmed
4819,42,197,2026-01-13,Economy,20C,871.6,Confirmed
4820,183,271,2025-09-28,Premium Economy,35C,201.38,Confirmed
4821,436,582,2026-06-24,Premium Economy,30C,963.63,Completed
4822,46,504,2026-10-05,Economy,20C,383.25,Confirmed
4823,363,191,2026-07-24,Economy,19E,495.49,Confirmed
4824,406,96,2025-12-22,Economy,33C,340.97,Completed
4825,311,74,2026-06-11,Premium Economy,40C,1020.18,Completed
4826,202,398,2025-11-28,Premium Economy,32D,203.05,Completed
4827,357,798,2026-06-12,Premium Economy,21E,1203.23,Confirmed
4828,24,934,2025-11-28,First Class,13E,1468.76,Completed
4829,148,950,2026-09-15,Economy,1F,479.73,Confirmed
4830,298,377,2026-01-05,Economy,1E,581.8,Cancelled
4831,62,546,2026-10-17,Premium Economy,10B,1280.89,Confirmed
4832,399,568,2026-02-08,Economy,33E,798.6,Cancelled
4833,293,322,2025-08-04,Economy,20B,601.86,Confirmed
4834,216,799,2026-08-24,Economy,8B,249.98,Confirmed
4835,219,715,2026-03-08,Economy,19A,258.02,Confirmed
4836,72,63,2026-03-24,First Class,40E,1012.67,Confirmed
4837,62,312,2026-03-11,Economy,35C,849.93,Confirmed
4838,360,693,2026-07-30,Business,35E,2671.91,Completed
4839,327,575,2026-03-23,Economy,14F,63.85,Completed
4840,298,135,2026-06-12,Economy,24F,766.25,Confirmed
4841,255,1,2026-04-24,Economy,14B,77.65,Cancelled
4842,114,622,2025-12-18,Premium Economy,4E,649.36,Confirmed
4843,231,330,2026-04-23,Economy,19D,711.72,Confirmed
4844,320,347,2026-02-05,Economy,16E,55.15,Completed
4845,477,895,2026-02-02,Economy,11B,536.54,Completed
4846,279,566,2026-03-09,Economy,11E,188.82,Confirmed
4847,392,72,2025-11-02,First Class,37E,207.39,Cancelled
4848,304,614,2026-07-05,Economy,26A,424.73,Confirmed
4849,489,494,2025-11-12,Economy,32E,235.4,Cancelled
4850,14,308,2026-08-15,Economy,13F,318.29,Completed
4851,226,156,2025-12-27,First Class,17F,657.82,Completed
4852,59,842,2025-11-14,Economy,12C,313.14,Confirmed
4853,312,234,2026-08-05,Economy,8D,1098.51,Cancelled
4854,372,921,2026-05-14,Business,17E,2072.7,Confirmed
4855,430,3,2026-10-09,Economy,19D,310.38,Completed
4856,186,393,2026-06-18,First Class,11F,2040.75,Cancelled
4857,205,745,2026-09-04,Business,28F,2321.2,Confirmed
4858,465,446,2025-09-26,Economy,18D,744.14,Confirmed
4859,160,447,2025-12-03,Economy,24D,438.57,Confirmed
4860,399,281,2026-10-20,Economy,39B,152.26,Confirmed
4861,121,962,2025-09-18,First Class,28C,4065.48,Confirmed
4862,125,307,2026-01-23,Economy,31A,138.82,Confirmed
4863,6,733,2026-06-15,First Class,15F,2823.73,Cancelled
4864,300,750,2025-08-15,First Class,4C,3528.87,Confirmed
4865,391,792,2026-06-05,Premium Economy,24D,942.59,Confirmed
4866,216,125,2025-10-25,Business,19F,2475.01,Cancelled
4867,172,291,2026-01-18,Economy,25B,520.28,Cancelled
4868,452,824,2026-04-10,First Class,37D,2393.76,Completed
4869,332,307,2025-11-17,Economy,13F,374.0,Confirmed
4870,332,849,2026-12-01,First Class,11A,273.61,Cancelled
4871,157,784,2025-12-11,Economy,24B,694.45,Confirmed
4872,25,656,2026-03-19,Economy,8B,840.74,Completed
4873,477,951,2026-01-29,Economy,26D,807.78,Confirmed
4874,137,945,2025-12-20,Economy,19C,557.66,Completed
4875,262,824,2026-07-03,Premium Economy,22A,583.22,Confirmed
4876,339,237,2026-01-10,Business,17C,1931.81,Confirmed
4877,76,783,2025-12-26,Economy,29B,523.24,Completed
4878,74,110,2026-08-26,First Class,33F,770.56,Completed
4879,387,816,2026-06-21,Business,2D,1870.04,Completed
4880,251,384,2026-05-02,Economy,27E,695.0,Confirmed
4881,309,717,2025-11-16,Economy,35F,640.35,Confirmed
4882,491,475,2025-12-12,Premium Economy,7C,268.8,Cancelled
4883,81,252,2026-07-05,Economy,7B,854.34,Confirmed
4884,326,989,2025-11-12,Premium Economy,11C,1402.32,Completed
4885,354,587,2026-03-02,Economy,40B,578.05,Completed
4886,481,951,2026-02-19,First Class,40E,616.3,Cancelled
4887,410,876,2026-03-29,Economy,8A,489.46,Cancelled
4888,301,108,2025-12-01,Business,11E,1613.07,Confirmed
4889,304,480,2026-01-21,Economy,6A,599.52,Confirmed
4890,40,732,2025-09-26,Business,22D,1501.7,Confirmed
4891,91,979,2025-12-30,Premium Economy,15E,1206.57,Confirmed
4892,94,884,2026-03-24,Premium Economy,28C,1406.1,Confirmed
4893,416,755,2026-01-26,Business,23A,1836.12,Confirmed
4894,293,98,2026-09-21,Economy,13A,987.73,Confirmed
4895,500,331,2026-03-04,First Class,19B,3059.61,Confirmed
4896,295,548,2026-04-17,Economy,26C,479.06,Confirmed
4897,279,72,2025-12-26,Economy,38B,616.85,Confirmed
4898,90,460,2026-03-29,Premium Economy,9F,732.03,Confirmed
4899,195,634,2026-04-26,Premium Economy,8E,269.62,Confirmed
4900,126,519,2025-12-06,Business,32A,1840.96,Confirmed
4901,97,73,2026-02-06,First Class,2E,1878.09,Confirmed
4902,28,542,2026-03-10,Business,16F,1088.44,Cancelled
4903,300,503,2026-03-27,Economy,8C,342.55,Completed
4904,329,779,2026-09-04,Economy,17F,1037.37,Confirmed
4905,276,929,2026-01-05,Premium Economy,37B,1235.22,Completed
4906,313,991,2025-09-15,Economy,37D,547.98,Completed
4907,336,22,2026-03-14,First Class,29A,2506.54,Confirmed
4908,72,186,2026-05-26,Economy,8C,718.44,Completed
4909,258,355,2025-10-20,Premium Economy,30D,1525.76,Confirmed
4910,445,673,2026-07-09,Business,3B,543.46,Completed
4911,109,639,2026-01-11,Premium Economy,39E,369.17,Confirmed
4912,316,213,2025-08-25,First Class,29E,3166.95,Confirmed
4913,265,737,2026-05-26,Economy,5A,896.53,Completed
4914,2,106,2025-09-21,Economy,29B,229.46,Completed
4915,126,499,2025-08-27,First Class,3E,212.86,Completed
4916,353,897,2026-07-06,First Class,2A,2099.39,Confirmed
4917,422,354,2025-07-23,Economy,37B,854.29,Confirmed
4918,104,346,2026-06-16,Business,35D,1340.41,Cancelled
4919,137,195,2026-03-07,Economy,26C,593.27,Confirmed
4920,224,653,2026-07-20,Economy,12D,654.77,Completed
4921,235,527,2025-12-15,Economy,28F,347.41,Confirmed
4922,77,304,2026-05-25,Premium Economy,23D,1543.4,Confirmed
4923,305,920,2026-01-31,Economy,39D,163.56,Confirmed
4924,165,413,2026-03-02,Economy,5F,413.55,Completed
4925,145,721,2026-02-03,Economy,18A,874.38,Cancelled
4926,385,574,2025-11-23,Business,25E,2525.7,Cancelled
4927,371,817,2025-10-20,Premium Economy,15D,756.41,Confirmed
4928,237,844,2026-05-06,Economy,13A,525.12,Cancelled
4929,495,758,2026-12-08,Premium Economy,16B,919.46,Completed
4930,388,377,2025-09-16,Economy,36D,801.51,Completed
4931,29,969,2026-04-25,Business,5E,1233.86,Confirmed
4932,478,435,2025-11-09,Premium Economy,31F,1213.91,Confirmed
4933,211,108,2026-01-27,Economy,11D,246.2,Cancelled
4934,413,25,2026-11-03,Economy,22C,360.57,Cancelled
4935,302,148,2026-03-26,First Class,26D,2826.69,Confirmed
4936,251,972,2025-12-10,First Class,32F,3620.19,Confirmed
4937,420,847,2026-07-17,Economy,24A,456.2,Confirmed
4938,30,190,2025-11-27,Premium Economy,15D,207.07,Completed
4939,358,56,2026-10-15,Premium Economy,19B,652.97,Confirmed
4940,455,631,2026-02-03,Business,18F,511.09,Cancelled
4941,490,999,2025-12-31,First Class,10F,573.91,Confirmed
4942,31,682,2026-01-01,Business,16A,771.13,Confirmed
4943,454,615,2026-05-26,Business,10B,2689.4,Confirmed
4944,391,387,2026-08-10,Economy,25C,937.74,Confirmed
4945,322,161,2026-03-14,Premium Economy,30F,141.43,Cancelled
4946,119,999,2026-03-07,Business,13D,196.57,Confirmed
4947,317,93,2025-12-23,Business,29B,2086.65,Confirmed
4948,405,342,2026-09-16,First Class,8C,1995.23,Confirmed
4949,17,589,2026-01-12,Premium Economy,32E,1420.73,Confirmed
4950,412,160,2025-10-12,Premium Economy,19E,226.36,Completed
4951,427,155,2026-07-26,First Class,31B,1427.12,Confirmed
4952,245,414,2026-04-19,Economy,2D,880.81,Confirmed
4953,40,320,2025-11-29,First Class,30F,2515.53,Completed
4954,225,275,2026-01-16,First Class,4C,2490.61,Confirmed
4955,327,237,2025-10-12,Premium Economy,1A,787.23,Confirmed
4956,115,464,2026-11-10,Economy,10E,351.91,Confirmed
4957,93,193,2025-12-10,Economy,6B,394.37,Completed
4958,490,850,2026-05-21,Premium Economy,5E,612.23,Confirmed
4959,450,673,2026-10-26,Economy,30C,348.2,Confirmed
4960,255,112,2026-03-19,Business,30F,2602.28,Confirmed
4961,482,962,2025-10-03,Economy,29C,494.13,Cancelled
4962,431,737,2026-08-14,First Class,35F,2676.91,Confirmed
4963,104,417,2026-07-24,Economy,32B,493.71,Completed
4964,125,870,2026-08-26,Business,4F,1840.67,Confirmed
4965,352,497,2025-12-03,Business,2B,1971.87,Confirmed
4966,126,269,2026-01-10,Premium Economy,23E,1137.92,Confirmed
4967,289,460,2026-05-26,Economy,15E,173.36,Confirmed
4968,91,565,2026-06-23,First Class,12A,419.61,Confirmed
4969,184,938,2026-07-06,Economy,2D,633.36,Confirmed
4970,289,451,2025-12-06,Economy,37C,524.87,Confirmed
4971,74,416,2026-06-26,First Class,26B,813.08,Confirmed
4972,235,580,2026-07-08,Economy,8D,504.57,Confirmed
4973,74,23,2026-01-28,First Class,27F,854.77,Confirmed
4974,242,33,2025-12-29,Economy,23A,483.01,Confirmed
4975,12,467,2025-10-22,Premium Economy,20E,778.28,Confirmed
4976,440,244,2026-07-05,First Class,15E,3225.55,Completed
4977,106,439,2025-12-03,Business,5A,1686.67,Confirmed
4978,456,845,2026-02-23,Business,33C,870.27,Completed
4979,192,402,2026-08-21,Business,31F,1079.65,Confirmed
4980,42,863,2026-06-19,Premium Economy,36F,1004.59,Completed
4981,110,654,2026-05-19,Business,19E,2400.9,Completed
4982,366,211,2026-02-13,Premium Economy,22F,1187.7,Confirmed
4983,90,936,2026-01-02,Economy,39F,646.04,Completed
4984,37,861,2026-05-31,Economy,31D,87.3,Confirmed
4985,58,4,2026-05-28,Premium Economy,29B,1181.7,Cancelled
4986,289,4,2026-05-13,Economy,12A,687.41,Confirmed
4987,304,622,2026-01-04,Economy,17E,926.9,Cancelled
4988,65,694,2026-04-20,Economy,34C,200.17,Confirmed
4989,69,702,2026-05-18,First Class,9A,3799.93,Completed
4990,241,287,2026-02-02,Economy,21A,567.79,Confirmed
4991,422,616,2026-08-27,Economy,36C,755.08,Confirmed
4992,169,475,2026-01-27,Business,26E,2382.63,Confirmed
4993,114,778,2025-11-02,Business,32E,1778.73,Completed
4994,346,412,2026-04-07,Business,1C,2227.39,Confirmed
4995,67,677,2026-08-28,Premium Economy,10F,833.77,Completed
4996,359,455,2025-09-25,Economy,1B,189.82,Confirmed
4997,305,886,2025-08-25,Economy,29C,790.86,Cancelled
4998,300,484,2026-09-11,First Class,29B,532.03,Confirmed
4999,409,637,2026-06-13,Economy,7C,580.3,Cancelled
5000,65,641,2026-04-12,Economy,23E,656.86,Confirmed
